file,name,lang,needs_more,ctx_expected,ctx_p_ge2,best_context_rel
core/src/transport/nat.rs,test_peer_discovery_no_peers,rust,0.92,2.86,0.99,sibling
core/src/bin/gen_kotlin.rs,main,rust,0.92,2.82,0.95,sibling
android/app/src/main/java/com/scmessenger/android/service/MeshSyncWorker.kt,getMeshRepository,kotlin,0.94,2.81,0.99,caller
core/src/transport/nat.rs,test_detect_nat_type_with_peers,rust,0.91,2.8,0.99,sibling
core/src/transport/nat.rs,test_get_external_address_from_peer,rust,0.92,2.79,0.9800000000000001,sibling
core/src/transport/nat.rs,test_probe_nat,rust,0.91,2.79,0.99,sibling
core/tests/integration_all_phases.rs,test_all_six_phases_integrated,rust,0.93,2.75,0.99,sibling
android/app/src/androidTest/java/com/scmessenger/android/data/MeshRepositoryHistoryTest.kt,messageHistory_persistsAcrossAppRestart,kotlin,0.92,2.74,0.99,sibling
core/src/bin/gen_swift.rs,main,rust,0.92,2.74,0.94,sibling
desktop_bridge/src/bin/gen_kotlin.rs,main,rust,0.92,2.74,0.9299999999999999,sibling
android/app/src/main/java/com/scmessenger/android/data/MeshRepository.kt,isPublicInternetMultiaddr,kotlin,0.9,2.69,0.97,caller
android/shared/src/commonMain/kotlin/com/scmessenger/shared/platform/PlatformNotifier.kt,notify,kotlin,0.91,2.67,0.96,caller
iOS/SCMessenger/SCMessenger/Data/MeshRepository.swift,attemptDirectSwarmDelivery,swift,0.92,2.65,0.99,caller
android/app/src/main/java/com/scmessenger/android/utils/BackoffStrategy.kt,reset,kotlin,0.91,2.63,0.97,sibling
core/tests/test_address_observation.rs,test_address_observation_between_peers,rust,0.91,2.62,0.98,sibling
iOS/SCMessengerTests/NotificationVerificationTests.swift,testSilentNotificationSetup,swift,0.91,2.62,0.98,callee
iOS/SCMessengerTests/NotificationVerificationTests.swift,testConstraintHandling,swift,0.91,2.62,0.9600000000000001,callee
core/src/iron_core.rs,update_keepalive,rust,0.91,2.61,0.96,caller
android/shared/src/commonMain/kotlin/com/scmessenger/shared/platform/PlatformNetworking.kt,start,kotlin,0.92,2.6,0.96,sibling
cli/src/main.rs,auto_reply_is_limited_to_one_ack_per_message_id,rust,0.9,2.6,0.9299999999999999,none
wasm/src/daemon_bridge.rs,cancel_request,rust,0.91,2.59,0.97,sibling
iOS/SCMessengerTests/NotificationVerificationTests.swift,testNotificationRouteTargetChat,swift,0.9,2.58,0.97,callee
core/src/dspy/modules.rs,run_optimization,rust,0.9,2.57,0.97,none
core/tests/integration_e00_drift_v2_diag.rs,test_drift_v2_ratchet_roundtrip_diagnostic,rust,0.91,2.55,0.97,callee
iOS/SCMessengerTests/NotificationVerificationTests.swift,testBadgeCountUpdate,swift,0.89,2.53,0.96,callee
wasm/src/mesh.rs,test_concurrent_sync_fails,rust,0.9,2.53,0.97,sibling
cli/src/main.rs,test_relay_healthy_from_ts_never_established,rust,0.89,2.52,0.9299999999999999,none
cli/src/main.rs,test_relay_healthy_from_ts_recent,rust,0.88,2.52,0.92,none
cli/src/main.rs,auto_reply_never_answers_machine_messages,rust,0.9,2.52,0.95,none
cli/src/main.rs,test_relay_healthy_from_ts_stale,rust,0.88,2.51,0.9299999999999999,none
core/src/relay/bootstrap.rs,test_invite_payload_v1_compatibility,rust,0.87,2.51,0.96,sibling
core/src/relay/bootstrap.rs,test_invite_payload_v2_dual_sig_verification,rust,0.87,2.5,0.9500000000000001,sibling
core/src/transport/mesh_routing.rs,test_reputation_calculation,rust,0.88,2.5,0.9400000000000001,callee
core/tests/kani/ratchet_symmetry.rs,prove_pq_ratchet_symmetry,rust,0.88,2.5,0.9199999999999999,callee
android/shared/src/commonMain/kotlin/com/scmessenger/shared/platform/PlatformNetworking.kt,sendMessage,kotlin,0.91,2.49,0.9299999999999999,caller
android/app/src/main/java/com/scmessenger/android/data/MeshRepository.kt,attemptDirectSwarmDelivery,kotlin,0.91,2.48,0.98,callee
core/src/relay/bootstrap.rs,test_invite_payload_require_pq_rejects_v1,rust,0.87,2.48,0.96,sibling
iOS/SCMessengerTests/NotificationVerificationTests.swift,testNotificationRouteTargetRequests,swift,0.9,2.48,0.9400000000000001,callee
core/src/mobile_bridge.rs,is_peer_abusive,rust,0.88,2.47,0.93,callee
core/tests/test_v1_bincode_downgrade_forgery.rs,test_v1_bincode_downgrade_forgery,rust,0.9,2.47,0.94,callee
android/app/src/test/java/com/scmessenger/android/utils/PeerIdValidatorTest.kt,`accepts well formed ed25519 identity multihash peer ids`,kotlin,0.89,2.46,0.94,callee
core/tests/integration_pq_session.rs,test_pq_ratchet_cadence_refreshes_shared_secret,rust,0.9,2.46,0.9299999999999999,callee
android/app/src/test/java/com/scmessenger/android/utils/PeerIdValidatorTest.kt,`accepts well formed sha256 multihash peer ids`,kotlin,0.89,2.45,0.9299999999999999,callee
iOS/SCMessengerTests/NotificationVerificationTests.swift,testMarkAsReadAction,swift,0.9,2.45,0.95,callee
core/src/iron_core.rs,step2_test_sender_id_uses_public_key_not_identity_id,rust,0.9,2.44,0.96,callee
core/src/mobile_bridge.rs,pause_reentrant_platform_callback_does_not_deadlock,rust,0.89,2.44,0.95,callee
core/src/mobile_bridge.rs,is_peer_suspicious,rust,0.89,2.43,0.94,callee
iOS/SCMessengerTests/NotificationVerificationTests.swift,testNotificationTapHandling,swift,0.89,2.43,0.94,sibling
android/app/src/main/java/com/scmessenger/android/utils/PeerIdValidator.kt,isIdentityId,kotlin,0.86,2.42,0.91,sibling
core/src/dspy/modules.rs,test_multihop_recall,rust,0.88,2.42,0.9299999999999999,sibling
core/src/iron_core.rs,classify_notification,rust,0.9,2.42,0.92,callee
core/src/identity/mod.rs,signature_fingerprint,rust,0.89,2.42,0.9199999999999999,caller
core/src/mobile_bridge.rs,on_entering_background,rust,0.89,2.41,0.95,caller
core/src/mobile_bridge.rs,wifi_aware_publish,rust,0.88,2.41,0.92,caller
core/src/transport/swarm.rs,addr_targets_self_detects_own_listeners_and_loopback_only,rust,0.9,2.41,0.85,none
core/src/transport/wifi_direct.rs,set_on_message_received,rust,0.9,2.41,0.9199999999999999,sibling
iOS/SCMessengerTests/NotificationVerificationTests.swift,testBackgroundAndForegroundIntegration,swift,0.9,2.41,0.95,callee
core/src/mobile_bridge.rs,auto_block_unexempt_peer,rust,0.89,2.4,0.9299999999999999,callee
core/src/transport/bootstrap.rs,bootstrap,rust,0.91,2.4,0.97,callee
core/tests/integration_ratchet_persistence.rs,ratchet_persistence_zeroizes_json,rust,0.87,2.4,0.9,sibling
core/src/mobile_bridge.rs,wifi_direct_remove_group,rust,0.89,2.39,0.89,callee
iOS/SCMessengerTests/NotificationVerificationTests.swift,testMarkConversationRead,swift,0.9,2.39,0.93,callee
android/shared/src/commonMain/kotlin/com/scmessenger/shared/platform/PlatformStorage.kt,remove,kotlin,0.9,2.38,0.88,sibling
iOS/SCMessengerTests/NotificationVerificationTests.swift,testProcessingTimeMeasurement,swift,0.88,2.38,0.9299999999999999,callee
core/tests/integration_ledger_seeding_hardening.rs,ledger_exchange_response_is_capped_topic_free_and_address_filtered,rust,0.88,2.38,0.9299999999999999,sibling
android/shared/src/commonMain/kotlin/com/scmessenger/shared/platform/PlatformNetworking.kt,stop,kotlin,0.91,2.37,0.89,sibling
core/src/dspy/modules.rs,execute,rust,0.91,2.37,0.9099999999999999,caller
core/src/dspy/teleprompt.rs,optimize,rust,0.89,2.37,0.9299999999999999,sibling
core/src/mobile_bridge.rs,auto_block_exempt_peer,rust,0.89,2.37,0.92,callee
core/src/mobile_bridge.rs,send_ble_packet,rust,0.88,2.37,0.89,callee
core/src/mobile_bridge.rs,wifi_direct_remove_group,rust,0.89,2.37,0.89,callee
core/src/mobile_bridge.rs,wifi_direct_remove_group,rust,0.89,2.37,0.88,callee
core/src/relay/bootstrap.rs,test_invite_payload_creation,rust,0.88,2.37,0.9199999999999999,sibling
core/src/transport/swarm.rs,failover_ledger_reexchange_cooldown_persists_across_full_disconnect,rust,0.88,2.37,0.9099999999999999,callee
core/src/transport/wifi_direct.rs,set_on_message_received,rust,0.91,2.37,0.8999999999999999,sibling
iOS/SCMessenger/SCMessenger/Views/Dashboard/MeshDashboardView.swift,loadDashboardDataAsync,swift,0.9,2.37,0.95,callee
iOS/SCMessenger/SCMessenger/Views/Dashboard/MeshDashboardView.swift,refreshPeersFromRepositoryAsync,swift,0.9,2.37,0.95,callee
iOS/SCMessengerTests/NotificationVerificationTests.swift,testNotificationWithBadge,swift,0.89,2.37,0.94,sibling
android/app/src/main/java/com/scmessenger/android/utils/BackoffStrategy.kt,nextDelay,kotlin,0.85,2.36,0.8999999999999999,sibling
android/shared/src/commonMain/kotlin/com/scmessenger/shared/platform/PlatformNetworking.kt,getDiscoveredPeers,kotlin,0.9,2.36,0.89,caller
android/app/src/main/java/com/scmessenger/android/data/MeshRepository.kt,isBootstrapRelayPeer,kotlin,0.88,2.35,0.8899999999999999,caller
android/app/src/main/java/com/scmessenger/android/ui/viewmodels/ContactsViewModel.kt,observeNearbyPeers,kotlin,0.9,2.35,0.94,callee
core/src/mobile_bridge.rs,set_on_message_received,rust,0.9,2.35,0.9,sibling
core/src/mobile_bridge.rs,send_ble_packet,rust,0.88,2.35,0.8899999999999999,caller
core/src/mobile_bridge.rs,on_proximity_data_received,rust,0.9,2.35,0.8999999999999999,caller
core/src/transport/addr_filter.rs,is_dialable_trusted_local_proxy_parsed,rust,0.88,2.35,0.91,callee
core/src/transport/wifi_direct.rs,set_on_connection_info,rust,0.89,2.35,0.9099999999999999,caller
iOS/SCMessenger/SCMessenger/Transport/MultipeerTransport.swift,session,swift,0.91,2.35,0.9099999999999999,callee
core/src/dspy/modules.rs,recall,rust,0.9,2.34,0.9199999999999999,caller
core/src/mobile_bridge.rs,wifi_aware_create_data_path,rust,0.88,2.34,0.9,caller
core/src/mobile_bridge.rs,wifi_aware_stop,rust,0.88,2.34,0.88,caller
core/src/routing/optimized_engine.rs,test_negative_cache_integration,rust,0.9,2.34,0.9400000000000001,sibling
iOS/SCMessengerTests/NotificationVerificationTests.swift,testBadgeClear,swift,0.86,2.34,0.9099999999999999,callee
android/app/src/test/java/com/scmessenger/android/transport/ble/BleScannerTest.kt,pruneOldPeers_removesStaleEntries,kotlin,0.85,2.33,0.87,sibling
android/shared/src/commonMain/kotlin/com/scmessenger/shared/platform/PlatformNotifier.kt,clearNotifications,kotlin,0.91,2.33,0.9099999999999999,sibling
core/src/mobile_bridge.rs,drop,rust,0.9,2.33,0.89,none
core/src/mobile_bridge.rs,prune_stale_spam_peers,rust,0.88,2.33,0.9099999999999999,callee
core/src/mobile_bridge.rs,wifi_aware_publish,rust,0.89,2.33,0.87,caller
core/src/mobile_bridge.rs,wifi_aware_publish,rust,0.88,2.33,0.87,caller
wasm/src/daemon_bridge.rs,on_notification,rust,0.87,2.33,0.8999999999999999,caller
core/src/mobile_bridge.rs,recommended_behavior,rust,0.9,2.32,0.9,caller
core/src/mobile_bridge.rs,wifi_direct_remove_group,rust,0.89,2.32,0.8799999999999999,callee
core/src/mobile_bridge.rs,send_proximity_packet,rust,0.89,2.32,0.88,caller
core/src/mobile_bridge.rs,wifi_aware_publish,rust,0.87,2.32,0.87,caller
core/src/mobile_bridge.rs,send_proximity_packet,rust,0.87,2.32,0.88,caller
core/src/mobile_bridge.rs,wifi_aware_create_data_path,rust,0.88,2.32,0.89,caller
core/src/transport/swarm.rs,drop,rust,0.9,2.32,0.86,callee
android/shared/src/androidMain/kotlin/com/scmessenger/shared/platform/PlatformNetworking.android.kt,start,kotlin,0.88,2.31,0.8999999999999999,sibling
core/src/mobile_bridge.rs,wifi_direct_remove_group,rust,0.89,2.31,0.88,callee
core/src/mobile_bridge.rs,on_battery_changed,rust,0.88,2.31,0.87,caller
core/src/mobile_bridge.rs,send_proximity_packet,rust,0.89,2.31,0.88,caller
core/src/mobile_bridge.rs,send_ble_packet,rust,0.87,2.31,0.87,callee
core/src/mobile_bridge.rs,wifi_direct_remove_group,rust,0.89,2.31,0.87,callee
core/src/transport/ble/scanner.rs,test_duty_cycle_manager_aggressive_with_charging_and_wifi,rust,0.85,2.31,0.88,sibling
core/src/transport/swarm.rs,drop,rust,0.89,2.31,0.8600000000000001,callee
core/src/transport/wifi_aware.rs,unsubscribe_from_services,rust,0.88,2.31,0.88,caller
core/tests/integration_drift_mule.rs,mesh_store_merge_is_commutative,rust,0.85,2.31,0.87,callee
android/app/src/test/java/com/scmessenger/android/test/ReceiptWindowTest.kt,testWaitingBehaviorOnReceiptTimeout,kotlin,0.89,2.3,0.93,sibling
core/src/mobile_bridge.rs,drop,rust,0.88,2.3,0.87,caller
core/src/mobile_bridge.rs,set_some_during_detached_window_wins,rust,0.89,2.3,0.94,callee
core/src/mobile_bridge.rs,on_motion_changed,rust,0.87,2.3,0.8600000000000001,caller
core/src/mobile_bridge.rs,wifi_aware_stop,rust,0.89,2.3,0.85,caller
core/src/transport/wifi_aware.rs,unpublish_service,rust,0.88,2.3,0.8799999999999999,caller
wasm/src/transport.rs,test_webrtc_peer_creation,rust,0.86,2.3,0.91,callee
core/tests/test_v2_hybrid_envelope_forgery_is_rejected.rs,test_v2_hybrid_honest_sender_succeeds,rust,0.9,2.3,0.88,sibling
android/app/src/main/java/com/scmessenger/android/data/MeshRepository.kt,sendDeliveryReceiptAsync,kotlin,0.9,2.29,0.9299999999999999,caller
android/app/src/main/java/com/scmessenger/android/ui/components/EntropyCanvas.kt,EntropyCanvas,kotlin,0.9,2.29,0.93,sibling
core/examples/nat_reflection_demo.rs,main,rust,0.92,2.29,0.91,callee
core/src/mobile_bridge.rs,on_proximity_data_received,rust,0.9,2.29,0.88,caller
core/src/mobile_bridge.rs,send_proximity_packet,rust,0.89,2.29,0.87,caller
core/src/mobile_bridge.rs,on_proximity_data_received,rust,0.89,2.29,0.87,caller
iOS/SCMessengerTests/NotificationVerificationTests.swift,testNotificationWithSound,swift,0.88,2.29,0.93,sibling
android/app/src/main/java/com/scmessenger/android/ui/screens/DashboardScreen.kt,DashboardScreen,kotlin,0.88,2.28,0.9299999999999999,callee
android/app/src/main/java/com/scmessenger/android/ui/screens/DiagnosticsScreen.kt,DiagnosticsScreen,kotlin,0.88,2.28,0.9299999999999999,sibling
cli/src/ledger.rs,test_try_begin_dial_suppresses_unknown_when_relay_healthy,rust,0.88,2.28,0.88,callee
core/src/mobile_bridge.rs,send_ble_packet,rust,0.87,2.28,0.86,callee
core/src/mobile_bridge.rs,nested_same_event_echo_is_suppressed_not_redelivered,rust,0.87,2.28,0.91,callee
core/src/mobile_bridge.rs,send_ble_packet,rust,0.87,2.28,0.86,callee
core/tests/integration_local_mesh_node3.rs,set_on_message_received,rust,0.89,2.28,0.88,sibling
iOS/SCMessenger/SCMessenger/Generated/api.swift,createWriter,swift,0.87,2.28,0.7999999999999999,none
android/app/src/test/java/com/scmessenger/android/service/MeshLifecycleSerializationTest.kt,onStartCommand_delegatesToDecideCommand,kotlin,0.85,2.27,0.89,callee
android/shared/src/androidMain/kotlin/com/scmessenger/shared/platform/PlatformNotifier.android.kt,notify,kotlin,0.88,2.27,0.87,caller
core/src/mobile_bridge.rs,on_proximity_data_received,rust,0.9,2.27,0.87,caller
core/src/mobile_bridge.rs,on_motion_changed,rust,0.87,2.27,0.86,caller
core/src/mobile_bridge.rs,on_battery_changed,rust,0.88,2.27,0.85,caller
core/src/mobile_bridge.rs,on_motion_changed,rust,0.88,2.27,0.86,caller
core/src/mobile_bridge.rs,echoed_profile_during_window_is_ignored,rust,0.87,2.27,0.91,callee
core/src/routing/negative_cache.rs,test_reputation_exemption_boundary,rust,0.86,2.27,0.8799999999999999,callee
android/app/src/main/java/com/scmessenger/android/data/MeshRepository.kt,flushPendingOutbox,kotlin,0.9,2.26,0.9199999999999999,caller
android/app/src/main/java/com/scmessenger/android/ui/dialogs/NetworkStatusDialog.kt,NetworkStatusDialog,kotlin,0.89,2.26,0.9199999999999999,sibling
core/src/mobile_bridge.rs,same_thread_echo_after_intervening_stash_keeps_latest_state,rust,0.88,2.26,0.89,callee
core/src/store/relay_custody.rs,snapshot,rust,0.88,2.26,0.85,caller
core/src/transport/addr_filter.rs,locally_configured_dns_still_works,rust,0.87,2.26,0.88,sibling
core/src/transport/wifi_aware.rs,set_on_message_received,rust,0.9,2.26,0.89,sibling
android/app/src/test/java/com/scmessenger/android/test/ReceiptWindowTest.kt,testStateTransitionLogging,kotlin,0.87,2.25,0.89,callee
core/src/iron_core.rs,calculate_dynamic_ttl,rust,0.86,2.25,0.87,callee
core/src/iron_core.rs,lifecycle_concurrent_start_stop_keeps_running_and_drift_consistent,rust,0.88,2.25,0.91,sibling
core/src/mobile_bridge.rs,wifi_aware_stop,rust,0.89,2.25,0.8400000000000001,caller
core/src/mobile_bridge.rs,wifi_aware_create_data_path,rust,0.88,2.25,0.86,caller
core/src/mobile_bridge.rs,wifi_aware_stop,rust,0.88,2.25,0.8400000000000001,caller
core/src/transport/ble/scanner.rs,test_duty_cycle_manager_minimal_critical_battery,rust,0.85,2.25,0.8699999999999999,sibling
core/src/transport/mesh_routing.rs,test_reputation_probationary_period,rust,0.87,2.25,0.87,callee
core/src/transport/swarm.rs,global_candidate_cap_holds_across_all_tiers,rust,0.87,2.25,0.92,callee
core/tests/integration_mycorrhizal_routing.rs,test_evaluate_all_tracked_pruning,rust,0.87,2.25,0.9,callee
android/app/src/main/java/com/scmessenger/android/data/MeshRepository.kt,onMessageReceived,kotlin,0.9,2.24,0.9,callee
core/src/mobile_bridge.rs,set_on_data_path_confirmed,rust,0.89,2.24,0.87,sibling
core/src/mobile_bridge.rs,on_motion_changed,rust,0.88,2.24,0.86,caller
core/src/mobile_bridge.rs,wifi_aware_publish,rust,0.88,2.24,0.8500000000000001,caller
core/src/transport/reflection.rs,test_request_creation,rust,0.85,2.24,0.88,sibling
core/src/transport/wifi_aware.rs,create_data_path,rust,0.88,2.24,0.87,caller
core/tests/test_and06_live_key_corpus.rs,strictness_is_monotone_relative_to_the_lenient_decode,rust,0.85,2.24,0.88,sibling
android/app/src/main/java/com/scmessenger/android/ui/dialogs/ApkShareDialog.kt,ApkShareDialog,kotlin,0.91,2.23,0.9199999999999999,caller
core/src/dspy/modules.rs,execute,rust,0.9,2.23,0.89,sibling
core/src/iron_core.rs,relay_jitter_delay_respects_low_bounds,rust,0.87,2.23,0.87,sibling
core/src/mobile_bridge.rs,wifi_aware_create_data_path,rust,0.88,2.23,0.86,caller
core/src/mobile_bridge.rs,on_motion_changed,rust,0.88,2.23,0.85,caller
core/src/mobile_bridge.rs,wifi_aware_publish,rust,0.87,2.23,0.8400000000000001,caller
core/src/store/sweeper.rs,test_sweep_all_expired_messages,rust,0.88,2.23,0.9000000000000001,sibling
android/app/src/test/java/com/scmessenger/android/test/ReceiptWindowTest.kt,testNonAckedMessagesCanStillFail,kotlin,0.87,2.22,0.89,callee
core/src/iron_core.rs,reset_circuit_breakers,rust,0.89,2.22,0.9299999999999999,callee
core/src/mobile_bridge.rs,auto_block_is_exempt,rust,0.86,2.22,0.87,callee
core/src/mobile_bridge.rs,get_reputation_score,rust,0.88,2.22,0.89,callee
core/src/mobile_bridge.rs,wifi_aware_stop,rust,0.88,2.22,0.83,caller
core/src/store/ledger_entry.rs,annotate_identity_locked,rust,0.88,2.22,0.9199999999999999,caller
iOS/SCMessengerTests/NotificationVerificationTests.swift,testNotificationResponseHandling,swift,0.87,2.22,0.8600000000000001,callee
android/app/src/main/java/com/scmessenger/android/data/MeshRepository.kt,markCorrupted,kotlin,0.88,2.21,0.8700000000000001,caller
core/src/crypto/ratchet.rs,test_ratchet_key_zeroizes,rust,0.82,2.21,0.81,callee
core/src/dspy/signatures.rs,new,rust,0.89,2.21,0.8500000000000001,callee
core/src/mobile_bridge.rs,wifi_aware_stop,rust,0.88,2.21,0.83,caller
core/src/mobile_bridge.rs,wifi_direct_connect,rust,0.87,2.21,0.85,caller
core/src/mobile_bridge.rs,reentrant_restash_during_drain_is_bounded_and_delivered,rust,0.87,2.21,0.88,callee
core/src/mobile_bridge.rs,wifi_aware_create_data_path,rust,0.88,2.21,0.8400000000000001,caller
core/src/mobile_bridge.rs,wifi_aware_subscribe,rust,0.86,2.21,0.85,caller
core/src/mobile_bridge.rs,on_battery_changed,rust,0.88,2.21,0.8400000000000001,caller
core/src/mobile_bridge.rs,wifi_aware_subscribe,rust,0.86,2.21,0.85,caller
core/tests/integration_wifi_aware.rs,test_wifi_aware_peer_discovered_triggers_data_path_and_dial,rust,0.88,2.21,0.8800000000000001,sibling
android/app/src/test/java/com/scmessenger/android/test/ContactsViewModelTest.kt,`loadContacts populates contacts state`,kotlin,0.89,2.2,0.87,sibling
android/app/src/test/java/com/scmessenger/android/ui/viewmodels/MeshServiceViewModelTest.kt,`isRunning is false when state is STOPPED`,kotlin,0.87,2.2,0.8400000000000001,sibling
core/src/mobile_bridge.rs,on_battery_changed,rust,0.87,2.2,0.8999999999999999,caller
core/src/mobile_bridge.rs,on_proximity_data_received,rust,0.89,2.2,0.8400000000000001,caller
core/src/store/relay_custody.rs,filesystem_usage_bytes,rust,0.88,2.2,0.8300000000000001,caller
core/src/transport/wifi_aware.rs,set_on_data_path_confirmed,rust,0.9,2.2,0.86,none
wasm/src/transport.rs,test_websocket_relay_creation,rust,0.86,2.2,0.86,callee
cli/src/api.rs,handle_trigger_discovery_scan,rust,0.9,2.19,0.85,none
cli/src/bootstrap.rs,test_merge_deduplicates_by_ip,rust,0.86,2.19,0.86,sibling
core/src/iron_core.rs,custody_store_for_peer,rust,0.87,2.19,0.84,callee
core/src/mobile_bridge.rs,register_device_id,rust,0.88,2.19,0.8999999999999999,caller
core/src/mobile_bridge.rs,wifi_direct_discover_peers,rust,0.86,2.19,0.8300000000000001,callee
core/src/mobile_bridge.rs,wifi_direct_connect,rust,0.85,2.19,0.8400000000000001,callee
core/src/mobile_bridge.rs,distinct_lifecycle_event_during_window_is_coalesced,rust,0.87,2.19,0.86,callee
core/src/transport/mesh_routing.rs,a_single_prune_pass_does_not_sacrifice_the_smallest_holder,rust,0.85,2.19,0.8700000000000001,sibling
core/tests/integration_dial_policy.rs,test_dial_policy_prune_old_entries,rust,0.87,2.19,0.8999999999999999,callee
core/tests/test_mesh_routing.rs,test_phases_3_through_6_integration,rust,0.82,2.19,0.78,sibling
core/src/transport/internet.rs,test_nat_traversal_relay_circuit,rust,0.9,2.19,0.8800000000000001,callee
core/src/mobile_bridge.rs,on_ble_data_received,rust,0.87,2.18,0.8400000000000001,caller
core/src/mobile_bridge.rs,wifi_direct_discover_peers,rust,0.85,2.18,0.8200000000000001,caller
core/src/mobile_bridge.rs,wifi_direct_connect,rust,0.84,2.18,0.8200000000000001,caller
wasm/src/lib.rs,get_nat_status,rust,0.87,2.18,0.84,caller
core/src/iron_core.rs,override_relay_priority_threshold,rust,0.87,2.17,0.8600000000000001,callee
core/src/mobile_bridge.rs,wifi_aware_subscribe,rust,0.86,2.17,0.84,caller
core/src/mobile_bridge.rs,on_ble_data_received,rust,0.86,2.17,0.83,callee
core/src/mobile_bridge.rs,on_motion_changed,rust,0.87,2.17,0.8300000000000001,caller
core/src/mobile_bridge.rs,wifi_direct_discover_peers,rust,0.85,2.17,0.8200000000000001,callee
core/src/mobile_bridge.rs,wifi_direct_connect,rust,0.85,2.17,0.8300000000000001,caller
core/src/transport/relay_health.rs,test_relay_metrics_priority_score,rust,0.84,2.17,0.8600000000000001,sibling
iOS/SCMessengerTests/NotificationVerificationTests.swift,testNotificationCategoriesSetup,swift,0.88,2.17,0.8899999999999999,sibling
android/app/src/main/java/com/scmessenger/android/data/MeshRepository.kt,isKnownRelay,kotlin,0.87,2.16,0.8300000000000001,caller
core/src/mobile_bridge.rs,wifi_direct_discover_peers,rust,0.84,2.16,0.8200000000000001,caller
core/src/mobile_bridge.rs,wifi_direct_connect,rust,0.85,2.16,0.8200000000000001,caller
core/src/routing/engine.rs,test_route_redundant,rust,0.87,2.16,0.8500000000000001,sibling
core/src/transport/manager.rs,get_all_observed_connections,rust,0.9,2.16,0.92,callee
core/src/crypto/encrypt.rs,test_should_use_ratcheted_encryption_v2_peer_no_suite_02_with_session,rust,0.86,2.16,0.8400000000000001,callee
android/app/src/main/java/com/scmessenger/android/data/MeshRepository.kt,onPeerIdentified,kotlin,0.9,2.15,0.9,callee
core/src/mobile_bridge.rs,update_device_state,rust,0.89,2.15,0.88,callee
core/src/mobile_bridge.rs,wifi_direct_connect,rust,0.84,2.15,0.81,caller
core/src/mobile_bridge.rs,wifi_aware_create_data_path,rust,0.87,2.15,0.8200000000000001,caller
cli/src/ble_mesh.rs,subscribe_ingress_for_peripheral,rust,0.89,2.14,0.89,sibling
cli/tests/integration_peer_identified_gate.rs,the_handler_is_the_same_function_for_both_cli_commands,rust,0.85,2.14,0.8,callee
core/src/drift/policy.rs,test_should_reduce_true_for_reduced,rust,0.83,2.14,0.8400000000000001,sibling
core/src/iron_core.rs,relay_jitter_delay_respects_high_bounds,rust,0.86,2.14,0.8200000000000001,none
core/src/mobile_bridge.rs,wifi_aware_subscribe,rust,0.86,2.14,0.8300000000000001,caller
core/src/mobile_bridge.rs,wifi_direct_create_group,rust,0.85,2.14,0.81,caller
core/tests/integration_ledger_seeding_hardening.rs,the_exchange_request_and_response_payloads_are_the_same_function,rust,0.84,2.14,0.81,callee
iOS/SCMessengerTests/OutboxRetryPolicyTests.swift,testAcknowledgedReceiptRetryScheduleMatchesAndroidParity,swift,0.79,2.14,0.8300000000000001,callee
android/app/src/main/java/com/scmessenger/android/data/MeshRepository.kt,upsertFederatedContact,kotlin,0.89,2.13,0.89,callee
android/app/src/main/java/com/scmessenger/android/service/AndroidPlatformBridge.kt,onBleDataReceived,kotlin,0.89,2.13,0.91,callee
android/app/src/main/java/com/scmessenger/android/ui/viewmodels/DashboardViewModel.kt,loadPeers,kotlin,0.9,2.13,0.89,caller
cli/src/ble_daemon.rs,test_ble_daemon_fallback_logic,rust,0.85,2.13,0.8400000000000001,sibling
core/src/iron_core.rs,auto_block_unexempt_peer,rust,0.88,2.13,0.8400000000000001,callee
core/src/iron_core.rs,relay_jitter_delay_defaults_unknown_to_normal_bounds,rust,0.85,2.13,0.8200000000000001,sibling
core/src/mobile_bridge.rs,on_proximity_data_received,rust,0.89,2.13,0.8,caller
core/src/mobile_bridge.rs,set_none_during_detached_window_wins,rust,0.87,2.13,0.8500000000000001,callee
core/src/mobile_bridge.rs,on_entering_background,rust,0.86,2.13,0.78,caller
core/src/mobile_bridge.rs,send_proximity_packet,rust,0.87,2.13,0.8,caller
core/src/mobile_bridge.rs,wifi_aware_subscribe,rust,0.86,2.13,0.8200000000000001,caller
core/tests/integration_drift_mule.rs,mesh_store_eviction_at_capacity,rust,0.85,2.13,0.8300000000000001,callee
iOS/SCMessenger/SCMessenger/Transport/SmartTransportRouter.swift,attemptDelivery,swift,0.88,2.13,0.88,caller
iOS/SCMessengerTests/NotificationVerificationTests.swift,testCompleteNotificationWorkflow,swift,0.88,2.13,0.89,sibling
wasm/src/transport.rs,test_websocket_relay_subscribe_before_connect,rust,0.86,2.13,0.8400000000000001,callee
core/tests/integration_wan_swarm_node2.rs,test_transport_manager_reconnection_backoff_and_tick,rust,0.88,2.13,0.8300000000000001,callee
android/app/src/main/java/com/scmessenger/android/data/MeshRepository.kt,addMessage,kotlin,0.88,2.12,0.88,callee
cli/src/ble_mesh.rs,ingest_unfragmented_passthrough,rust,0.85,2.12,0.81,sibling
core/tests/test_multiport.rs,test_bind_analysis_moderate_connectivity,rust,0.86,2.12,0.8400000000000001,callee
core/tests/integration_pq_verification_suite.rs,test_pqc_01_hybrid_handshake,rust,0.91,2.12,0.8400000000000001,callee
core/tests/integration_wan_swarm_node2.rs,test_end_to_end_wan_swarm_lifecycle,rust,0.9,2.12,0.8300000000000001,sibling
android/app/src/main/java/com/scmessenger/android/data/MeshRepository.kt,addContact,kotlin,0.87,2.11,0.8400000000000001,callee
android/app/src/main/java/com/scmessenger/android/utils/PeerIdValidator.kt,isIdentityHash,kotlin,0.83,2.11,0.8200000000000001,caller
android/shared/src/commonMain/kotlin/com/scmessenger/shared/platform/PlatformStorage.kt,putString,kotlin,0.9,2.11,0.79,sibling
core/src/drift/policy.rs,test_relay_budget_reduced,rust,0.83,2.11,0.8300000000000001,sibling
core/src/iron_core.rs,override_ble_advertise_interval,rust,0.86,2.11,0.8300000000000001,callee
core/src/transport/swarm.rs,zombie_reap_never_fires_without_a_fresh_deny,rust,0.87,2.11,0.85,callee
core/src/transport/internet.rs,test_connect_to_relay,rust,0.88,2.11,0.86,sibling
core/src/mobile_bridge.rs,on_entering_foreground,rust,0.86,2.1,0.79,callee
core/src/mobile_bridge.rs,wifi_direct_create_group,rust,0.85,2.1,0.8,caller
core/src/mobile_bridge.rs,wifi_direct_discover_peers,rust,0.85,2.1,0.79,caller
core/src/mobile_bridge.rs,wifi_direct_create_group,rust,0.84,2.1,0.8200000000000001,caller
core/src/routing/optimized_engine.rs,test_adaptive_ttl_integration,rust,0.88,2.1,0.84,callee
core/src/store/sweeper.rs,sweep_expired_messages,rust,0.89,2.1,0.87,callee
core/tests/integration_mycorrhizal_routing.rs,test_discovery_phase_advancement,rust,0.87,2.1,0.8300000000000001,callee
android/app/src/main/java/com/scmessenger/android/data/MeshRepository.kt,seedKnownPeersFromPersistedData,kotlin,0.91,2.09,0.86,callee
android/app/src/main/java/com/scmessenger/android/utils/NotificationHelper.kt,showMessageNotification,kotlin,0.9,2.09,0.86,caller
android/app/src/main/java/com/scmessenger/android/utils/NotificationHelper.kt,clearAllRequestNotifications,kotlin,0.88,2.09,0.88,sibling
android/shared/src/androidMain/kotlin/com/scmessenger/shared/platform/PlatformStorage.android.kt,putString,kotlin,0.88,2.09,0.81,sibling
core/src/drift/policy.rs,test_relay_budget_minimal,rust,0.85,2.09,0.8200000000000001,sibling
core/src/mobile_bridge.rs,on_entering_foreground,rust,0.86,2.09,0.78,callee
core/src/mobile_bridge.rs,on_ble_data_received,rust,0.87,2.09,0.8,caller
core/src/routing/engine.rs,test_high_priority_message_with_no_route,rust,0.86,2.09,0.81,sibling
core/src/transport/dial_policy.rs,test_dial_policy_manager_registration,rust,0.88,2.09,0.8,none
core/src/transport/swarm.rs,poison_listener_guard_passes_direct_listeners,rust,0.86,2.09,0.8,none
core/tests/integration_core_ffi_node1.rs,on_receipt_received,rust,0.9,2.09,0.77,caller
core/tests/test_mesh_routing.rs,test_reputation_calculation_high_quality,rust,0.88,2.09,0.8,callee
core/src/iron_core.rs,disable_transport,rust,0.88,2.08,0.85,sibling
core/src/mobile_bridge.rs,wifi_aware_subscribe,rust,0.87,2.08,0.8200000000000001,caller
core/src/mobile_bridge.rs,on_battery_changed,rust,0.85,2.08,0.8,caller
core/src/mobile_bridge.rs,on_ble_data_received,rust,0.87,2.08,0.8,caller
core/src/store/relay_custody.rs,compat_mode,rust,0.86,2.08,0.78,sibling
core/src/transport/internet.rs,establish_relay_circuit,rust,0.91,2.08,0.87,caller
core/src/transport/swarm.rs,routing_decision_to_ranked_routes,rust,0.88,2.08,0.84,callee
core/src/transport/swarm.rs,d10_exact_host_match_is_rejected_even_without_wildcard,rust,0.85,2.08,0.78,none
core/tests/integration_e00_drift_v2_diag.rs,test_from_bytes_offset_trace,rust,0.88,2.08,0.8,sibling
core/tests/integration_mycorrhizal_routing.rs,test_clear_unreachable_restores_routing,rust,0.87,2.08,0.84,callee
core/tests/test_mesh_routing.rs,test_reputation_calculation_low_quality,rust,0.87,2.08,0.8200000000000001,callee
core/tests/test_rule8_pr305_charge_points.rs,budget_accounting_is_no_longer_incremented_from_the_old_pre_parse_site,rust,0.86,2.08,0.77,sibling
iOS/SCMessenger/SCMessenger/Views/Settings/DiagnosticsView.swift,updateUIViewController,swift,0.88,2.08,0.74,sibling
iOS/SCMessengerTests/NotificationVerificationTests.swift,testSendBasicNotification,swift,0.87,2.08,0.86,sibling
core/tests/integration_pq_verification_suite.rs,test_pqc_02_ratchet_cadence,rust,0.89,2.08,0.83,callee
android/app/src/test/java/com/scmessenger/android/test/MeshRepositoryTest.kt,`isMeshParticipationEnabled true when settings null`,kotlin,0.87,2.07,0.77,callee
android/app/src/test/java/com/scmessenger/android/utils/ContactDisplayNameTest.kt,`neither - falls back to truncated id`,kotlin,0.85,2.07,0.81,callee
core/src/mobile_bridge.rs,on_entering_foreground,rust,0.87,2.07,0.77,callee
core/src/mobile_bridge.rs,wifi_direct_discover_peers,rust,0.85,2.07,0.77,caller
core/src/routing/optimized_engine.rs,test_app_lifecycle_integration,rust,0.87,2.07,0.8200000000000001,callee
core/src/transport/addr_filter.rs,acceptable_peer_address_combines_both_gates,rust,0.82,2.07,0.76,sibling
core/src/transport/ble/scanner.rs,test_duty_cycle_manager_reduced_low_battery,rust,0.83,2.07,0.81,sibling
core/src/transport/manager.rs,test_connected_peers_deduplication,rust,0.86,2.07,0.81,callee
core/src/transport/wifi_direct.rs,set_on_peers_changed,rust,0.86,2.07,0.79,caller
core/tests/integration_backup.rs,backup_kdf_is_memory_hard,rust,0.87,2.07,0.8200000000000001,callee
iOS/SCMessenger/SCMessenger/Data/MeshRepository.swift,onMessageReceived,swift,0.9,2.07,0.85,callee
wasm/src/lib.rs,get_drift_state,rust,0.88,2.07,0.8,callee
android/app/src/test/java/com/scmessenger/android/test/MeshRepositoryTest.kt,`checkMeshParticipationEnabled allows null settings by default`,kotlin,0.87,2.06,0.77,callee
core/src/iron_core.rs,prune_stale_spam_peers,rust,0.87,2.06,0.83,callee
core/src/mobile_bridge.rs,test_compute_behavior_low_battery,rust,0.86,2.06,0.81,callee
core/src/mobile_bridge.rs,on_ble_data_received,rust,0.87,2.06,0.78,caller
core/src/mobile_bridge.rs,on_entering_foreground,rust,0.85,2.06,0.76,callee
core/src/routing/neighborhood.rs,make_cell_summary,rust,0.85,2.06,0.84,caller
android/app/src/main/java/com/scmessenger/android/service/MeshForegroundService.kt,wireCoreDelegate,kotlin,0.88,2.05,0.77,caller
core/src/drift/policy.rs,test_scan_interval_reduced,rust,0.83,2.05,0.8,sibling
core/src/mobile_bridge.rs,on_battery_changed,rust,0.86,2.05,0.78,caller
core/src/mobile_bridge.rs,on_entering_background,rust,0.87,2.05,0.75,caller
core/src/store/ledger_entry.rs,import_legacy_cli_entries,rust,0.86,2.05,0.83,sibling
core/src/store/ledger_entry.rs,exchange_never_discloses_public_ip,rust,0.85,2.05,0.81,callee
core/src/transport/wifi_aware.rs,set_on_service_discovered,rust,0.86,2.05,0.8,caller
iOS/SCMessengerCore.xcframework/ios-arm64-simulator/Headers/SCMessengerCore.swift,resume,swift,0.86,2.05,0.81,callee
android/app/src/test/java/com/scmessenger/android/utils/PeerIdValidatorCurveVectorTest.kt,`rfc8032 public keys are valid curve points`,kotlin,0.84,2.04,0.74,callee
core/src/dspy/modules.rs,test_chain_of_thought_module,rust,0.87,2.04,0.8,sibling
core/src/mobile_bridge.rs,on_entering_background,rust,0.88,2.04,0.84,caller
core/src/mobile_bridge.rs,wifi_direct_create_group,rust,0.85,2.04,0.79,caller
core/src/relay/invite.rs,test_is_direct_connection,rust,0.85,2.04,0.79,sibling
core/src/routing/neighborhood.rs,process_gossip,rust,0.89,2.04,0.88,caller
core/src/store/outbox.rs,suppress_on_custody,rust,0.83,2.04,0.77,none
core/src/transport/mesh_routing.rs,test_retry_strategy,rust,0.86,2.04,0.78,callee
core/src/transport/swarm.rs,zombie_reap_fires_on_silence_plus_fresh_deny,rust,0.87,2.04,0.8,callee
core/tests/integration_local_mesh_node3.rs,test_reputation_time_decay_and_pruning,rust,0.86,2.04,0.83,callee
core/tests/integration_recency_map_bounds.rs,pruning_uses_a_hysteresis_band,rust,0.84,2.04,0.81,sibling
core/src/transport/discovery.rs,test_epoch_rotation_changes_beacon,rust,0.87,2.04,0.8099999999999999,callee
android/app/src/main/java/com/scmessenger/android/data/MeshRepository.kt,buildRoutePeerCandidates,kotlin,0.88,2.03,0.8400000000000001,caller
android/app/src/test/java/com/scmessenger/android/ui/viewmodels/ConversationsViewModelTest.kt,`viewModel loads messages on initialization`,kotlin,0.84,2.03,0.8099999999999999,callee
android/shared/src/androidMain/kotlin/com/scmessenger/shared/platform/PlatformStorage.android.kt,remove,kotlin,0.88,2.03,0.77,sibling
core/src/iron_core.rs,get_available_paths,rust,0.87,2.03,0.87,sibling
core/src/mobile_bridge.rs,wifi_direct_create_group,rust,0.85,2.03,0.77,caller
core/src/mobile_bridge.rs,wifi_direct_create_group,rust,0.84,2.03,0.76,caller
core/src/privacy/cover.rs,test_is_cover_traffic,rust,0.84,2.03,0.77,none
core/src/relay/delegate_prewarm.rs,refresh_delegate_routes,rust,0.88,2.03,0.84,sibling
core/src/transport/addr_filter.rs,is_disclosable_multiaddr_parsed,rust,0.86,2.03,0.78,callee
core/src/transport/reputation.rs,test_rate_limit_multiplier,rust,0.83,2.03,0.79,callee
desktop_bridge/build.rs,main,rust,0.84,2.03,0.69,none
android/app/src/main/java/com/scmessenger/android/utils/DeepLinkValidator.kt,validateMultiaddr,kotlin,0.87,2.02,0.83,callee
android/app/src/main/java/com/scmessenger/android/utils/PeerIdValidator.kt,validate,kotlin,0.88,2.02,0.82,callee
android/shared/src/androidMain/kotlin/com/scmessenger/shared/platform/PlatformNotifier.android.kt,clearNotifications,kotlin,0.87,2.02,0.76,sibling
core/src/identity/keys.rs,test_legacy_bundle_acceptance,rust,0.87,2.02,0.8099999999999999,sibling
core/src/mobile_bridge.rs,get_known_devices,rust,0.86,2.02,0.82,caller
core/src/transport/mesh_routing.rs,small_clock_skew_is_clamped_not_dropped,rust,0.84,2.02,0.78,sibling
core/tests/integration_wan_swarm_node2.rs,test_pending_queue_memory_clearing,rust,0.85,2.02,0.79,callee
iOS/SCMessengerCore.xcframework/ios-arm64/Headers/SCMessengerCore.swift,resume,swift,0.86,2.02,0.7999999999999999,callee
wasm/src/daemon_bridge.rs,disconnect,rust,0.88,2.02,0.79,sibling
core/src/store/contacts.rs,reconcile_derives_key_for_self_certifying_keypair,rust,0.87,2.02,0.8099999999999999,callee
core/src/transport/ble/beacon.rs,test_beacon_rotation_different_epochs,rust,0.86,2.02,0.8099999999999999,callee
android/shared/src/androidMain/kotlin/com/scmessenger/shared/platform/PlatformNetworking.android.kt,getDiscoveredPeers,kotlin,0.85,2.01,0.78,caller
cli/src/transport_bridge.rs,find_best_path,rust,0.87,2.01,0.8200000000000001,callee
core/src/drift/policy.rs,test_relay_budget_maximum,rust,0.84,2.01,0.7999999999999999,sibling
core/src/mobile_bridge.rs,on_network_changed,rust,0.86,2.01,0.77,caller
core/src/relay/delegate_prewarm.rs,test_tick_maintenance,rust,0.85,2.01,0.7999999999999999,sibling
core/src/store/relay_custody.rs,retention_decision_defers_to_a_live_dispatch_and_to_a_changed_record,rust,0.83,2.01,0.76,sibling
core/src/transport/addr_filter.rs,is_private_adjacency_ip,rust,0.83,2.01,0.8200000000000001,sibling
core/src/transport/escalation.rs,test_select_best_transport_low_latency,rust,0.84,2.01,0.79,callee
core/src/transport/swarm.rs,reap_candidates,rust,0.9,2.01,0.79,caller
core/tests/integration_all_phases.rs,test_relay_protocol,rust,0.89,2.01,0.8200000000000001,sibling
core/tests/integration_mycorrhizal_routing.rs,test_app_lifecycle_prefetch,rust,0.87,2.01,0.8,callee
core/tests/mocks/mod.rs,test_mock_routing,rust,0.87,2.01,0.78,callee
iOS/SCMessengerCore.xcframework/ios-arm64-simulator/Headers/SCMessengerCore.swift,createWriter,swift,0.86,2.01,0.7,caller
android/app/src/main/java/com/scmessenger/android/ui/viewmodels/ConversationsViewModel.kt,resolveDeliveryState,kotlin,0.84,2.0,0.8200000000000001,callee
android/app/src/test/java/com/scmessenger/android/utils/PeerIdValidatorTest.kt,`isSame is case-insensitive only for hex ids`,kotlin,0.88,2.0,0.75,sibling
core/src/drift/policy.rs,test_scan_interval_maximum,rust,0.81,2.0,0.78,sibling
core/src/identity/mod.rs,get_dspy_signature,rust,0.87,2.0,0.79,callee
core/src/transport/mesh_routing.rs,relay_quota_eviction_does_not_touch_other_relays,rust,0.84,2.0,0.76,sibling
core/src/transport/relay_health.rs,test_relay_discovery_priority_ordering,rust,0.87,2.0,0.7999999999999999,sibling
core/tests/test_mesh_routing.rs,test_multi_path_best_paths_include_relays,rust,0.87,2.0,0.8099999999999999,callee
iOS/SCMessengerCore.xcframework/ios-arm64/Headers/SCMessengerCore.swift,createWriter,swift,0.86,2.0,0.7,none
wasm/src/daemon_bridge.rs,daemon_bridge_send_request_simulation,rust,0.88,2.0,0.79,sibling
wasm/src/lib.rs,flush_outbox_for_peer,rust,0.88,2.0,0.79,caller
android/app/src/test/java/com/scmessenger/android/test/ReceiptWindowTest.kt,testNoDowngradeWithMultipleTransports,kotlin,0.88,1.99,0.7899999999999999,sibling
android/app/src/test/java/com/scmessenger/android/test/SettingsViewModelTest.kt,`infoCounts load on IO without blocking and never call repository on main thread`,kotlin,0.84,1.99,0.77,sibling
cli/src/seed_dial.rs,next_delay_is_bounded_exponential_backoff,rust,0.86,1.99,0.72,none
cli/src/transport_bridge.rs,test_path_finding,rust,0.86,1.99,0.81,callee
core/src/mobile_bridge.rs,update_peer_transports,rust,0.89,1.99,0.85,callee
core/src/relay/bootstrap.rs,test_invite_payload_expiry,rust,0.84,1.99,0.78,sibling
core/src/store/ledger_entry.rs,record_connection,rust,0.88,1.99,0.8200000000000001,caller
core/src/transport/ble/scanner.rs,test_ble_scanner_mode_description,rust,0.81,1.99,0.77,callee
core/src/transport/mesh_routing.rs,future_recency_cannot_pin_a_route_forever,rust,0.84,1.99,0.77,sibling
core/tests/integration_ledger_convergence.rs,test_ledger_convergence_between_nodes,rust,0.88,1.99,0.8300000000000001,sibling
patch/if-watch/src/lib.rs,new,rust,0.83,1.99,0.75,sibling
wasm/src/lib.rs,mark_message_sent,rust,0.88,1.99,0.76,callee
wasm/src/worker.rs,on_push_event,rust,0.89,1.99,0.81,sibling
cli/src/api.rs,api_send_ignores_stale_contact_public_key,rust,0.88,1.99,0.7999999999999999,sibling
android/shared/src/desktopMain/kotlin/com/scmessenger/shared/platform/PlatformNetworking.desktop.kt,start,kotlin,0.86,1.98,0.76,sibling
cli/src/ble_windows.rs,set_message_characteristic,rust,0.88,1.98,0.7899999999999999,callee
core/src/iron_core.rs,auto_block_evaluate_all_tracked,rust,0.87,1.98,0.7899999999999999,callee
core/src/relay/client.rs,test_relay_connection_creation,rust,0.84,1.98,0.78,callee
core/src/store/ledger_entry.rs,import_seed_entries_with_mode,rust,0.89,1.98,0.77,callee
core/src/store/ledger_entry.rs,shared_state_registry_purges_dead_paths,rust,0.86,1.98,0.7899999999999999,callee
core/src/transport/ble/scanner.rs,test_duty_cycle_manager_standard_good_battery,rust,0.82,1.98,0.76,sibling
core/src/transport/mesh_routing.rs,test_multi_path_delivery,rust,0.87,1.98,0.7899999999999999,callee
core/src/transport/swarm.rs,dispatch_ranked_route,rust,0.9,1.98,0.8200000000000001,callee
iOS/SCMessenger/SCMessenger/Data/MeshRepository.swift,handleTransportPeerIdentified,swift,0.88,1.98,0.8300000000000001,caller
core/tests/integration_ledger_seeding_hardening.rs,over_quota_exchange_requests_do_no_per_entry_work,rust,0.84,1.98,0.78,sibling
android/app/src/main/java/com/scmessenger/android/data/MeshRepository.kt,refreshDiscoveredPeersNicknames,kotlin,0.89,1.97,0.8300000000000001,callee
android/app/src/main/java/com/scmessenger/android/transport/TransportManager.kt,attemptEscalation,kotlin,0.89,1.97,0.84,sibling
android/app/src/main/java/com/scmessenger/android/transport/WifiTransportManager.kt,initialize,kotlin,0.89,1.97,0.8200000000000001,caller
android/app/src/test/java/com/scmessenger/android/utils/PeerIdValidatorTest.kt,`isTransportPeerId returns true for libp2p and ble but false for sovereign hashes`,kotlin,0.83,1.97,0.74,callee
core/src/crypto/ratchet.rs,reconstruct,rust,0.89,1.97,0.75,caller
core/src/mobile_bridge.rs,on_network_changed,rust,0.86,1.97,0.74,caller
core/src/transport/swarm.rs,apply_delivery_convergence_marker,rust,0.88,1.97,0.8200000000000001,callee
core/src/transport/wifi_direct.rs,remove_group,rust,0.85,1.97,0.74,caller
core/tests/integration_dial_policy.rs,test_backoff_cap_at_30_seconds,rust,0.84,1.97,0.78,sibling
core/tests/integration_dial_policy.rs,test_circuit_relay_invalid_addresses_skipped,rust,0.86,1.97,0.7799999999999999,callee
core/tests/integration_local_mesh_node3.rs,test_reputation_abuse_signals_and_multiplier,rust,0.88,1.97,0.75,callee
android/shared/src/androidMain/kotlin/com/scmessenger/shared/platform/PlatformNetworking.android.kt,sendMessage,kotlin,0.87,1.96,0.75,caller
cli/src/api_axum.rs,handle_trigger_discovery_scan,rust,0.9,1.96,0.75,sibling
cli/src/main.rs,circuit_scheduler_key_retains_relay_fallback_classification,rust,0.87,1.96,0.73,none
core/src/mobile_bridge.rs,on_network_changed,rust,0.86,1.96,0.75,caller
core/src/mobile_bridge.rs,wifi_direct_stop_discovery,rust,0.88,1.96,0.72,caller
core/src/relay/delegate_prewarm.rs,test_delegate_selection,rust,0.85,1.96,0.78,callee
core/src/transport/ble/scanner.rs,test_duty_cycle_manager_aggressive_when_charging,rust,0.83,1.96,0.76,sibling
core/src/transport/health.rs,test_connection_stats_quality_score,rust,0.84,1.96,0.79,callee
core/src/transport/health.rs,test_global_metrics_health_score,rust,0.82,1.96,0.78,callee
core/src/transport/swarm.rs,new,rust,0.85,1.96,0.71,callee
iOS/SCMessenger/SCMessenger/Views/Navigation/MainTabView.swift,loadRequests,swift,0.88,1.96,0.76,callee
wasm/src/lib.rs,from,rust,0.86,1.96,0.74,caller
wasm/src/notification_manager.rs,close_all_notifications,rust,0.86,1.96,0.76,caller
core/src/store/contacts.rs,reconcile_stores_placeholder_for_non_derivable_peer,rust,0.87,1.96,0.8,sibling
core/tests/test_and06_live_key_corpus.rs,every_public_key_the_live_mesh_stores_is_accepted,rust,0.85,1.96,0.75,sibling
android/app/src/main/java/com/scmessenger/android/data/MeshRepository.kt,migrateToCanonicalIds,kotlin,0.87,1.95,0.82,caller
android/shared/src/desktopMain/kotlin/com/scmessenger/shared/desktop/Main.kt,main,kotlin,0.89,1.95,0.8,callee
core/src/iron_core.rs,dspy_verify_signature,rust,0.88,1.95,0.74,callee
core/src/mobile_bridge.rs,wifi_direct_stop_discovery,rust,0.86,1.95,0.71,caller
core/src/transport/ble/scanner.rs,test_ble_scanner_set_wifi_available,rust,0.82,1.95,0.78,callee
core/src/transport/manager.rs,test_reconnection_backoff_capped_at_max,rust,0.84,1.95,0.77,callee
core/tests/integration_wan_swarm_node2.rs,test_dial_policy_boundary_safety,rust,0.88,1.95,0.75,callee
core/tests/test_mesh_routing.rs,test_multi_path_delivery_manager,rust,0.88,1.95,0.76,callee
wasm/src/transport.rs,subscribe,rust,0.89,1.95,0.8,caller
core/src/store/relay_custody.rs,phase_a_enforces_ws13_device_mismatch,rust,0.85,1.95,0.75,callee
android/app/src/main/java/com/scmessenger/android/data/MeshRepository.kt,getPlatformSecuredPassphrase,kotlin,0.87,1.94,0.76,callee
android/app/src/main/java/com/scmessenger/android/data/MeshRepository.kt,resolveKnownPeerNickname,kotlin,0.88,1.94,0.8,callee
core/src/iron_core.rs,peer_spam_score,rust,0.88,1.94,0.76,callee
core/src/mobile_bridge.rs,on_network_changed,rust,0.86,1.94,0.74,caller
core/src/mobile_bridge.rs,test_mobile_history_peer_matches_id_flavors,rust,0.87,1.94,0.75,sibling
core/src/relay/delegate_prewarm.rs,prewarm_for_background,rust,0.9,1.94,0.8,caller
core/src/relay/delegate_prewarm.rs,test_prewarm_for_background,rust,0.87,1.94,0.79,sibling
core/src/transport/addr_filter.rs,rfc1918_disclosable_when_local_network_matches,rust,0.86,1.94,0.73,sibling
core/src/transport/mesh_routing.rs,add_relay,rust,0.88,1.94,0.74,sibling
core/src/transport/swarm.rs,per_peer_budget_map_is_bounded_like_the_token_bucket_map,rust,0.83,1.94,0.75,callee
core/tests/integration_offline_partition_matrix.rs,partition_recency_recovery_prefers_fresh_relays_deterministically,rust,0.86,1.94,0.77,sibling
core/tests/integration_wifi_aware.rs,wifi_aware_stop,rust,0.84,1.94,0.7,caller
iOS/SCMessenger/SCMessenger/Data/MeshRepository.swift,flushPendingOutbox,swift,0.88,1.94,0.78,caller
android/app/src/main/java/com/scmessenger/android/data/MeshRepository.kt,discoverRoutePeersForPublicKey,kotlin,0.86,1.93,0.79,callee
cli/src/transport_bridge.rs,test_path_scoring,rust,0.83,1.93,0.73,callee
core/src/drift/policy.rs,test_relay_budget_standard,rust,0.83,1.93,0.74,sibling
core/src/drift/policy.rs,test_should_reduce_false_for_maximum,rust,0.83,1.93,0.73,sibling
core/src/drift/policy.rs,test_should_reduce_true_for_minimal,rust,0.82,1.93,0.73,sibling
core/src/mobile_bridge.rs,drop,rust,0.86,1.93,0.74,caller
core/src/mobile_bridge.rs,wifi_direct_stop_discovery,rust,0.87,1.93,0.71,caller
core/src/mobile_bridge.rs,wifi_direct_stop_discovery,rust,0.86,1.93,0.7,caller
core/src/relay/client.rs,test_remove_connection,rust,0.83,1.93,0.77,callee
core/src/transport/addr_filter.rs,rfc1918_disclosure_requires_observed_same_subnet_requester,rust,0.84,1.93,0.69,sibling
core/tests/test_multiport.rs,test_bind_analysis_good_connectivity,rust,0.84,1.93,0.77,callee
iOS/SCMessengerTests/NotificationVerificationTests.swift,testBackgroundFetchProcessing,swift,0.87,1.93,0.78,callee
cli/src/main.rs,envelope_learning_without_key_stores_placeholder_not_peer_id,rust,0.88,1.93,0.73,callee
core/src/store/outbox.rs,legacy_row_without_authorization_still_rejects_the_wrong_recipient,rust,0.85,1.93,0.76,sibling
android/app/src/main/java/com/scmessenger/android/ui/viewmodels/SettingsViewModel.kt,updateWifiDirectEnabled,kotlin,0.86,1.92,0.79,callee
android/app/src/test/java/com/scmessenger/android/data/SelfAsPeerGhostTest.kt,ownPkAsPeerId_nullPk_successZero_isGhost,kotlin,0.83,1.92,0.72,callee
android/app/src/test/java/com/scmessenger/android/test/MockTestHelper.kt,createMockSettingsManager,kotlin,0.82,1.92,0.77,sibling
core/src/iron_core.rs,register_state_change_callback,rust,0.88,1.92,0.78,callee
core/src/iron_core.rs,get_best_forwarding_path,rust,0.87,1.92,0.77,callee
core/src/iron_core.rs,relay_jitter_delay_respects_normal_bounds,rust,0.84,1.92,0.71,none
core/src/mobile_bridge.rs,new_platform_ref,rust,0.87,1.92,0.75,caller
core/src/mobile_bridge.rs,on_network_changed,rust,0.85,1.92,0.72,caller
core/src/relay/invite.rs,test_token,rust,0.84,1.92,0.71,callee
core/src/store/relay_custody.rs,aged_custody_record,rust,0.85,1.92,0.75,caller
core/tests/mocks/identity.rs,with_nickname,rust,0.84,1.92,0.75,caller
core/tests/seam_freeze_onion.rs,seam_freeze_onion_single_documented_call_site,rust,0.85,1.92,0.75,callee
iOS/SCMessenger/SCMessenger/Data/MeshRepository.swift,onPeerIdentityRead,swift,0.88,1.92,0.8099999999999999,sibling
wasm/src/connection_state.rs,new,rust,0.87,1.92,0.75,sibling
wasm/src/lib.rs,test_notification_manager_creation,rust,0.85,1.92,0.74,callee
wasm/src/notification_manager.rs,new,rust,0.85,1.92,0.76,callee
iOS/SCMessenger/SCMessenger/Generated/api.swift,recordFailure,swift,0.86,1.92,0.75,callee
android/app/src/main/java/com/scmessenger/android/ui/viewmodels/SettingsViewModel.kt,updateBleEnabled,kotlin,0.85,1.91,0.79,callee
android/app/src/test/java/com/scmessenger/android/test/ContactsViewModelTest.kt,`addContact validates key and persists contact`,kotlin,0.85,1.91,0.74,callee
cli/src/ledger.rs,record_identified_peer,rust,0.87,1.91,0.73,caller
core/src/crypto/ratchet.rs,root_key_ratchet_v2,rust,0.87,1.91,0.78,caller
core/src/drift/policy.rs,test_relay_budget_high,rust,0.82,1.91,0.73,sibling
core/src/drift/sync.rs,test_sync_message_frame_types,rust,0.83,1.91,0.73,sibling
core/src/iron_core.rs,clear_message_notifications,rust,0.86,1.91,0.74,caller
core/src/routing/optimized_engine.rs,route_message_optimized,rust,0.88,1.91,0.79,caller
core/src/transport/swarm.rs,build_seed_dial_candidates,rust,0.86,1.91,0.78,callee
core/tests/integration_mycorrhizal_routing.rs,test_can_reach_destination,rust,0.85,1.91,0.75,callee
desktop_bridge/src/power.rs,test_detect_returns_valid_state,rust,0.82,1.91,0.74,callee
iOS/SCMessenger/SCMessenger/Transport/MultipeerTransport.swift,session,swift,0.89,1.91,0.76,callee
shared/src/commonMain/kotlin/com/scmessenger/shared/SharedApp.kt,platformName,kotlin,0.88,1.91,0.66,caller
android/app/src/main/java/com/scmessenger/android/transport/SubnetProbe.kt,failed,kotlin,0.88,1.9,0.77,caller
android/app/src/test/java/com/scmessenger/android/transport/ble/BleL2capManagerTest.kt,acceptRecoveryDelayIsCapped,kotlin,0.78,1.9,0.72,sibling
cli/src/main.rs,cmd_contact,rust,0.88,1.9,0.75,callee
core/src/contacts_bridge.rs,test_contact_creation,rust,0.85,1.9,0.73,callee
core/src/drift/policy.rs,test_scan_interval_high,rust,0.83,1.9,0.74,sibling
core/src/drift/store.rs,test_insert_after_eviction_preserves_crdt,rust,0.85,1.9,0.76,sibling
core/src/mobile_bridge.rs,wifi_direct_stop_discovery,rust,0.85,1.9,0.69,caller
core/src/mobile_bridge.rs,wifi_direct_stop_discovery,rust,0.86,1.9,0.6900000000000001,caller
core/src/routing/engine.rs,test_engine_thread_safety,rust,0.86,1.9,0.71,sibling
core/src/routing/local.rs,test_cell_summary_generation,rust,0.85,1.9,0.73,sibling
core/src/transport/bootstrap.rs,reset_circuit_breakers,rust,0.88,1.9,0.71,callee
core/src/transport/escalation.rs,test_select_best_transport_high_bandwidth,rust,0.84,1.9,0.73,callee
core/src/transport/mesh_routing.rs,should_retry,rust,0.83,1.9,0.69,caller
core/src/transport/mesh_routing.rs,start_delivery,rust,0.87,1.9,0.75,caller
core/src/transport/mesh_routing.rs,prune_drops_to_the_low_water_mark,rust,0.83,1.9,0.74,callee
core/src/wasm_support/mesh.rs,get_messages_for_hint,rust,0.86,1.9,0.73,callee
core/tests/integration_mycorrhizal_routing.rs,test_multi_transport_peer_routing,rust,0.87,1.9,0.76,sibling
core/tests/test_and06_public_key_vector_parity.rs,valid,rust,0.85,1.9,0.6799999999999999,callee
iOS/SCMessenger/SCMessenger/ViewModels/ContactsViewModel.swift,computeSafetyNumber,swift,0.86,1.9,0.75,caller
iOS/SCMessengerTests/NotificationVerificationTests.swift,testReplyActionParsing,swift,0.84,1.9,0.74,sibling
android/app/src/main/java/com/scmessenger/android/utils/StorageManager.kt,performStartupMaintenance,kotlin,0.88,1.89,0.76,sibling
android/app/src/test/java/com/scmessenger/android/utils/PeerIdValidatorTest.kt,`normalize lowercases hex ids and preserves base58 case`,kotlin,0.85,1.89,0.72,callee
android/shared/src/commonMain/kotlin/com/scmessenger/shared/platform/PlatformStorage.kt,getString,kotlin,0.88,1.89,0.69,sibling
core/src/abuse/spam_detection.rs,new,rust,0.86,1.89,0.72,callee
core/src/dspy/signatures.rs,new,rust,0.86,1.89,0.71,none
core/src/iron_core.rs,auto_block_exempt_peer,rust,0.88,1.89,0.7300000000000001,callee
core/src/mobile_bridge.rs,on_wifi_direct_connection_info,rust,0.89,1.89,0.78,callee
core/src/relay/client.rs,new,rust,0.86,1.89,0.75,callee
core/src/routing/negative_cache.rs,test_reputation_based_exemption,rust,0.84,1.89,0.71,callee
core/src/routing/smart_retry.rs,test_large_attempt_counts,rust,0.83,1.89,0.73,callee
core/src/store/ledger_entry.rs,observed_peer_ids_bounded_and_store_capped,rust,0.83,1.89,0.76,callee
iOS/SCMessenger/SCMessenger/Data/MeshRepository.swift,getSeniorityTimestamp,swift,0.85,1.89,0.73,callee
wasm/src/lib.rs,get_audit_events_since,rust,0.87,1.89,0.75,callee
core/src/iron_core.rs,onion_enabled_send_fails_closed_when_relay_wrapping_fails,rust,0.86,1.89,0.74,sibling
core/src/transport/addr_filter.rs,wifi_aware_loopback_proxy_is_dialable_only_via_trusted_audience,rust,0.86,1.89,0.72,sibling
android/app/src/main/java/com/scmessenger/android/data/MeshRepository.kt,ensureServiceInitializedFireAndForget,kotlin,0.85,1.88,0.7300000000000001,callee
android/app/src/main/java/com/scmessenger/android/service/AndroidPlatformBridge.kt,wifiAwareCreateDataPath,kotlin,0.88,1.88,0.76,callee
android/app/src/test/java/com/scmessenger/android/data/GhostIdentityGateTest.kt,discovered_live_always_renders,kotlin,0.85,1.88,0.72,callee
android/shared/src/desktopMain/kotlin/com/scmessenger/shared/platform/PlatformNetworking.desktop.kt,getDiscoveredPeers,kotlin,0.84,1.88,0.7,sibling
android/shared/src/desktopMain/kotlin/com/scmessenger/shared/platform/PlatformNotifier.desktop.kt,clearNotifications,kotlin,0.85,1.88,0.71,sibling
cli/src/transport_bridge.rs,is_compatible_path,rust,0.84,1.88,0.72,caller
core/src/iron_core.rs,is_peer_suspicious,rust,0.86,1.88,0.73,callee
core/src/message/types.rs,test_message_recency,rust,0.82,1.88,0.71,callee
core/src/mobile_bridge.rs,on_entering_foreground,rust,0.85,1.88,0.7200000000000001,caller
core/src/routing/smart_retry.rs,test_fractional_multiplier,rust,0.83,1.88,0.72,callee
core/src/transport/swarm.rs,transport_type_to_routing_transport,rust,0.89,1.88,0.72,none
core/src/transport/swarm.rs,per_peer_share_has_a_floor_so_small_budgets_do_not_starve_peers,rust,0.84,1.88,0.69,sibling
core/tests/integration_wifi_aware.rs,on_entering_foreground,rust,0.83,1.88,0.6799999999999999,caller
core/tests/integration_wifi_aware.rs,wifi_direct_remove_group,rust,0.85,1.88,0.6699999999999999,caller
wasm/src/lib.rs,with_storage_async,rust,0.87,1.88,0.77,callee
iOS/SCMessenger/SCMessenger/Generated/api.swift,isContentSuspicious,swift,0.83,1.88,0.7,callee
android/app/src/main/java/com/scmessenger/android/network/NetworkDiagnostics.kt,testRelaySpecificConnectivity,kotlin,0.85,1.87,0.73,sibling
android/app/src/main/java/com/scmessenger/android/service/ServiceHealthMonitor.kt,forceRestartMeshService,kotlin,0.86,1.87,0.74,caller
android/app/src/main/java/com/scmessenger/android/utils/PeerKeyUtils.kt,generateLibp2pPeerIdFromPublicKey,kotlin,0.86,1.87,0.76,callee
android/app/src/test/java/com/scmessenger/android/test/ContactsViewModelTest.kt,`search filters contacts by nickname`,kotlin,0.86,1.87,0.73,sibling
android/app/src/test/java/com/scmessenger/android/test/MeshRepositoryTest.kt,`isInfrastructureAgent detects scm-always-on-node daemon`,kotlin,0.84,1.87,0.68,callee
core/src/drift/envelope.rs,to_legacy_envelope,rust,0.86,1.87,0.73,caller
core/src/drift/policy.rs,test_profile_reduced_at_boundary_high,rust,0.82,1.87,0.7,sibling
core/src/iron_core.rs,make_routing_decision,rust,0.86,1.87,0.7200000000000001,callee
core/src/mobile_bridge.rs,on_battery_changed,rust,0.87,1.87,0.75,caller
core/src/mobile_bridge.rs,test_compute_behavior_normal_operation,rust,0.84,1.87,0.69,callee
core/src/transport/addr_filter.rs,rejects_nested_relay_circuits,rust,0.83,1.87,0.69,sibling
core/src/transport/addr_filter.rs,rfc1918_disclosure_rejects_nat64_embedded_cgnat_adjacency,rust,0.85,1.87,0.69,sibling
core/src/transport/ble/scanner.rs,new,rust,0.85,1.87,0.6900000000000001,sibling
core/src/transport/reputation.rs,test_mixed_signals,rust,0.84,1.87,0.71,callee
core/src/transport/swarm.rs,rfc1918_candidates_follow_network_mode,rust,0.85,1.87,0.72,callee
core/src/transport/wifi_direct.rs,handle_connection_info,rust,0.86,1.87,0.75,caller
wasm/src/transport.rs,start,rust,0.88,1.87,0.7799999999999999,caller
core/tests/integration_nat_reflection.rs,test_nat_traversal_with_live_swarms,rust,0.87,1.87,0.74,sibling
android/app/src/main/java/com/scmessenger/android/data/MeshRepository.kt,prepopulateDiscoveryNickname,kotlin,0.86,1.86,0.76,callee
android/app/src/main/java/com/scmessenger/android/transport/SmartTransportRouter.kt,getPreferredTransport,kotlin,0.84,1.86,0.75,callee
android/app/src/test/java/com/scmessenger/android/service/StopRaceLatchTest.kt,actionStop_setsLatchSynchronously,kotlin,0.83,1.86,0.6900000000000001,callee
android/shared/src/androidMain/kotlin/com/scmessenger/shared/platform/PlatformNetworking.android.kt,stop,kotlin,0.88,1.86,0.6699999999999999,sibling
android/shared/src/desktopMain/kotlin/com/scmessenger/shared/desktop/Main.kt,createTrayIcon,kotlin,0.86,1.86,0.7300000000000001,caller
core/src/abuse/reputation.rs,apply_decay,rust,0.88,1.86,0.6699999999999999,caller
core/src/drift/sketch.rs,new,rust,0.85,1.86,0.6900000000000001,none
core/src/drift/store.rs,test_priority_score_fewer_hops_higher,rust,0.81,1.86,0.6699999999999999,none
core/src/iron_core.rs,contacts_manager,rust,0.86,1.86,0.75,caller
core/src/iron_core.rs,flush_outbox_for_peer,rust,0.87,1.86,0.75,caller
core/src/iron_core.rs,enforce_storage_pressure,rust,0.85,1.86,0.71,caller
core/src/mobile_bridge.rs,ratchet_reset_session,rust,0.86,1.86,0.71,callee
core/src/mobile_bridge.rs,override_ble_advertise_interval,rust,0.88,1.86,0.76,caller
core/src/mobile_bridge.rs,on_entering_foreground,rust,0.85,1.86,0.7100000000000001,caller
core/src/relay/bootstrap.rs,get_peer_addresses,rust,0.87,1.86,0.76,caller
core/src/routing/optimized_engine.rs,timeout_budget_summary,rust,0.83,1.86,0.69,callee
core/src/transport/ble/scanner.rs,test_scan_result_creation,rust,0.8,1.86,0.6799999999999999,callee
core/src/transport/mesh_routing.rs,record_failure,rust,0.86,1.86,0.74,caller
core/src/transport/mesh_routing.rs,recipient_recency_map_is_bounded,rust,0.82,1.86,0.74,callee
core/src/transport/swarm.rs,dns_seed_entries_never_become_dial_candidates,rust,0.83,1.86,0.7,callee
core/tests/test_mesh_routing.rs,test_route_ordering_determinism_with_direct_first_policy,rust,0.86,1.86,0.72,sibling
iOS/SCMessenger/SCMessenger/Data/MeshRepository.swift,migrateToCanonicalIds,swift,0.87,1.86,0.7799999999999999,sibling
wasm/src/transport.rs,subscribe,rust,0.88,1.86,0.75,caller
wasm/src/transport.rs,test_websocket_relay_subscribe_replaces_sender,rust,0.84,1.86,0.72,callee
wasm/src/transport.rs,test_websocket_relay_disconnect,rust,0.85,1.86,0.74,callee
core/tests/integration_relay_custody.rs,offline_recipient_receives_after_reconnect_without_sender_resend,rust,0.88,1.86,0.71,sibling
android/app/src/main/java/com/scmessenger/android/service/ServiceHealthMonitor.kt,attemptGracefulShutdown,kotlin,0.86,1.85,0.73,caller
android/app/src/main/java/com/scmessenger/android/ui/MainActivity.kt,initializeUiComponents,kotlin,0.88,1.85,0.75,callee
core/src/iron_core.rs,swarm_get_best_paths,rust,0.87,1.85,0.76,sibling
core/src/mobile_bridge.rs,adjust_legacy_timestamps,rust,0.85,1.85,0.71,caller
core/src/store/sweeper.rs,test_sweep_edge_case_zero_ttl,rust,0.81,1.85,0.73,sibling
core/src/transport/abstraction.rs,new,rust,0.85,1.85,0.69,sibling
core/src/transport/swarm.rs,apply_delivery_convergence_marker,rust,0.89,1.85,0.74,callee
core/tests/test_mesh_routing.rs,test_delivery_attempt_lifecycle,rust,0.86,1.85,0.71,callee
AgentSwarmCline/scmessenger_swarm/observability_tests.rs,test_very_long_message_id,rust,0.82,1.84,0.69,sibling
android/app/src/main/java/com/scmessenger/android/ui/viewmodels/SettingsViewModel.kt,updateInternetEnabled,kotlin,0.86,1.84,0.75,callee
android/app/src/main/java/com/scmessenger/android/utils/ApkShareManager.kt,shareApkViaSystemIntent,kotlin,0.89,1.84,0.74,caller
android/app/src/test/java/com/scmessenger/android/data/SelfAsPeerGhostTest.kt,ownPkAsPeerId_isGhostEvenWhenFailCountLow,kotlin,0.81,1.84,0.6799999999999999,callee
android/app/src/test/java/com/scmessenger/android/test/ChatViewModelTest.kt,`loadMoreMessages increases conversation limit`,kotlin,0.85,1.84,0.6799999999999999,callee
android/shared/src/androidMain/kotlin/com/scmessenger/shared/platform/PlatformStorage.android.kt,putBoolean,kotlin,0.87,1.84,0.6799999999999999,sibling
core/src/routing/optimized_engine.rs,prune_below,rust,0.84,1.84,0.6900000000000001,callee
core/src/routing/optimized_engine.rs,should_advance,rust,0.81,1.84,0.6599999999999999,callee
core/src/store/ledger_entry.rs,contact_chain_shares_verified_contact_rfc1918,rust,0.85,1.84,0.71,callee
core/src/transport/addr_filter.rs,public_ipv4_never_disclosable_on_network,rust,0.84,1.84,0.65,sibling
core/src/transport/manager.rs,new,rust,0.85,1.84,0.72,callee
core/src/transport/manager.rs,cleanup_health_stale_connections,rust,0.87,1.84,0.69,callee
core/tests/test_mesh_routing.rs,test_reputation_tracker,rust,0.86,1.84,0.7,callee
wasm/src/lib.rs,get_contact_manager,rust,0.87,1.84,0.7100000000000001,callee
cli/src/main.rs,envelope_learning_with_valid_key_backfills_contact,rust,0.86,1.84,0.7,callee
core/src/iron_core.rs,send_message_status,rust,0.87,1.84,0.75,callee
core/src/message/codec.rs,test_envelope_compression_threshold,rust,0.86,1.84,0.71,callee
core/tests/integration_ws13_migration.rs,pre_ws13_identity_store_backfills_device_id_on_hydrate,rust,0.85,1.84,0.71,sibling
android/app/src/main/java/com/scmessenger/android/data/MeshRepository.kt,getPendingDeliverySnapshot,kotlin,0.83,1.83,0.74,caller
android/app/src/test/java/com/scmessenger/android/test/DeliveryStateMapperTest.kt,`maps due retry time to forwarding state`,kotlin,0.84,1.83,0.67,sibling
android/app/src/test/java/com/scmessenger/android/utils/SecurityUtilsTest.kt,`verification test confirms no secret or passphrase values are ever stored in unencrypted state`,kotlin,0.85,1.83,0.7,sibling
cli/src/transport_bridge.rs,find_cli_bridge_transport,rust,0.88,1.83,0.6900000000000001,caller
cli/src/transport_bridge.rs,can_reach_destination,rust,0.83,1.83,0.7100000000000001,callee
core/src/drift/policy.rs,test_profile_standard_at_boundary,rust,0.78,1.83,0.69,sibling
core/src/dspy/signatures.rs,new,rust,0.86,1.83,0.67,none
core/src/iron_core.rs,close_all_notifications,rust,0.87,1.83,0.7100000000000001,caller
core/src/store/sweeper.rs,test_sweep_expired_messages,rust,0.84,1.83,0.7000000000000001,sibling
core/src/transport/manager.rs,run_multi_hop_path_selection,rust,0.87,1.83,0.74,none
core/src/transport/swarm.rs,kademlia_gate_rejects_dns_including_the_circuit_form,rust,0.84,1.83,0.6799999999999999,none
core/tests/integration_ledger_seeding_hardening.rs,lan_only_node_discloses_nothing_to_a_stranger,rust,0.84,1.83,0.69,callee
core/tests/property/identity_roundtrip.rs,test_import_invalid_key_data,rust,0.85,1.83,0.73,callee
core/tests/test_mesh_routing.rs,test_continuous_retry_never_gives_up,rust,0.84,1.83,0.69,callee
iOS/SCMessenger/SCMessenger/Data/MeshRepository.swift,connectToPeer,swift,0.87,1.83,0.75,callee
iOS/SCMessenger/SCMessenger/Transport/BLECentralManager.swift,readCharacteristic,swift,0.87,1.83,0.6900000000000001,caller
iOS/SCMessenger/SCMessenger/Transport/MultipeerTransport.swift,advertiser,swift,0.87,1.83,0.73,sibling
core/src/identity/keys.rs,test_v2_to_v3_migration,rust,0.87,1.83,0.7000000000000001,callee
core/tests/integration_nat_reflection.rs,test_peer_address_discovery_with_live_swarm,rust,0.87,1.83,0.72,sibling
android/app/src/main/java/com/scmessenger/android/data/MeshRepository.kt,saveLedger,kotlin,0.86,1.82,0.67,callee
android/app/src/main/java/com/scmessenger/android/data/MeshRepository.kt,overrideRelayMax,kotlin,0.84,1.82,0.7,callee
android/app/src/main/java/com/scmessenger/android/service/MeshForegroundService.kt,pauseMeshServiceLocked,kotlin,0.85,1.82,0.74,callee
android/app/src/test/java/com/scmessenger/android/data/GhostIdentityGateTest.kt,rca_ghost_577fd171_is_ghost,kotlin,0.8,1.82,0.65,callee
cli/src/ble_daemon.rs,shutdown,rust,0.86,1.82,0.7000000000000001,sibling
cli/src/ble_mesh.rs,decode_ble_payload_for_ui,rust,0.86,1.82,0.72,sibling
cli/src/seed_dial.rs,sweep_decision_watches_when_connected,rust,0.86,1.82,0.64,sibling
core/src/iron_core.rs,is_peer_abusive,rust,0.86,1.82,0.6699999999999999,callee
core/src/mobile_bridge.rs,new,rust,0.86,1.82,0.6699999999999999,callee
core/src/mobile_bridge.rs,test_connection_path_state_disconnected_by_default,rust,0.85,1.82,0.7000000000000001,callee
core/src/transport/ble/scanner.rs,new,rust,0.86,1.82,0.6900000000000001,sibling
core/src/transport/ble/scanner.rs,test_scan_result_distance_estimate,rust,0.8,1.82,0.6900000000000001,callee
core/src/transport/dial_policy.rs,new,rust,0.86,1.82,0.6699999999999999,callee
core/src/transport/manager.rs,new,rust,0.84,1.82,0.68,callee
core/src/transport/mesh_routing.rs,future_dated_flood_from_bounded_identities_cannot_evict_honest_routes,rust,0.83,1.82,0.69,sibling
core/src/transport/swarm.rs,token_bucket_refills_after_elapsed_time,rust,0.83,1.82,0.7100000000000001,callee
core/src/transport/swarm.rs,identify_log_dedup_suppresses_within_ttl,rust,0.85,1.82,0.6900000000000001,callee
core/tests/integration_core_ffi_node1.rs,on_message_received,rust,0.88,1.82,0.66,caller
core/tests/integration_dial_policy.rs,test_backoff_progression_sequence,rust,0.81,1.82,0.7000000000000001,callee
core/tests/integration_ironcore_roundtrip.rs,on_peer_identified,rust,0.86,1.82,0.66,caller
iOS/SCMessenger/SCMessenger/Data/MeshRepository.swift,getDeviceId,swift,0.86,1.82,0.6799999999999999,callee
mobile/src/lib.rs,test_swarm_bridge_creation,rust,0.86,1.82,0.6900000000000001,callee
cli/src/ble_windows.rs,run_windows_ble_peripheral,rust,0.89,1.82,0.7000000000000001,sibling
core/src/identity/keys.rs,test_v1_backup_restore_migration,rust,0.88,1.82,0.6900000000000001,sibling
core/src/message/codec.rs,test_decode_envelope_drift_format,rust,0.85,1.82,0.7000000000000001,callee
iOS/SCMessengerCore.xcframework/ios-arm64-simulator/Headers/SCMessengerCore.swift,setBootstrapNodes,swift,0.86,1.82,0.68,callee
iOS/SCMessengerCore.xcframework/ios-arm64/Headers/SCMessengerCore.swift,setBootstrapNodes,swift,0.87,1.82,0.7000000000000001,callee
mobile/src/lib.rs,test_mobile_messaging,rust,0.88,1.82,0.7100000000000001,sibling
android/app/src/main/java/com/scmessenger/android/data/GhostIdentityGate.kt,shouldRenderAsNode,kotlin,0.82,1.81,0.6900000000000001,sibling
android/app/src/main/java/com/scmessenger/android/data/MeshRepository.kt,setLocalNickname,kotlin,0.86,1.81,0.72,callee
android/app/src/main/java/com/scmessenger/android/data/MeshRepository.kt,getRecentlyDeadAddresses,kotlin,0.85,1.81,0.72,caller
android/app/src/main/java/com/scmessenger/android/service/PerformanceMonitor.kt,writeAnrEvent,kotlin,0.81,1.81,0.67,caller
android/app/src/main/java/com/scmessenger/android/ui/viewmodels/SettingsViewModel.kt,updateWifiAwareEnabled,kotlin,0.86,1.81,0.73,callee
android/app/src/main/java/com/scmessenger/android/ui/viewmodels/SettingsViewModel.kt,primeRelayBootstrapConnections,kotlin,0.85,1.81,0.72,callee
android/shared/src/commonMain/kotlin/com/scmessenger/shared/platform/PlatformStorage.kt,putBoolean,kotlin,0.87,1.81,0.66,sibling
cli/src/ble_mesh.rs,push_message_to_ui,rust,0.86,1.81,0.72,callee
cli/src/ledger.rs,summary,rust,0.84,1.81,0.65,callee
cli/src/ledger.rs,test_try_begin_dial_allows_circuit_when_relay_healthy,rust,0.86,1.81,0.66,callee
core/src/abuse/reputation.rs,record_signal,rust,0.88,1.81,0.72,callee
core/src/iron_core.rs,hydrated_ledger_manager,rust,0.86,1.81,0.72,callee
core/src/iron_core.rs,history_manager,rust,0.86,1.81,0.73,caller
core/src/iron_core.rs,routing_register_path,rust,0.87,1.81,0.72,callee
core/src/iron_core.rs,purge_expired_custody,rust,0.86,1.81,0.71,callee
core/src/iron_core.rs,lifecycle_only_one_start_succeeds_from_stopped_state,rust,0.84,1.81,0.68,none
core/src/mobile_bridge.rs,routing_tick,rust,0.85,1.81,0.71,callee
core/src/mobile_bridge.rs,send_message_status,rust,0.88,1.81,0.74,callee
core/src/mobile_bridge.rs,proximity_payload_at_exact_limit_is_forwarded,rust,0.86,1.81,0.7000000000000001,callee
core/src/routing/adaptive_ttl.rs,new,rust,0.83,1.81,0.7000000000000001,callee
core/src/routing/optimized_engine.rs,test_maintenance_integration,rust,0.85,1.81,0.7000000000000001,sibling
core/src/store/inbox.rs,trigger_maintenance,rust,0.88,1.81,0.7,callee
core/src/transport/escalation.rs,test_select_best_transport_low_power,rust,0.83,1.81,0.7,callee
core/src/transport/reputation.rs,load_from_storage,rust,0.88,1.81,0.73,sibling
core/src/transport/reputation.rs,test_successful_delivery_increases_score,rust,0.84,1.81,0.67,callee
core/src/transport/swarm.rs,peer_is_blocked,rust,0.83,1.81,0.72,callee
core/src/transport/swarm.rs,new,rust,0.85,1.81,0.67,callee
core/tests/integration_mycorrhizal_routing.rs,test_gateway_routing_decision,rust,0.87,1.81,0.71,sibling
wasm/src/daemon_bridge.rs,new,rust,0.87,1.81,0.71,sibling
wasm/src/transport.rs,new,rust,0.87,1.81,0.68,caller
core/src/message/codec.rs,test_envelope_roundtrip,rust,0.85,1.81,0.7000000000000001,sibling
android/app/src/main/java/com/scmessenger/android/transport/SmartTransportRouter.kt,getAvailableTransportsSorted,kotlin,0.82,1.8,0.7,callee
android/app/src/main/java/com/scmessenger/android/ui/viewmodels/SettingsViewModel.kt,setSoundEnabled,kotlin,0.85,1.8,0.72,callee
android/app/src/main/java/com/scmessenger/android/utils/DeepLinkValidator.kt,sanitizeDeepLinkMultiaddrs,kotlin,0.86,1.8,0.69,sibling
android/app/src/test/java/com/scmessenger/android/utils/PeerIdValidatorTest.kt,`rejects wrong lengths within prefix families`,kotlin,0.81,1.8,0.68,callee
android/shared/src/commonMain/kotlin/com/scmessenger/shared/viewmodel/ContactsViewModel.kt,loadContacts,kotlin,0.86,1.8,0.73,callee
cli/src/main.rs,auto_reply_ignores_machine_envelopes_and_empty_bodies,rust,0.85,1.8,0.66,none
core/src/drift/store.rs,make_envelope,rust,0.83,1.8,0.7,caller
core/src/iron_core.rs,get_active_paths,rust,0.86,1.8,0.71,sibling
core/src/mobile_bridge.rs,safety_number,rust,0.84,1.8,0.67,callee
core/src/mobile_bridge.rs,test_safety_number_returns_empty_string_on_malformed_keys,rust,0.85,1.8,0.66,none
core/src/mobile_bridge.rs,on_network_changed,rust,0.85,1.8,0.66,caller
core/src/mobile_bridge.rs,proximity_round_trip_via_mock_bridge_ble_and_wifi_aware,rust,0.86,1.8,0.6799999999999999,callee
core/src/relay/invite.rs,test_build_seed_ledger_strips_peer_ids_and_dedupes,rust,0.85,1.8,0.66,callee
core/src/relay/invite.rs,test_get_trust_chain_via_system,rust,0.83,1.8,0.68,callee
core/src/transport/swarm.rs,note_inbound_attempt,rust,0.86,1.8,0.68,callee
core/src/transport/swarm.rs,flush_outbox_over_swarm,rust,0.88,1.8,0.71,caller
core/src/transport/wifi_direct.rs,handle_peers_changed,rust,0.86,1.8,0.72,caller
core/tests/integration_core_ffi_node1.rs,test_layer5_memory_zeroization,rust,0.85,1.8,0.7000000000000001,callee
core/tests/integration_wan_swarm_node2.rs,test_circuit_breaker_error_arms,rust,0.85,1.8,0.6900000000000001,sibling
iOS/SCMessenger/SCMessenger/Transport/BLECentralManager.swift,setBackgroundMode,swift,0.86,1.8,0.6900000000000001,caller
wasm/src/notification_manager.rs,get_permission,rust,0.85,1.8,0.6900000000000001,callee
core/src/crypto/backup.rs,test_legacy_pbkdf2_with_salt_format_still_decrypts,rust,0.85,1.8,0.6900000000000001,callee
android/app/src/main/java/com/scmessenger/android/ui/screens/ContactsScreen.kt,ContactItem,kotlin,0.87,1.79,0.69,sibling
android/app/src/test/java/com/scmessenger/android/test/MeshForegroundServiceTest.kt,`resume resolves to Resume only when both running`,kotlin,0.81,1.79,0.65,callee
android/app/src/test/java/com/scmessenger/android/test/MeshRepositoryTest.kt,`isInfrastructureAgent rejects regular peer agents`,kotlin,0.84,1.79,0.63,callee
android/app/src/test/java/com/scmessenger/android/transport/MdnsDnsaddrInteropTest.kt,`registration proceeds once the local peer id is available`,kotlin,0.85,1.79,0.67,sibling
android/app/src/test/java/com/scmessenger/android/utils/DeepLinkValidatorTest.kt,`multiple valid public IPv4 multiaddrs are accepted up to cap`,kotlin,0.83,1.79,0.67,callee
core/src/mobile_bridge.rs,proximity_oversize_payload_rejected_per_transport_inbound,rust,0.86,1.79,0.68,callee
core/src/relay/invite.rs,sign_token_pq,rust,0.87,1.79,0.7,callee
core/src/routing/global.rs,resolve_route_request,rust,0.86,1.79,0.68,caller
core/src/store/ledger_entry.rs,exchange_includes_rfc1918_when_same_network,rust,0.83,1.79,0.67,callee
core/src/transport/abstraction.rs,test_transport_command_display,rust,0.84,1.79,0.65,sibling
core/src/transport/manager.rs,add_multi_hop_step,rust,0.87,1.79,0.68,callee
core/tests/integration_wifi_aware.rs,wifi_direct_discover_peers,rust,0.83,1.79,0.66,caller
iOS/SCMessenger/SCMessenger/Transport/BLECentralManager.swift,centralManager,swift,0.87,1.79,0.72,sibling
iOS/SCMessenger/SCMessenger/Transport/BLECentralManager.swift,wasIntentionalDisconnect,swift,0.85,1.79,0.67,sibling
wasm/src/storage.rs,new,rust,0.84,1.79,0.6900000000000001,sibling
core/src/mobile_bridge.rs,test_identity_creation_upgrades_resolved_mode_from_headless_to_full,rust,0.87,1.79,0.7,callee
android/app/src/main/java/com/scmessenger/android/data/MeshRepository.kt,onPeerDiscovered,kotlin,0.88,1.78,0.7,callee
android/app/src/main/java/com/scmessenger/android/data/MeshRepository.kt,onReceiptReceived,kotlin,0.87,1.78,0.7,caller
android/app/src/main/java/com/scmessenger/android/data/MeshRepository.kt,createEmergencyContact,kotlin,0.87,1.78,0.72,callee
android/app/src/main/java/com/scmessenger/android/service/MeshForegroundService.kt,onBind,kotlin,0.85,1.78,0.67,callee
android/app/src/main/java/com/scmessenger/android/transport/WifiAwareTransport.kt,createInitiatorSocket,kotlin,0.88,1.78,0.72,caller
android/app/src/main/java/com/scmessenger/android/ui/viewmodels/SettingsViewModel.kt,retryBootstrap,kotlin,0.86,1.78,0.72,callee
android/app/src/test/java/com/scmessenger/android/test/MeshRepositoryTest.kt,`feature-flag helper accepts common enabled forms`,kotlin,0.84,1.78,0.64,callee
cli/src/api_axum.rs,simulate_test_harness_static,rust,0.87,1.78,0.7,caller
core/src/drift/relay.rs,set_reputation_manager,rust,0.88,1.78,0.67,none
core/src/dspy/modules.rs,new,rust,0.84,1.78,0.67,callee
core/src/iron_core.rs,clear_all_request_notifications,rust,0.86,1.78,0.66,caller
core/src/mobile_bridge.rs,on_network_changed,rust,0.86,1.78,0.7,caller
core/src/mobile_bridge.rs,on_entering_background,rust,0.87,1.78,0.67,caller
core/src/mobile_bridge.rs,test_update_device_state_stores_state,rust,0.86,1.78,0.68,callee
core/src/routing/local.rs,active_peer_selection_contract,rust,0.87,1.78,0.68,callee
core/src/store/contacts.rs,contact_new_has_no_last_known_device_id,rust,0.79,1.78,0.66,callee
core/src/transport/abstraction.rs,test_transport_capabilities_for_internet,rust,0.82,1.78,0.64,callee
core/src/transport/abstraction.rs,test_transport_capabilities_for_local,rust,0.81,1.78,0.64,callee
core/src/transport/hint_store.rs,restricted_hosts_never_become_hints,rust,0.83,1.78,0.68,callee
core/src/transport/swarm.rs,ledger_exchange_disclosure_is_rate_limited_per_peer,rust,0.82,1.78,0.67,callee
core/src/transport/wifi_aware.rs,new,rust,0.85,1.78,0.6599999999999999,sibling
core/tests/integration_local_mesh_node3.rs,set_available,rust,0.85,1.78,0.67,callee
core/tests/integration_wifi_aware.rs,on_entering_background,rust,0.82,1.78,0.62,caller
core/tests/test_and06_live_key_corpus.rs,live_identity_ids_still_derive_from_their_live_public_keys,rust,0.82,1.78,0.6499999999999999,callee
desktop_bridge/src/xdg_paths.rs,test_store_path_under_data_dir,rust,0.8,1.78,0.67,callee
iOS/SCMessenger/SCMessenger/ViewModels/ContactsViewModel.swift,handleIdentityDiscovered,swift,0.86,1.78,0.7,callee
wasm/src/lib.rs,get_enhanced_peer_reputation,rust,0.85,1.78,0.68,callee
wasm/src/transport.rs,test_wasm_transport_add_peer,rust,0.83,1.78,0.68,callee
android/app/src/main/java/com/scmessenger/android/data/MeshRepository.kt,refreshDiscoveredPeerForContact,kotlin,0.86,1.77,0.7,caller
android/app/src/main/java/com/scmessenger/android/data/MeshRepository.kt,replayDiscoveredPeerEvents,kotlin,0.88,1.77,0.7,callee
android/app/src/main/java/com/scmessenger/android/data/MeshRepository.kt,resolveTransportIdentity,kotlin,0.87,1.77,0.7,callee
android/shared/src/desktopMain/kotlin/com/scmessenger/shared/platform/PlatformNetworking.desktop.kt,stop,kotlin,0.86,1.77,0.63,sibling
core/src/iron_core.rs,dspy_add_step,rust,0.86,1.77,0.65,callee
core/src/iron_core.rs,set_cover_traffic_generator,rust,0.87,1.77,0.6799999999999999,callee
core/src/iron_core.rs,is_content_suspicious,rust,0.86,1.77,0.64,callee
core/src/mobile_bridge.rs,override_relay_max_per_hour,rust,0.88,1.77,0.66,callee
core/src/relay/bootstrap.rs,test_get_peer_addresses,rust,0.84,1.77,0.66,callee
core/src/routing/smart_retry.rs,test_zero_base_delay,rust,0.81,1.77,0.66,callee
core/src/store/ledger_entry.rs,export_seed_entries_for,rust,0.82,1.77,0.68,sibling
core/src/store/ledger_entry.rs,exchange_blocks_rfc1918_when_different_network,rust,0.85,1.77,0.67,callee
core/src/store/ledger_entry.rs,invite_import_at_cap_retains_all_16,rust,0.84,1.77,0.65,sibling
core/src/store/ledger_entry.rs,record_connection_verifies_but_advertisement_does_not,rust,0.84,1.77,0.65,callee
core/src/transport/swarm.rs,normal_low_volume_usage_is_unaffected,rust,0.82,1.77,0.66,callee
core/tests/integration_ledger_seeding_hardening.rs,flood_ledger_exchange,rust,0.84,1.77,0.68,caller
core/tests/integration_mycorrhizal_routing.rs,test_routing_optimization_tick,rust,0.87,1.77,0.67,sibling
iOS/SCMessenger/SCMessenger/Generated/api.swift,routingCalculateDynamicTtl,swift,0.82,1.77,0.63,callee
iOS/SCMessenger/SCMessenger/Transport/MultipeerTransport.swift,session,swift,0.89,1.77,0.67,callee
iOS/SCMessengerCore.xcframework/ios-arm64-simulator/Headers/SCMessengerCore.swift,stop,swift,0.84,1.77,0.68,callee
wasm/src/lib.rs,with_storage,rust,0.85,1.77,0.7,callee
android/app/src/main/java/com/scmessenger/android/data/MeshRepository.kt,retainDisconnectedPeer,kotlin,0.86,1.76,0.66,caller
android/app/src/main/java/com/scmessenger/android/data/MeshRepository.kt,getDialableAddresses,kotlin,0.85,1.76,0.6799999999999999,callee
android/app/src/main/java/com/scmessenger/android/service/AnrWatchdog.kt,isMainThreadResponsive,kotlin,0.82,1.76,0.66,caller
android/app/src/test/java/com/scmessenger/android/test/ChatViewModelTest.kt,`conversation load renders the reply after its trigger under sender clock skew`,kotlin,0.82,1.76,0.64,sibling
android/app/src/test/java/com/scmessenger/android/ui/viewmodels/MainViewModelTest.kt,`malformed URI does not crash app`,kotlin,0.83,1.76,0.64,sibling
cli/tests/integration_mesh_acceptance.rs,prove_connection,rust,0.84,1.76,0.64,callee
core/src/drift/policy.rs,test_relay_config_has_correct_defaults,rust,0.78,1.76,0.64,callee
core/src/dspy/signatures.rs,new,rust,0.85,1.76,0.64,none
core/src/iron_core.rs,drift_set_cover_traffic,rust,0.86,1.76,0.66,callee
core/src/iron_core.rs,routing_peer_seen_raises_confidence_after_connection_established,rust,0.85,1.76,0.65,sibling
core/src/mobile_bridge.rs,proximity_oversize_payload_rejected_per_transport_outbound,rust,0.84,1.76,0.67,callee
core/src/relay/bootstrap.rs,new,rust,0.87,1.76,0.6799999999999999,callee
core/src/routing/global.rs,test_complex_routing_scenario,rust,0.83,1.76,0.66,callee
core/src/routing/local.rs,test_stale_peers_not_in_peers_for_hint,rust,0.82,1.76,0.65,callee
core/src/routing/negative_cache.rs,for_peer_cache,rust,0.8,1.76,0.65,callee
core/src/routing/neighborhood.rs,test_process_gossip_adds_neighborhood_info,rust,0.85,1.76,0.65,sibling
core/src/transport/ble/scanner.rs,test_duty_cycle_manager_set_battery_state,rust,0.79,1.76,0.6599999999999999,sibling
core/src/transport/dial_policy.rs,test_concurrent_dial_limit,rust,0.83,1.76,0.68,callee
core/src/transport/reputation.rs,record_signal,rust,0.87,1.76,0.69,caller
core/src/transport/swarm.rs,large_ledger_produces_a_bounded_candidate_list,rust,0.84,1.76,0.65,callee
core/src/transport/wifi_aware.rs,close_data_path,rust,0.83,1.76,0.63,caller
core/tests/integration_local_mesh_node3.rs,test_l2cap_reassembly_manager_crc32_and_multi_peer,rust,0.84,1.76,0.66,sibling
core/tests/integration_recency_map_bounds.rs,future_dated_flood_cannot_take_over_the_ranking_key,rust,0.81,1.76,0.6699999999999999,sibling
iOS/SCMessenger/SCMessenger/Data/MeshRepository.swift,sendBlePacket,swift,0.87,1.76,0.72,caller
iOS/SCMessengerCore.xcframework/ios-arm64-simulator/Headers/SCMessengerCore.swift,setDelegate,swift,0.85,1.76,0.67,callee
iOS/SCMessengerCore.xcframework/ios-arm64/Headers/SCMessengerCore.swift,setDelegate,swift,0.86,1.76,0.67,callee
wasm/src/lib.rs,get_drift_store_size,rust,0.86,1.76,0.65,callee
wasm/src/lib.rs,get_audit_log,rust,0.84,1.76,0.66,callee
android/app/src/main/java/com/scmessenger/android/utils/ApkShareManager.kt,startLocalApkHost,kotlin,0.89,1.76,0.7,sibling
core/src/crypto/backup.rs,test_oldest_blake3_salt_format_still_decrypts,rust,0.84,1.76,0.6499999999999999,callee
core/src/identity/store.rs,test_identity_store_migration,rust,0.87,1.76,0.66,callee
core/tests/integration_ws13_migration.rs,phase_a_also_enforces_ws13_device_mismatch_at_store_level,rust,0.83,1.76,0.65,sibling
AgentSwarmCline/scmessenger_swarm/observability_tests.rs,test_display_format,rust,0.79,1.75,0.64,callee
android/app/src/main/java/com/scmessenger/android/data/MeshRepository.kt,onPeerIdentityRead,kotlin,0.88,1.75,0.69,callee
android/app/src/main/java/com/scmessenger/android/ui/viewmodels/ContactsViewModel.kt,selectStablePeerId,kotlin,0.81,1.75,0.6599999999999999,callee
android/app/src/test/java/com/scmessenger/android/data/GhostIdentityGateTest.kt,self_dial_unproven_is_ghost,kotlin,0.82,1.75,0.62,callee
android/app/src/test/java/com/scmessenger/android/utils/PeerIdValidatorCurveVectorTest.kt,`identity triad boundary stays consistent with canonical tests`,kotlin,0.81,1.75,0.61,callee
android/app/src/test/java/com/scmessenger/android/utils/PeerIdValidatorTest.kt,`isBlePeerId correctly identifies UUID format`,kotlin,0.81,1.75,0.61,callee
cli/src/api.rs,handle_get_connection_path_state,rust,0.85,1.75,0.6799999999999999,callee
core/src/drift/policy.rs,test_scan_interval_minimal,rust,0.79,1.75,0.66,sibling
core/src/drift/sketch.rs,test_iblt_size_calculation,rust,0.78,1.75,0.62,callee
core/src/mobile_bridge.rs,pause,rust,0.87,1.75,0.65,callee
core/src/relay/invite.rs,test_distance_from_root,rust,0.81,1.75,0.65,callee
core/src/store/outbox.rs,trigger_maintenance,rust,0.86,1.75,0.6699999999999999,callee
core/src/transport/capability.rs,can_forward_for_wasm_returns_false_when_empty,rust,0.8,1.75,0.63,sibling
core/src/transport/escalation.rs,test_escalation_order_high_bandwidth,rust,0.82,1.75,0.67,callee
core/src/transport/reputation.rs,test_persistence_eviction_cleans_storage,rust,0.84,1.75,0.66,sibling
core/src/transport/wifi_aware.rs,test_decode_port_tlv_with_multiple_tlvs,rust,0.83,1.75,0.65,callee
core/tests/test_and06_live_key_corpus.rs,valid,rust,0.84,1.75,0.63,callee
core/tests/test_multiport.rs,test_phase_2_implementation_complete,rust,0.83,1.75,0.62,sibling
iOS/SCMessenger/SCMessenger/Data/MeshRepository.swift,grantIdentityConsent,swift,0.87,1.75,0.6699999999999999,callee
iOS/SCMessenger/SCMessenger/Data/MeshRepository.swift,replayDiscoveredPeerEvents,swift,0.87,1.75,0.6799999999999999,callee
iOS/SCMessenger/SCMessenger/Data/MeshRepository.swift,buildRoutePeerCandidates,swift,0.86,1.75,0.69,callee
iOS/SCMessenger/SCMessenger/Generated/api.swift,routingMarkPathFailed,swift,0.83,1.75,0.65,callee
iOS/SCMessenger/SCMessenger/Services/IosPlatformBridge.swift,onEnteringBackground,swift,0.86,1.75,0.67,caller
wasm/src/worker.rs,test_push_notification_handler_should_sync,rust,0.81,1.75,0.66,callee
android/app/src/main/java/com/scmessenger/android/data/MeshRepository.kt,initializeAndStartWifi,kotlin,0.87,1.74,0.6900000000000001,callee
android/app/src/main/java/com/scmessenger/android/data/MeshRepository.kt,sanitizeExclusiveNicknames,kotlin,0.85,1.74,0.6799999999999999,callee
android/app/src/main/java/com/scmessenger/android/service/AnrWatchdog.kt,handleAnrWarning,kotlin,0.83,1.74,0.65,callee
android/app/src/main/java/com/scmessenger/android/service/ServiceHealthMonitor.kt,restartMeshService,kotlin,0.87,1.74,0.67,caller
android/app/src/test/java/com/scmessenger/android/data/CellTransportBurnDownTest.kt,dns6AndDnsaddrAreNotAdmittedAsPublicInternet,kotlin,0.82,1.74,0.64,callee
cli/src/bin/stress-test.rs,main,rust,0.86,1.74,0.6799999999999999,sibling
cli/src/bootstrap.rs,test_default_bootstrap_nodes,rust,0.81,1.74,0.64,callee
core/src/drift/relay.rs,maintenance,rust,0.87,1.74,0.6799999999999999,callee
core/src/iron_core.rs,drift_set_reputation_manager,rust,0.87,1.74,0.6599999999999999,sibling
core/src/iron_core.rs,reliability_success_updates_local_score_and_capability_uses_active_peers,rust,0.86,1.74,0.66,sibling
core/src/mobile_bridge.rs,on_wifi_aware_peer_discovered,rust,0.87,1.74,0.6799999999999999,caller
core/src/mobile_bridge.rs,on_wifi_direct_peer_discovered,rust,0.89,1.74,0.6699999999999999,callee
core/src/mobile_bridge.rs,wifi_direct_remove_group,rust,0.86,1.74,0.62,callee
core/src/observability.rs,test_event_creation,rust,0.83,1.74,0.66,sibling
core/src/relay/delegate_prewarm.rs,new,rust,0.85,1.74,0.66,callee
core/src/relay/invite.rs,create_invite_token,rust,0.86,1.74,0.63,caller
core/src/routing/adaptive_ttl.rs,decay,rust,0.85,1.74,0.6599999999999999,sibling
core/src/store/ledger_entry.rs,seed_threshold_boundary,rust,0.83,1.74,0.65,callee
core/src/transport/dial_policy.rs,test_backoff_cap_at_30s,rust,0.81,1.74,0.63,callee
core/src/transport/manager.rs,test_peers_on_transport,rust,0.85,1.74,0.65,callee
core/src/transport/wifi_aware.rs,test_decode_port_tlv_none_when_absent,rust,0.79,1.74,0.61,none
core/tests/integration_recency_map_bounds.rs,eviction_takes_from_the_largest_holders_first,rust,0.82,1.74,0.65,sibling
core/tests/test_mesh_routing.rs,test_retry_strategy_exponential_backoff,rust,0.84,1.74,0.64,callee
iOS/SCMessenger/SCMessenger/Generated/api.swift,lower,swift,0.84,1.74,0.62,callee
iOS/SCMessenger/SCMessenger/Generated/api.swift,routingMarkGateway,swift,0.85,1.74,0.62,callee
wasm/src/lib.rs,with_storage,rust,0.85,1.74,0.6799999999999999,callee
wasm/src/lib.rs,contact_federated_nickname,rust,0.86,1.74,0.64,callee
core/src/transport/ble/beacon.rs,test_beacon_builder_with_custom_rotation_period,rust,0.84,1.74,0.64,sibling
core/src/transport/wifi_aware.rs,test_create_data_path,rust,0.85,1.74,0.67,callee
iOS/SCMessenger/SCMessenger/Generated/api.swift,routingPeerSeen,swift,0.84,1.74,0.64,callee
iOS/SCMessenger/SCMessenger/Generated/api.swift,dispatchBlePacket,swift,0.85,1.74,0.64,callee
iOS/SCMessengerCore.xcframework/ios-arm64-simulator/Headers/SCMessengerCore.swift,annotateIdentity,swift,0.85,1.74,0.66,callee
android/app/src/main/java/com/scmessenger/android/network/DiagnosticsReporter.kt,runPortProbes,kotlin,0.85,1.73,0.6699999999999999,callee
android/app/src/main/java/com/scmessenger/android/service/MeshForegroundService.kt,acquireWakeLock,kotlin,0.87,1.73,0.6599999999999999,caller
android/app/src/main/java/com/scmessenger/android/transport/ble/BleL2capManager.kt,connect,kotlin,0.87,1.73,0.6900000000000001,callee
android/app/src/main/java/com/scmessenger/android/ui/viewmodels/SettingsViewModel.kt,overrideRelayMax,kotlin,0.83,1.73,0.65,caller
android/app/src/test/java/com/scmessenger/android/data/CellTransportBurnDownTest.kt,dns4IsNotAdmittedAsPublicInternet,kotlin,0.82,1.73,0.63,callee
android/app/src/test/java/com/scmessenger/android/service/MeshLifecycleSerializationTest.kt,concurrentStopFlood_runsExactlyOneTeardown,kotlin,0.8,1.73,0.64,sibling
android/app/src/test/java/com/scmessenger/android/utils/ContactDisplayNameTest.kt,`synthetic peer- fallback nickname treated as blank`,kotlin,0.8,1.73,0.65,sibling
cli/src/ble_mesh.rs,scm_identity_uuid,rust,0.83,1.73,0.61,caller
core/src/iron_core.rs,drift_activate,rust,0.87,1.73,0.6699999999999999,callee
core/src/mobile_bridge.rs,recommended_transport,rust,0.85,1.73,0.6599999999999999,callee
core/src/observability.rs,test_chain_hash_determinism,rust,0.83,1.73,0.62,sibling
core/src/relay/bootstrap.rs,new,rust,0.86,1.73,0.63,sibling
core/src/store/backend.rs,flush,rust,0.82,1.73,0.66,sibling
core/src/transport/swarm.rs,ssrf_addresses_never_become_dial_candidates,rust,0.83,1.73,0.64,callee
core/src/wasm_support/mesh.rs,test_relay_incoming_stores_message,rust,0.84,1.73,0.67,callee
core/tests/test_mesh_routing.rs,test_reputation_recovery_after_failures,rust,0.86,1.73,0.66,callee
iOS/SCMessenger/SCMessenger/Data/MeshRepository.swift,sendIdentitySyncIfNeeded,swift,0.88,1.73,0.6799999999999999,callee
iOS/SCMessenger/SCMessenger/Data/MeshRepository.swift,promoteMatchingLedgerSeeds,swift,0.88,1.73,0.6799999999999999,caller
iOS/SCMessenger/SCMessenger/Data/MeshRepository.swift,markDeliveredReceiptSeen,swift,0.85,1.73,0.69,caller
wasm/src/lib.rs,set_daemon_socket_url,rust,0.87,1.73,0.65,callee
wasm/src/worker.rs,test_default_sync_handler,rust,0.83,1.73,0.62,sibling
core/src/crypto/pq/mldsa.rs,test_mldsa65_known_answer_test,rust,0.81,1.73,0.6499999999999999,callee
core/src/transport/ble/beacon.rs,test_beacon_parser_decrypts_valid_beacon,rust,0.85,1.73,0.65,callee
core/tests/integration_local_mesh_node3.rs,test_wifi_aware_socket_encryption_handshake_and_pmk,rust,0.87,1.73,0.65,callee
iOS/SCMessenger/SCMessenger/Generated/api.swift,ratchetResetSession,swift,0.84,1.73,0.64,callee
android/app/src/main/java/com/scmessenger/android/transport/TransportManager.kt,sendData,kotlin,0.87,1.72,0.6699999999999999,callee
android/app/src/test/java/com/scmessenger/android/ui/viewmodels/ConversationsViewModelTest.kt,`isBlocked returns false on exception`,kotlin,0.8,1.72,0.61,sibling
android/shared/src/commonMain/kotlin/com/scmessenger/shared/platform/PlatformStorage.kt,getBoolean,kotlin,0.85,1.72,0.61,sibling
cli/src/bootstrap.rs,parse_bootstrap_addr,rust,0.82,1.72,0.6599999999999999,callee
core/src/crypto/ratchet.rs,handle_incoming_pq_fields,rust,0.88,1.72,0.6799999999999999,caller
core/src/mobile_bridge.rs,on_motion_changed,rust,0.86,1.72,0.64,caller
core/src/mobile_bridge.rs,drain_to_fixed_point,rust,0.86,1.72,0.64,callee
core/src/relay/client.rs,add_connection,rust,0.87,1.72,0.65,caller
core/src/relay/peer_exchange.rs,test_record_failure_2,rust,0.82,1.72,0.62,callee
core/src/routing/engine.rs,tick,rust,0.86,1.72,0.65,callee
core/src/routing/resume_prefetch.rs,update_route,rust,0.83,1.72,0.6699999999999999,caller
core/src/store/inbox.rs,default_version,rust,0.85,1.72,0.61,sibling
core/src/store/ledger_entry.rs,record_failure,rust,0.85,1.72,0.6699999999999999,caller
core/src/store/ledger_entry.rs,live_peer_disclosure_allows_dead_tier_sibling_addresses,rust,0.84,1.72,0.63,callee
core/src/transport/dial_policy.rs,test_backoff_eligibility,rust,0.83,1.72,0.64,callee
core/src/transport/mesh_routing.rs,new,rust,0.85,1.72,0.62,caller
core/src/transport/swarm.rs,zombie_tracker_maps_are_bounded_like_every_per_peer_map,rust,0.82,1.72,0.63,callee
core/src/transport/swarm.rs,extract_tcp_port_from_multiaddr_returns_udp_port,rust,0.84,1.72,0.59,none
core/src/transport/wifi_direct.rs,wire_callbacks,rust,0.86,1.72,0.64,caller
core/src/wasm_support/transport.rs,handle_message,rust,0.87,1.72,0.6699999999999999,caller
iOS/SCMessenger/SCMessenger/Data/MeshRepository.swift,resolveTransportIdentity,swift,0.86,1.72,0.6699999999999999,callee
iOS/SCMessenger/SCMessenger/Transport/BLECentralManager.swift,scheduleIdentityRefreshReads,swift,0.84,1.72,0.6799999999999999,sibling
iOS/SCMessenger/SCMessenger/Views/Contacts/ContactsListView.swift,makeCoordinator,swift,0.86,1.72,0.61,callee
iOS/SCMessengerCore.xcframework/ios-arm64/Headers/SCMessengerCore.swift,stop,swift,0.83,1.72,0.64,callee
wasm/src/lib.rs,new,rust,0.86,1.72,0.65,callee
core/src/mobile_bridge.rs,send_ble_packet,rust,0.86,1.72,0.62,callee
iOS/SCMessenger/SCMessenger/Generated/api.swift,onWifiDirectPeerDiscovered,swift,0.86,1.72,0.63,callee
android/app/src/main/java/com/scmessenger/android/data/MeshRepository.kt,reclaimExclusiveFederatedNickname,kotlin,0.85,1.71,0.6599999999999999,caller
android/app/src/main/java/com/scmessenger/android/data/MeshRepository.kt,isBootstrapRelayPeerFromKey,kotlin,0.85,1.71,0.64,callee
android/app/src/test/java/com/scmessenger/android/test/DropAtCapRetentionTest.kt,`at-cap transport-acked entry is SENT again even when in-memory retry gate is blocked`,kotlin,0.83,1.71,0.61,callee
android/app/src/test/java/com/scmessenger/android/utils/DeepLinkValidatorTest.kt,`private IPv4 off-subnet is rejected`,kotlin,0.8,1.71,0.59,callee
android/shared/src/androidMain/kotlin/com/scmessenger/shared/platform/PlatformStorage.android.kt,getString,kotlin,0.83,1.71,0.61,sibling
cli/src/ble_daemon.rs,test_format_bytes,rust,0.82,1.71,0.61,none
core/src/drift/envelope.rs,test_is_expired_in_past,rust,0.77,1.71,0.63,callee
core/src/drift/policy.rs,test_profile_reduced_at_boundary_low,rust,0.78,1.71,0.6,sibling
core/src/drift/policy.rs,test_should_reduce_false_for_standard,rust,0.81,1.71,0.62,sibling
core/src/iron_core.rs,converge_delivered_for_message,rust,0.85,1.71,0.62,callee
core/src/mobile_bridge.rs,random_port,rust,0.84,1.71,0.64,callee
core/src/mobile_bridge.rs,wifi_aware_create_data_path,rust,0.87,1.71,0.61,caller
core/src/routing/engine.rs,route_redundant,rust,0.85,1.71,0.64,callee
core/src/routing/resume_prefetch.rs,on_app_background,rust,0.85,1.71,0.6499999999999999,caller
core/src/store/outbox.rs,mark_not_in_custody,rust,0.84,1.71,0.6699999999999999,callee
core/src/store/sweeper.rs,test_sweep_no_expired_messages,rust,0.81,1.71,0.64,sibling
core/src/transport/addr_filter.rs,rfc1918_not_disclosable_when_different_private_class,rust,0.82,1.71,0.6,sibling
core/src/transport/diagnostics.rs,peer_connection_summary_formats_state,rust,0.8,1.71,0.63,sibling
core/src/transport/manager.rs,expire_address_observations,rust,0.85,1.71,0.62,callee
core/src/transport/manager.rs,test_tick_stale_prune_queues_target_peer_reconnect,rust,0.85,1.71,0.63,sibling
core/src/transport/manager.rs,test_is_peer_connected,rust,0.84,1.71,0.61,callee
core/src/transport/multiport.rs,test_excluded_port_9002_wasm_bridge_never_emitted,rust,0.81,1.71,0.63,callee
core/src/transport/swarm.rs,decode_delivery_convergence_marker,rust,0.86,1.71,0.63,callee
core/src/transport/wifi_aware.rs,test_bandwidth_estimation,rust,0.8,1.71,0.62,callee
core/tests/integration_wifi_aware.rs,on_motion_changed,rust,0.82,1.71,0.6,caller
core/tests/integration_wifi_aware.rs,wifi_direct_stop_discovery,rust,0.84,1.71,0.5900000000000001,caller
iOS/SCMessenger/SCMessenger/Generated/api.swift,routingClearUnreachablePeer,swift,0.82,1.71,0.63,callee
iOS/SCMessenger/SCMessenger/ViewModels/SettingsViewModel.swift,resetAllData,swift,0.83,1.71,0.6599999999999999,caller
wasm/src/lib.rs,from,rust,0.85,1.71,0.6,none
wasm/src/lib.rs,from,rust,0.83,1.71,0.63,caller
android/app/src/test/java/com/scmessenger/android/test/UniffiIntegrationTest.kt,`test IronCore initialization`,kotlin,0.85,1.71,0.6499999999999999,sibling
core/src/relay/invite.rs,test_encoded_invite_leaks_no_third_party_identity,rust,0.85,1.71,0.64,callee
core/tests/integration_ledger_seeding_hardening.rs,dialing_a_peer_populates_the_dialer_ledger_without_manual_seeding,rust,0.85,1.71,0.65,sibling
android/app/src/main/java/com/scmessenger/android/data/MeshRepository.kt,enforceRetention,kotlin,0.84,1.7,0.6399999999999999,callee
android/app/src/main/java/com/scmessenger/android/data/MeshRepository.kt,persistRouteHintsForTransportPeer,kotlin,0.86,1.7,0.6599999999999999,caller
android/app/src/main/java/com/scmessenger/android/service/AndroidPlatformBridge.kt,setTransportManager,kotlin,0.86,1.7,0.63,caller
android/app/src/main/java/com/scmessenger/android/service/AndroidPlatformBridge.kt,registerBatteryMonitor,kotlin,0.86,1.7,0.6499999999999999,sibling
android/app/src/main/java/com/scmessenger/android/service/AndroidPlatformBridge.kt,wifiDirectRemoveGroup,kotlin,0.87,1.7,0.64,callee
android/app/src/main/java/com/scmessenger/android/transport/TransportManager.kt,getBleQuotaCount,kotlin,0.8,1.7,0.62,callee
android/app/src/main/java/com/scmessenger/android/transport/WifiAwareTransport.kt,start,kotlin,0.87,1.7,0.6499999999999999,sibling
android/app/src/main/java/com/scmessenger/android/ui/viewmodels/MainViewModel.kt,retryStartMeshService,kotlin,0.86,1.7,0.6499999999999999,caller
android/app/src/test/java/com/scmessenger/android/test/MeshForegroundServiceTest.kt,`null action resolves to Start`,kotlin,0.83,1.7,0.59,callee
android/app/src/test/java/com/scmessenger/android/utils/DeepLinkValidatorTest.kt,`IPv6 unique-local fc00 off-subnet is rejected`,kotlin,0.82,1.7,0.5800000000000001,callee
android/app/src/test/java/com/scmessenger/android/utils/DeepLinkValidatorTest.kt,`bootstrap param with comma-separated multiaddrs is handled`,kotlin,0.83,1.7,0.62,callee
core/src/iron_core.rs,routing_mark_gateway,rust,0.86,1.7,0.6399999999999999,callee
core/src/iron_core.rs,can_reach_destination,rust,0.85,1.7,0.62,caller
core/src/relay/delegate_prewarm.rs,test_delegate_creation,rust,0.82,1.7,0.61,callee
core/src/store/history.rs,adjust_legacy_timestamps,rust,0.85,1.7,0.63,sibling
core/src/transport/dial_policy.rs,test_eligibility_check,rust,0.81,1.7,0.62,callee
core/src/transport/health.rs,default,rust,0.76,1.7,0.6,callee
core/src/transport/mesh_routing.rs,record_success,rust,0.86,1.7,0.6599999999999999,callee
core/src/transport/observation.rs,set_configured_external,rust,0.87,1.7,0.64,callee
core/src/transport/observation.rs,default,rust,0.78,1.7,0.61,callee
core/src/transport/swarm.rs,default_routing_engine_handle,rust,0.86,1.7,0.62,caller
core/src/transport/swarm.rs,locally_configured_dns_bootstrap_is_still_dialable,rust,0.84,1.7,0.62,callee
core/tests/integration_mycorrhizal_routing.rs,test_reliability_update_affects_confidence,rust,0.85,1.7,0.62,callee
core/tests/mocks/transport.rs,with_peers,rust,0.84,1.7,0.61,caller
iOS/SCMessenger/SCMessenger/Data/MeshRepository.swift,getServiceState,swift,0.87,1.7,0.61,none
iOS/SCMessenger/SCMessenger/Data/MeshRepository.swift,prepopulateDiscoveryNickname,swift,0.84,1.7,0.64,callee
iOS/SCMessenger/SCMessenger/Data/MeshRepository.swift,persistRouteHintsForTransportPeer,swift,0.87,1.7,0.66,caller
iOS/SCMessenger/SCMessenger/Data/MeshRepository.swift,upsertFederatedContact,swift,0.87,1.7,0.6499999999999999,caller
iOS/SCMessenger/SCMessenger/Generated/api.swift,stop,swift,0.83,1.7,0.65,callee
iOS/SCMessengerCore.xcframework/ios-arm64/Headers/SCMessengerCore.swift,flush,swift,0.84,1.7,0.62,callee
iOS/SCMessengerCore.xcframework/ios-arm64/Headers/SCMessengerCore.swift,classifyNotification,swift,0.83,1.7,0.6,caller
wasm/src/lib.rs,get_seniority_timestamp,rust,0.82,1.7,0.62,callee
core/src/contacts_bridge.rs,reconcile_from_history_never_poisons_public_key,rust,0.84,1.7,0.63,sibling
core/tests/integration_core_ffi_node1.rs,test_layer1_and_2_identity_resolution,rust,0.86,1.7,0.61,callee
core/tests/test_v1_legacy_envelope_forgery_is_rejected.rs,test_v1_legacy_forged_unsigned_envelope_is_rejected,rust,0.85,1.7,0.63,sibling
android/app/src/main/java/com/scmessenger/android/data/MeshRepository.kt,updateDeviceState,kotlin,0.84,1.69,0.63,caller
android/app/src/main/java/com/scmessenger/android/ui/viewmodels/SettingsViewModel.kt,attemptBleRecovery,kotlin,0.84,1.69,0.63,caller
cli/src/ble_mesh.rs,log_ble_payload_diagnostic,rust,0.86,1.69,0.63,caller
cli/src/ledger.rs,record_topic,rust,0.86,1.69,0.6,callee
core/src/abuse/reputation.rs,test_outbound_message_tracking,rust,0.84,1.69,0.64,callee
core/src/iron_core.rs,routing_peer_seen,rust,0.84,1.69,0.6399999999999999,sibling
core/src/mobile_bridge.rs,handle_service_discovered,rust,0.87,1.69,0.63,caller
core/src/mobile_bridge.rs,send_to_all_peers,rust,0.86,1.69,0.65,callee
core/src/mobile_bridge.rs,get_escalation_engine,rust,0.85,1.69,0.64,caller
core/src/mobile_bridge.rs,send_ble_packet,rust,0.86,1.69,0.59,callee
core/src/routing/engine.rs,test_route_to_unknown_destination,rust,0.83,1.69,0.6,sibling
core/src/store/backend.rs,remove,rust,0.83,1.69,0.64,callee
core/src/store/ledger_entry.rs,canonical_ledger_peer_id,rust,0.85,1.69,0.63,caller
core/src/store/ledger_entry.rs,self_filter_is_inert_until_identity_is_known,rust,0.82,1.69,0.63,callee
core/src/store/outbox.rs,persistent_with_storage,rust,0.86,1.69,0.6,sibling
core/src/transport/addr_filter.rs,rejects_addresses_with_no_transport_component,rust,0.81,1.69,0.6,none
core/src/transport/nat.rs,get_external_address,rust,0.85,1.69,0.61,caller
core/src/transport/nat.rs,close_relay_circuit,rust,0.87,1.69,0.6499999999999999,sibling
core/src/transport/swarm.rs,addr_targets_self,rust,0.86,1.69,0.5800000000000001,callee
core/src/transport/wifi_direct.rs,stop_discovery,rust,0.82,1.69,0.62,caller
core/src/wasm_support/mesh.rs,stop,rust,0.86,1.69,0.62,caller
core/tests/integration_dial_policy.rs,test_backoff_eligibility_timing,rust,0.79,1.69,0.62,sibling
core/tests/integration_local_mesh_node3.rs,set_on_connection_info,rust,0.85,1.69,0.61,caller
iOS/SCMessenger/SCMessenger/Data/MeshRepository.swift,resolveKnownPeerNickname,swift,0.85,1.69,0.6399999999999999,callee
iOS/SCMessenger/SCMessenger/Data/MeshRepository.swift,primeRelayBootstrapConnections,swift,0.86,1.69,0.65,callee
iOS/SCMessenger/SCMessenger/ViewModels/SettingsViewModel.swift,startService,swift,0.86,1.69,0.61,callee
iOS/SCMessengerCore.xcframework/ios-arm64-simulator/Headers/SCMessengerCore.swift,lower,swift,0.82,1.69,0.59,caller
iOS/SCMessengerCore.xcframework/ios-arm64/Headers/SCMessengerCore.swift,lower,swift,0.8,1.69,0.59,caller
wasm/src/connection_state.rs,add_websocket,rust,0.86,1.69,0.6300000000000001,sibling
wasm/src/mesh.rs,new,rust,0.87,1.69,0.63,callee
core/src/identity/mod.rs,test_identity_signature_integration,rust,0.85,1.69,0.63,sibling
core/tests/integration_local_mesh_node3.rs,test_integrated_node3_local_mesh_pipeline,rust,0.85,1.69,0.62,sibling
core/tests/integration_wp1_identity_unification.rs,identity_id_is_never_mistaken_for_a_public_key,rust,0.83,1.69,0.62,callee
core/tests/integration_ws13_migration.rs,identity_device_metadata_does_not_leak_into_backup_payload,rust,0.84,1.69,0.61,callee
android/app/src/main/java/com/scmessenger/android/data/IdentityCreationCoordinator.kt,determineInitialState,kotlin,0.86,1.68,0.6300000000000001,callee
android/app/src/main/java/com/scmessenger/android/data/MeshRepository.kt,getMeshService,kotlin,0.86,1.68,0.58,caller
android/app/src/main/java/com/scmessenger/android/data/MeshRepository.kt,isDialableAddress,kotlin,0.83,1.68,0.61,callee
android/app/src/main/java/com/scmessenger/android/data/MeshRepository.kt,getExternalAddresses,kotlin,0.82,1.68,0.61,caller
android/app/src/main/java/com/scmessenger/android/transport/NetworkDetector.kt,isPortLikelyBlocked,kotlin,0.84,1.68,0.62,sibling
android/app/src/main/java/com/scmessenger/android/ui/MainActivity.kt,schedulePermissionReset,kotlin,0.86,1.68,0.6299999999999999,caller
android/app/src/main/java/com/scmessenger/android/ui/viewmodels/ChatViewModel.kt,incrementAttemptCount,kotlin,0.86,1.68,0.63,caller
android/app/src/test/java/com/scmessenger/android/service/StopRaceLatchTest.kt,ensureWhileLatched_isNoOp,kotlin,0.82,1.68,0.6000000000000001,callee
android/app/src/test/java/com/scmessenger/android/test/MeshForegroundServiceTest.kt,`resume resolves to Start when state is incomplete`,kotlin,0.81,1.68,0.59,callee
android/app/src/test/java/com/scmessenger/android/utils/DeepLinkValidatorTest.kt,`IPv6 unique-local fd00 on same address is accepted`,kotlin,0.83,1.68,0.5800000000000001,callee
cli/src/ledger.rs,dialable_addresses,rust,0.84,1.68,0.61,callee
cli/src/server.rs,resolvable_from_authenticated_envelope_key,rust,0.81,1.68,0.59,sibling
core/src/crypto/ratchet.rs,from_bytes,rust,0.84,1.68,0.6,caller
core/src/drift/policy.rs,test_profile_transitions,rust,0.79,1.68,0.61,callee
core/src/drift/rate_limit.rs,test_peer_sync_count,rust,0.8,1.68,0.61,callee
core/src/iron_core.rs,ratchet_reset_session,rust,0.86,1.68,0.6200000000000001,callee
core/src/iron_core.rs,swarm_can_bootstrap_others,rust,0.83,1.68,0.62,caller
core/src/iron_core.rs,drift_apply_policy,rust,0.84,1.68,0.62,callee
core/src/mobile_bridge.rs,apply_relay_budget_state,rust,0.86,1.68,0.6399999999999999,callee
core/src/mobile_bridge.rs,close_data_path,rust,0.84,1.68,0.59,caller
core/src/routing/optimized_engine.rs,multipath_mark_path_failed,rust,0.83,1.68,0.6,callee
core/src/store/ledger_entry.rs,annotate_identity_stores_routing_only_when_binding_is_not_self_certifying,rust,0.83,1.68,0.6,callee
core/src/store/outbox.rs,mark_in_custody,rust,0.84,1.68,0.65,callee
core/src/transport/addr_filter.rs,remote_supplied_dns_cannot_hide_behind_a_circuit_marker,rust,0.83,1.68,0.59,sibling
core/src/transport/health.rs,record_connection_failure,rust,0.85,1.68,0.64,caller
core/src/transport/manager.rs,test_peer_discovered_event,rust,0.83,1.68,0.61,callee
core/src/transport/reputation.rs,new,rust,0.82,1.68,0.6,sibling
core/tests/integration_storage_relay_node4.rs,node4_layer1_and_layer3_relay_client_socket_reconnections,rust,0.87,1.68,0.63,callee
desktop_bridge/src/desktop_bridge.rs,handle_power_event,rust,0.87,1.68,0.6200000000000001,callee
iOS/SCMessenger/SCMessenger/Data/MeshRepository.swift,updateDiscoveredPeer,swift,0.86,1.68,0.64,caller
iOS/SCMessenger/SCMessenger/Data/MeshRepository.swift,finalizeImportedIdentity,swift,0.88,1.68,0.6300000000000001,caller
iOS/SCMessengerCore.xcframework/ios-arm64-simulator/Headers/SCMessengerCore.swift,lower,swift,0.84,1.68,0.61,callee
iOS/SCMessengerCore.xcframework/ios-arm64/Headers/SCMessengerCore.swift,lower,swift,0.84,1.68,0.59,callee
iOS/SCMessengerTests/NotificationVerificationTests.swift,testReplyActionAvailable,swift,0.83,1.68,0.63,sibling
patch/if-watch-full/src/lib.rs,is_terminated,rust,0.76,1.68,0.5900000000000001,sibling
wasm/src/lib.rs,get_peer_reputation,rust,0.86,1.68,0.61,callee
core/src/store/outbox.rs,expired_authorization_is_rejected,rust,0.82,1.68,0.65,callee
core/tests/integration_ledger_seeding_hardening.rs,oversized_ledger_exchange_request_is_capped_before_processing,rust,0.84,1.68,0.61,sibling
android/app/src/main/java/com/scmessenger/android/data/MeshRepository.kt,ensureCoverTrafficLoop,kotlin,0.87,1.67,0.63,caller
android/app/src/main/java/com/scmessenger/android/di/AppModule.kt,provideCircuitBreaker,kotlin,0.82,1.67,0.6,callee
android/app/src/main/java/com/scmessenger/android/service/AndroidPlatformBridge.kt,setWifiAwareTransport,kotlin,0.87,1.67,0.61,caller
android/app/src/main/java/com/scmessenger/android/transport/WifiDirectTransport.kt,start,kotlin,0.89,1.67,0.6200000000000001,sibling
android/app/src/main/java/com/scmessenger/android/ui/MeshApp.kt,MeshNavHost,kotlin,0.87,1.67,0.61,sibling
android/app/src/test/java/com/scmessenger/android/service/AndroidPlatformBridgeTest.kt,`battery broadcast onReceive returns promptly despite slow FFI call`,kotlin,0.85,1.67,0.6000000000000001,callee
android/app/src/test/java/com/scmessenger/android/transport/ble/BleL2capManagerTest.kt,successfulAcceptResetsRecoveryBudget,kotlin,0.77,1.67,0.59,callee
android/app/src/test/java/com/scmessenger/android/utils/DeepLinkValidatorTest.kt,`172_16-private off-subnet is rejected`,kotlin,0.81,1.67,0.56,callee
android/app/src/test/java/com/scmessenger/android/utils/NotificationGateTest.kt,updateSettings_disablesGlobalGate,kotlin,0.81,1.67,0.6000000000000001,sibling
android/app/src/test/java/com/scmessenger/android/utils/PeerIdValidatorCanonicalTest.kt,`libp2p peer id canonicalizes to same key as public key`,kotlin,0.83,1.67,0.58,callee
android/app/src/test/java/com/scmessenger/android/utils/PeerIdValidatorCanonicalTest.kt,`live identity ids that are not curve points are not treated as pubkeys`,kotlin,0.84,1.67,0.61,callee
core/src/crypto/ratchet.rs,clone,rust,0.84,1.67,0.6,caller
core/src/dspy/signatures.rs,test_golden_examples_exist,rust,0.82,1.67,0.58,sibling
core/src/iron_core.rs,get_peer_reputation,rust,0.85,1.67,0.61,callee
core/src/iron_core.rs,custody_registration_transitions,rust,0.84,1.67,0.61,callee
core/src/iron_core.rs,on_app_background,rust,0.86,1.67,0.61,caller
core/src/iron_core.rs,registration_transitions_for_identity,rust,0.84,1.67,0.61,caller
core/src/mobile_bridge.rs,ratchet_session_count,rust,0.84,1.67,0.63,callee
core/src/mobile_bridge.rs,ratchet_has_session,rust,0.87,1.67,0.61,callee
core/src/privacy/timing.rs,test_exponential_distribution_bias,rust,0.8,1.67,0.61,callee
core/src/relay/invite.rs,new,rust,0.86,1.67,0.61,callee
core/src/routing/optimized_engine.rs,clear_unreachable_peer,rust,0.82,1.67,0.5900000000000001,callee
core/src/store/backend.rs,get,rust,0.82,1.67,0.6,callee
core/src/store/backend.rs,flush,rust,0.83,1.67,0.6,caller
core/src/store/contacts.rs,test_is_synthetic_and_authoritative_helpers,rust,0.82,1.67,0.56,sibling
core/src/store/logs.rs,record_log,rust,0.86,1.67,0.64,sibling
core/src/transport/addr_filter.rs,rfc1918_disclosure_rejects_relay_loopback_and_link_local,rust,0.82,1.67,0.5700000000000001,sibling
core/src/transport/bootstrap.rs,new,rust,0.86,1.67,0.62,sibling
core/src/transport/bootstrap.rs,test_bootstrap_config_defaults,rust,0.77,1.67,0.61,callee
core/src/transport/manager.rs,test_reconnection_exhaustion,rust,0.78,1.67,0.63,callee
core/src/transport/mesh_routing.rs,next_retry_delay,rust,0.82,1.67,0.5800000000000001,callee
core/src/transport/swarm.rs,key,rust,0.87,1.67,0.59,caller
core/src/transport/wifi_aware.rs,wire_discovery_callback,rust,0.86,1.67,0.6300000000000001,caller
core/src/transport/wifi_direct.rs,set_on_connection_info,rust,0.85,1.67,0.61,caller
core/tests/integration_local_mesh_node3.rs,test_reputation_storage_persistence_and_eviction,rust,0.85,1.67,0.61,callee
desktop_bridge/src/desktop_bridge.rs,refresh_power_state,rust,0.88,1.67,0.6299999999999999,callee
iOS/SCMessenger/SCMessenger/Data/MeshRepository.swift,getRegistrationState,swift,0.84,1.67,0.62,callee
iOS/SCMessenger/SCMessenger/Generated/api.swift,write,swift,0.86,1.67,0.59,callee
iOS/SCMessenger/SCMessenger/Views/Dashboard/MeshDashboardView.swift,upsertPeer,swift,0.86,1.67,0.64,caller
iOS/SCMessenger/SCMessenger/Views/Dashboard/MeshDashboardView.swift,deduplicatePeersByIdentityAndAliases,swift,0.85,1.67,0.6200000000000001,callee
iOS/SCMessengerCore.xcframework/ios-arm64-simulator/Headers/SCMessengerCore.swift,getAuditLog,swift,0.84,1.67,0.6,callee
iOS/SCMessengerTests/OutboxRetryPolicyTests.swift,testGenuineFailureDoesNotUseAckAgeCeiling,swift,0.76,1.67,0.59,callee
wasm/src/storage.rs,default,rust,0.82,1.67,0.5900000000000001,sibling
wasm/src/worker.rs,new,rust,0.87,1.67,0.6100000000000001,sibling
core/src/store/outbox.rs,receipt_authorization_contract_across_backends,rust,0.85,1.67,0.61,callee
core/src/transport/addr_filter.rs,trusted_proxy_audience_still_rejects_metadata_and_ipv6_loopback,rust,0.83,1.67,0.6,sibling
core/tests/integration_pq_session.rs,test_pq_session_persistence,rust,0.88,1.67,0.59,callee
iOS/SCMessenger/SCMessenger/Generated/api.swift,onWifiAwarePeerDiscovered,swift,0.87,1.67,0.61,caller
android/app/src/main/java/com/scmessenger/android/data/MeshRepository.kt,normalizeAddressHint,kotlin,0.82,1.66,0.6200000000000001,callee
android/app/src/main/java/com/scmessenger/android/data/MeshRepository.kt,isGhostLedgerEntry,kotlin,0.82,1.66,0.6100000000000001,callee
android/app/src/main/java/com/scmessenger/android/service/AndroidPlatformBridge.kt,applyBleSettings,kotlin,0.86,1.66,0.62,caller
android/app/src/main/java/com/scmessenger/android/service/MeshForegroundService.kt,registerLifecycleCommand,kotlin,0.83,1.66,0.62,callee
android/app/src/main/java/com/scmessenger/android/service/MeshForegroundService.kt,cancelLifecycleObservers,kotlin,0.84,1.66,0.61,callee
android/app/src/main/java/com/scmessenger/android/service/ServiceHealthMonitor.kt,requestManualRestart,kotlin,0.87,1.66,0.61,caller
android/app/src/main/java/com/scmessenger/android/transport/TransportManager.kt,initialize,kotlin,0.86,1.66,0.6200000000000001,callee
android/app/src/main/java/com/scmessenger/android/ui/viewmodels/ChatViewModel.kt,loadPendingOutboxCount,kotlin,0.84,1.66,0.62,callee
android/app/src/test/java/com/scmessenger/android/test/ChatViewModelTest.kt,`reply arriving on the live stream lands below the message it answers`,kotlin,0.81,1.66,0.5800000000000001,sibling
core/src/abuse/spam_detection.rs,detect_spam,rust,0.84,1.66,0.6200000000000001,caller
core/src/iron_core.rs,routing_update_reliability,rust,0.84,1.66,0.6299999999999999,caller
core/src/mobile_bridge.rs,resume,rust,0.87,1.66,0.6,callee
core/src/mobile_bridge.rs,test_ledger_preferred_relays,rust,0.84,1.66,0.63,callee
core/src/relay/delegate_prewarm.rs,update,rust,0.86,1.66,0.6,sibling
core/src/relay/peer_exchange.rs,test_record_failure,rust,0.78,1.66,0.6,callee
core/src/routing/local.rs,record_sync,rust,0.85,1.66,0.6299999999999999,caller
core/src/routing/negative_cache.rs,evict_oldest,rust,0.84,1.66,0.6200000000000001,caller
core/src/routing/optimized_engine.rs,peer_seen,rust,0.85,1.66,0.63,sibling
core/src/store/backend.rs,persist_put,rust,0.86,1.66,0.6200000000000001,caller
core/src/transport/abstraction.rs,test_transport_error_types,rust,0.81,1.66,0.59,sibling
core/src/transport/addr_filter.rs,is_dialable_multiaddr,rust,0.84,1.66,0.5700000000000001,callee
core/src/transport/addr_filter.rs,circuit_validates_the_relay_hop_and_allows_the_target,rust,0.83,1.66,0.58,sibling
core/src/transport/circuit_breaker.rs,get_healthy_relays,rust,0.82,1.66,0.61,sibling
core/src/transport/escalation.rs,test_escalation_order_low_latency,rust,0.8,1.66,0.6,callee
core/src/transport/reputation.rs,new,rust,0.85,1.66,0.61,sibling
iOS/SCMessenger/SCMessenger/Services/IosPlatformBridge.swift,onMotionChanged,swift,0.85,1.66,0.61,sibling
iOS/SCMessenger/SCMessenger/Services/IosPlatformBridge.swift,onEnteringForeground,swift,0.85,1.66,0.62,caller
iOS/SCMessengerCore.xcframework/ios-arm64-simulator/Headers/SCMessengerCore.swift,write,swift,0.86,1.66,0.58,callee
iOS/SCMessengerCore.xcframework/ios-arm64/Headers/SCMessengerCore.swift,write,swift,0.86,1.66,0.59,callee
iOS/SCMessengerTests/NotificationVerificationTests.swift,testMarkReadActionAvailable,swift,0.81,1.66,0.62,sibling
wasm/src/daemon_bridge.rs,send_request,rust,0.88,1.66,0.62,caller
wasm/src/lib.rs,get_privacy_config,rust,0.86,1.66,0.6,callee
wasm/src/worker.rs,test_default_notification_handler,rust,0.81,1.66,0.59,sibling
cli/src/api.rs,api_send_resolves_contact_aliases_and_peer_id,rust,0.87,1.66,0.61,sibling
core/src/identity/keys.rs,test_v1_identity_migration_and_compatibility,rust,0.88,1.66,0.61,sibling
core/src/iron_core.rs,queued_transport_send_remains_in_outbox_until_receipt,rust,0.84,1.66,0.61,sibling
iOS/SCMessenger/SCMessenger/Generated/api.swift,annotateIdentity,swift,0.85,1.66,0.61,caller
iOS/SCMessenger/SCMessenger/Generated/api.swift,onBleDataReceived,swift,0.85,1.66,0.59,callee
iOS/SCMessenger/SCMessenger/Generated/api.swift,onDataReceived,swift,0.86,1.66,0.6,callee
iOS/SCMessenger/SCMessenger/Generated/api.swift,onWifiDirectConnectionInfo,swift,0.85,1.66,0.6,callee
android/app/src/main/java/com/scmessenger/android/data/MeshRepository.kt,repairSyntheticContactNicknames,kotlin,0.85,1.65,0.6200000000000001,caller
android/app/src/main/java/com/scmessenger/android/data/MeshRepository.kt,getListeningAddresses,kotlin,0.82,1.65,0.59,caller
android/app/src/main/java/com/scmessenger/android/service/AndroidPlatformBridge.kt,dispatchDeviceStateUpdate,kotlin,0.83,1.65,0.63,caller
android/app/src/main/java/com/scmessenger/android/service/MeshForegroundService.kt,getActiveConversationId,kotlin,0.83,1.65,0.5800000000000001,caller
android/app/src/main/java/com/scmessenger/android/ui/viewmodels/DashboardViewModel.kt,observeNetworkEvents,kotlin,0.86,1.65,0.62,callee
android/app/src/main/java/com/scmessenger/android/utils/NotificationHelper.kt,createOpenRequestsIntent,kotlin,0.86,1.65,0.61,caller
android/app/src/test/java/com/scmessenger/android/data/GhostIdentityGateTest.kt,undiscovered_ghost_does_not_render,kotlin,0.8,1.65,0.5800000000000001,callee
android/app/src/test/java/com/scmessenger/android/test/MeshRepositoryTest.kt,`enabled helper remains true regardless of unrelated setting fields`,kotlin,0.83,1.65,0.59,callee
android/app/src/test/java/com/scmessenger/android/test/MeshRepositoryTest.kt,`checkMeshParticipationEnabled never throws for enabled settings across repeated calls`,kotlin,0.82,1.65,0.56,callee
core/src/crypto/ratchet.rs,new,rust,0.88,1.65,0.56,sibling
core/src/dspy/modules.rs,new,rust,0.81,1.65,0.6,callee
core/src/iron_core.rs,new_drift_sync,rust,0.83,1.65,0.5700000000000001,callee
core/src/iron_core.rs,test_update_disk_stats_with_app_data,rust,0.84,1.65,0.5900000000000001,callee
core/src/mobile_bridge.rs,on_entering_foreground,rust,0.82,1.65,0.5700000000000001,callee
core/src/privacy/cover.rs,reset_timer,rust,0.85,1.65,0.6000000000000001,caller
core/src/routing/local.rs,test_record_sync,rust,0.82,1.65,0.6,callee
core/src/routing/smart_retry.rs,test_edge_case_max_equals_base,rust,0.78,1.65,0.59,callee
core/src/store/dedup.rs,tracker_evicts_oldest_at_capacity,rust,0.79,1.65,0.6,callee
core/src/store/ledger_entry.rs,shared_ledger_state,rust,0.85,1.65,0.6200000000000001,caller
core/src/store/ledger_entry.rs,reap_stale_addresses_for_peer,rust,0.83,1.65,0.62,caller
core/src/store/outbox.rs,mark_sent,rust,0.85,1.65,0.62,callee
core/src/transport/addr_filter.rs,remote_supplied_dns_is_rejected_in_every_form_and_mode,rust,0.81,1.65,0.58,sibling
core/src/transport/addr_filter.rs,rfc1918_disclosure_requires_concrete_local_listener_evidence,rust,0.83,1.65,0.5700000000000001,sibling
core/src/transport/ble/gatt.rs,test_gatt_characteristic_all_variants,rust,0.82,1.65,0.5900000000000001,none
core/src/transport/ble/scanner.rs,set_wifi_available,rust,0.83,1.65,0.6,caller
core/src/transport/escalation.rs,set_capabilities,rust,0.86,1.65,0.59,caller
core/src/transport/health.rs,default,rust,0.75,1.65,0.57,callee
core/src/transport/internet.rs,get_all_relay_stats,rust,0.85,1.65,0.61,caller
core/src/transport/manager.rs,record_failure,rust,0.86,1.65,0.59,callee
core/src/wasm_support/mesh.rs,new,rust,0.86,1.65,0.6100000000000001,sibling
core/tests/integration_mycorrhizal_routing.rs,register_peer_with_hint,rust,0.86,1.65,0.6,callee
core/tests/integration_wifi_aware.rs,wifi_aware_publish,rust,0.84,1.65,0.5700000000000001,caller
core/tests/mocks/mod.rs,test_mock_identity_keys,rust,0.85,1.65,0.5800000000000001,callee
iOS/SCMessenger/SCMessenger/Data/MeshRepository.swift,sendHistorySyncDataIfNeeded,swift,0.89,1.65,0.63,caller
iOS/SCMessenger/SCMessenger/Generated/api.swift,routingCurrentDiscoveryPhase,swift,0.81,1.65,0.59,callee
iOS/SCMessenger/SCMessenger/Transport/BLEPeripheralManager.swift,scheduleReconnectionRetry,swift,0.86,1.65,0.63,caller
iOS/SCMessengerCore.xcframework/ios-arm64-simulator/Headers/SCMessengerCore.swift,write,swift,0.86,1.65,0.58,callee
iOS/SCMessengerCore.xcframework/ios-arm64-simulator/Headers/SCMessengerCore.swift,write,swift,0.86,1.65,0.5900000000000001,caller
core/src/iron_core.rs,reopened_core_arms_ledger_self_filter_without_initialize_identity,rust,0.86,1.65,0.59,sibling
core/src/store/contacts.rs,contact_and_ledger_canonicalization_agree_except_where_the_contract_differs,rust,0.84,1.65,0.59,callee
core/src/store/ledger_entry.rs,annotate_identity_keeps_self_certifying_bindings,rust,0.84,1.65,0.59,callee
android/app/src/main/java/com/scmessenger/android/data/MeshRepository.kt,forMessage,kotlin,0.83,1.64,0.59,caller
android/app/src/main/java/com/scmessenger/android/data/MeshRepository.kt,migrateTruncatedPublicKeys,kotlin,0.86,1.64,0.62,caller
android/app/src/main/java/com/scmessenger/android/data/MeshRepository.kt,collectKnownRelayPeerIds,kotlin,0.84,1.64,0.6100000000000001,callee
android/app/src/main/java/com/scmessenger/android/data/TopicManager.kt,initialize,kotlin,0.86,1.64,0.6,callee
android/app/src/main/java/com/scmessenger/android/service/AndroidPlatformBridge.kt,applyAdjustments,kotlin,0.85,1.64,0.62,callee
android/app/src/main/java/com/scmessenger/android/transport/WifiAwareTransport.kt,onServiceDiscovered,kotlin,0.86,1.64,0.6000000000000001,callee
android/app/src/main/java/com/scmessenger/android/transport/WifiAwareTransport.kt,onCapabilitiesChanged,kotlin,0.87,1.64,0.61,callee
core/src/abuse/auto_block.rs,audit_log,rust,0.85,1.64,0.59,caller
core/src/abuse/reputation.rs,test_enhanced_score_combines_base_and_spam,rust,0.82,1.64,0.5800000000000001,callee
core/src/crypto/ratchet.rs,root_key_ratchet_v1,rust,0.85,1.64,0.59,caller
core/src/drift/envelope.rs,test_is_expired_in_future,rust,0.79,1.64,0.5700000000000001,callee
core/src/mobile_bridge.rs,test_handle_data_path_confirmed_ignores_unparseable_ip_without_panicking,rust,0.83,1.64,0.56,callee
core/src/mobile_bridge.rs,wifi_direct_remove_group,rust,0.86,1.64,0.5700000000000001,callee
core/src/mobile_bridge.rs,wifi_direct_remove_group,rust,0.86,1.64,0.5700000000000001,callee
core/src/relay/delegate_prewarm.rs,update_keepalive,rust,0.85,1.64,0.58,caller
core/src/routing/neighborhood.rs,generate_gossip,rust,0.84,1.64,0.6100000000000001,sibling
core/src/store/contacts.rs,new,rust,0.86,1.64,0.59,callee
core/src/store/ledger_entry.rs,exchange_response_entries,rust,0.89,1.64,0.5800000000000001,callee
core/src/store/ledger_entry.rs,seed_addresses_is_bounded_by_limit,rust,0.8,1.64,0.6,callee
core/src/store/relay_custody.rs,for_service_storage,rust,0.86,1.64,0.6100000000000001,caller
core/src/transport/addr_filter.rs,is_acceptable_peer_address,rust,0.84,1.64,0.58,callee
core/src/transport/bootstrap.rs,discover_hardcoded_backup_relays,rust,0.86,1.64,0.5800000000000001,caller
core/src/transport/manager.rs,force_stale,rust,0.85,1.64,0.6100000000000001,caller
core/src/transport/relay_health.rs,invalidate_cache,rust,0.79,1.64,0.58,caller
core/src/transport/wifi_direct.rs,register_peer,rust,0.86,1.64,0.6000000000000001,caller
desktop_bridge/src/power.rs,detect_power_state,rust,0.84,1.64,0.6,callee
iOS/SCMessenger/SCMessenger/Data/MeshRepository.swift,sendHistorySyncIfNeeded,swift,0.88,1.64,0.6100000000000001,caller
iOS/SCMessenger/SCMessenger/Generated/api.swift,getAuditLog,swift,0.82,1.64,0.59,callee
iOS/SCMessenger/SCMessenger/Generated/api.swift,write,swift,0.86,1.64,0.57,callee
iOS/SCMessenger/SCMessenger/Transport/BLEPeripheralManager.swift,peripheralManager,swift,0.86,1.64,0.62,callee
iOS/SCMessengerCore.xcframework/ios-arm64/Headers/SCMessengerCore.swift,count,swift,0.81,1.64,0.59,callee
iOS/SCMessengerCore.xcframework/ios-arm64/Headers/SCMessengerCore.swift,getAuditLog,swift,0.83,1.64,0.5900000000000001,callee
iOS/SCMessengerTests/OutboxRetryPolicyTests.swift,testInitialReceiptWindowMatchesAndroidParity,swift,0.7,1.64,0.57,sibling
wasm/src/daemon_bridge.rs,cancel_request,rust,0.87,1.64,0.58,sibling
core/src/identity/keys.rs,test_dual_signature_verification,rust,0.84,1.64,0.59,callee
core/src/mobile_bridge.rs,test_fresh_install_without_identity_resolves_headless_mode_with_persisted_key,rust,0.87,1.64,0.61,none
core/src/relay/client.rs,test_push_pull_and_ping_over_network,rust,0.87,1.64,0.6,callee
iOS/SCMessengerCore.xcframework/ios-arm64/Headers/SCMessengerCore.swift,annotateIdentity,swift,0.86,1.64,0.59,callee
android/app/src/main/java/com/scmessenger/android/data/MeshRepository.kt,recordMessageTransportAck,kotlin,0.85,1.63,0.59,callee
android/app/src/main/java/com/scmessenger/android/data/MeshRepository.kt,getSeedAddresses,kotlin,0.84,1.63,0.6000000000000001,callee
android/app/src/main/java/com/scmessenger/android/data/MeshRepository.kt,overrideBleInterval,kotlin,0.84,1.63,0.5700000000000001,callee
android/app/src/main/java/com/scmessenger/android/data/MeshRepository.kt,primeRelayBootstrapConnectionsLegacy,kotlin,0.85,1.63,0.61,callee
android/app/src/main/java/com/scmessenger/android/data/MeshRepository.kt,prioritizeAddressesForCurrentNetwork,kotlin,0.82,1.63,0.6000000000000001,caller
android/app/src/main/java/com/scmessenger/android/transport/WifiAwareTransport.kt,onServiceDiscovered,kotlin,0.87,1.63,0.5900000000000001,callee
android/app/src/main/java/com/scmessenger/android/ui/viewmodels/DashboardViewModel.kt,canonicalHexForAnyId,kotlin,0.84,1.63,0.5800000000000001,callee
android/app/src/main/java/com/scmessenger/android/ui/viewmodels/DashboardViewModel.kt,buildTopology,kotlin,0.85,1.63,0.6000000000000001,caller
android/app/src/test/java/com/scmessenger/android/data/BootstrapCandidateMergeTest.kt,seedSweepIsCappedToPreventPoisonedLedgerFanout,kotlin,0.81,1.63,0.5700000000000001,callee
android/app/src/test/java/com/scmessenger/android/data/CellTransportBurnDownTest.kt,publicIpv4IsStillAdmitted,kotlin,0.81,1.63,0.56,callee
android/app/src/test/java/com/scmessenger/android/network/DiagnosticsReporterRelayRecommendationTest.kt,`a genuinely unreachable node still produces the recommendation`,kotlin,0.77,1.63,0.56,sibling
android/app/src/test/java/com/scmessenger/android/utils/DeepLinkValidatorTest.kt,`10-private on same subnet is accepted`,kotlin,0.81,1.63,0.56,callee
android/app/src/test/java/com/scmessenger/android/utils/PeerIdValidatorCanonicalTest.kt,`different nodes never collapse`,kotlin,0.8,1.63,0.56,sibling
android/shared/src/commonMain/kotlin/com/scmessenger/shared/viewmodel/ChatViewModel.kt,sendMessage,kotlin,0.86,1.63,0.6100000000000001,caller
cli/src/main.rs,new,rust,0.87,1.63,0.5900000000000001,callee
core/src/identity/mod.rs,test_get_dspy_signature,rust,0.82,1.63,0.5700000000000001,sibling
core/src/iron_core.rs,grant_consent,rust,0.85,1.63,0.58,sibling
core/src/iron_core.rs,record_abuse_signal,rust,0.86,1.63,0.6000000000000001,callee
core/src/iron_core.rs,record_reconnect_success_and_clear_cache,rust,0.85,1.63,0.6000000000000001,callee
core/src/iron_core.rs,routing_mark_refresh_failed,rust,0.85,1.63,0.59,callee
core/src/iron_core.rs,routing_start_refresh,rust,0.86,1.63,0.59,callee
core/src/mobile_bridge.rs,on_receipt_received,rust,0.86,1.63,0.59,callee
core/src/mobile_bridge.rs,override_ble_scan_interval,rust,0.89,1.63,0.58,callee
core/src/mobile_bridge.rs,shutdown_blocking,rust,0.84,1.63,0.5900000000000001,callee
core/src/mobile_bridge.rs,record_at,rust,0.84,1.63,0.6,caller
core/src/mobile_bridge.rs,message_status_monotone_progress,rust,0.78,1.63,0.6,callee
core/src/mobile_bridge.rs,on_entering_background,rust,0.85,1.63,0.55,caller
core/src/routing/engine.rs,test_multiple_routing_decisions_independent,rust,0.83,1.63,0.5900000000000001,sibling
core/src/routing/global.rs,add_route,rust,0.83,1.63,0.6000000000000001,caller
core/src/routing/neighborhood.rs,test_max_gateways_eviction,rust,0.82,1.63,0.58,sibling
core/src/store/ledger_entry.rs,import_seed_entries_never_clobbers_proven_entry,rust,0.82,1.63,0.5800000000000001,callee
core/src/store/relay_custody.rs,seed_purge_order_records,rust,0.86,1.63,0.57,caller
core/src/transport/ble/scanner.rs,test_battery_state_from_percentage,rust,0.77,1.63,0.55,sibling
core/src/transport/escalation.rs,should_escalate,rust,0.84,1.63,0.6,callee
core/src/transport/manager.rs,set_escalation_engine,rust,0.85,1.63,0.57,caller
core/src/transport/manager.rs,set_multi_hop_recall,rust,0.87,1.63,0.58,sibling
core/src/transport/mesh_routing.rs,new,rust,0.86,1.63,0.5700000000000001,caller
core/src/transport/swarm.rs,prune_oldest_peer_bucket,rust,0.84,1.63,0.59,caller
core/src/transport/swarm.rs,zombie_reap_blocked_by_fresh_liveness_stamp,rust,0.82,1.63,0.6000000000000001,callee
core/tests/integration_local_mesh_node3.rs,set_on_data_path_confirmed,rust,0.88,1.63,0.58,sibling
desktop_bridge/src/desktop_bridge.rs,new,rust,0.85,1.63,0.59,callee
iOS/SCMessenger/SCMessenger/Generated/api.swift,flush,swift,0.83,1.63,0.59,callee
iOS/SCMessenger/SCMessenger/Transport/BLEPeripheralManager.swift,peripheralManager,swift,0.86,1.63,0.59,sibling
iOS/SCMessengerTests/OutboxRetryPolicyTests.swift,testTransportSettingsPlanOnlyChangedSupportedTransports,swift,0.81,1.63,0.56,callee
wasm/src/lib.rs,notify_peer_discovered,rust,0.87,1.63,0.58,callee
wasm/src/lib.rs,from,rust,0.86,1.63,0.5700000000000001,callee
wasm/src/mesh.rs,unregister_peer,rust,0.86,1.63,0.6100000000000001,caller
wasm/src/worker.rs,unregister,rust,0.85,1.63,0.6,sibling
iOS/SCMessenger/SCMessenger/Generated/api.swift,handlePeerConnectionEvent,swift,0.82,1.63,0.58,callee
iOS/SCMessengerCore.xcframework/ios-arm64/Headers/SCMessengerCore.swift,recordConnection,swift,0.86,1.63,0.57,callee
iOS/SCMessengerCore.xcframework/ios-arm64/Headers/SCMessengerCore.swift,onDataReceived,swift,0.86,1.63,0.59,callee
android/app/src/main/java/com/scmessenger/android/data/MeshRepository.kt,sendHistorySyncDataIfNeeded,kotlin,0.87,1.62,0.6000000000000001,callee
android/app/src/main/java/com/scmessenger/android/data/MeshRepository.kt,resetAllData,kotlin,0.86,1.62,0.6000000000000001,caller
android/app/src/main/java/com/scmessenger/android/service/ServiceHealthMonitor.kt,startMonitoring,kotlin,0.87,1.62,0.5900000000000001,sibling
android/app/src/main/java/com/scmessenger/android/service/ServiceHealthMonitor.kt,isServiceHealthy,kotlin,0.77,1.62,0.55,sibling
android/app/src/main/java/com/scmessenger/android/transport/TransportHealthMonitor.kt,shouldUseTransport,kotlin,0.79,1.62,0.5900000000000001,sibling
android/app/src/main/java/com/scmessenger/android/ui/screens/DashboardScreen.kt,ConnectionStatusCard,kotlin,0.83,1.62,0.5700000000000001,caller
android/app/src/test/java/com/scmessenger/android/data/IdentityUnificationCanonicalIdTest.kt,initializeManagers,kotlin,0.84,1.62,0.54,none
android/app/src/test/java/com/scmessenger/android/test/ChatViewModelTest.kt,`setPeer loads conversation`,kotlin,0.85,1.62,0.58,sibling
android/app/src/test/java/com/scmessenger/android/test/ContactsViewModelTest.kt,`online status updates nearby peers from peer events`,kotlin,0.85,1.62,0.5800000000000001,callee
android/app/src/test/java/com/scmessenger/android/test/DeliveryStateMapperTest.kt,`maps exhausted undelivered send to queued delivering state`,kotlin,0.81,1.62,0.56,sibling
android/app/src/test/java/com/scmessenger/android/test/RoleNavigationPolicyTest.kt,`start destination follows role`,kotlin,0.81,1.62,0.54,callee
android/app/src/test/java/com/scmessenger/android/ui/viewmodels/ConversationsViewModelTest.kt,`viewModel reloads messages when a new message update is received`,kotlin,0.82,1.62,0.58,callee
android/app/src/test/java/com/scmessenger/android/utils/NotificationHelperGateTest.kt,`unhydrated gate suppresses message notification without touching the framework`,kotlin,0.83,1.62,0.5700000000000001,sibling
android/app/src/test/java/com/scmessenger/android/utils/NotificationHelperGateTest.kt,`unhydrated gate buffers message and replays when hydrated ON`,kotlin,0.85,1.62,0.5700000000000001,sibling
cli/src/ble_mesh.rs,scm_service_uuid,rust,0.82,1.62,0.56,caller
cli/src/main.rs,set_relay_healthy,rust,0.85,1.62,0.5900000000000001,callee
cli/src/transport_bridge.rs,test_transport_bridge_creation,rust,0.83,1.62,0.5700000000000001,callee
core/src/contacts_bridge.rs,new,rust,0.85,1.62,0.5700000000000001,sibling
core/src/drift/policy.rs,test_to_relay_config_minimal,rust,0.78,1.62,0.5800000000000001,sibling
core/src/drift/store.rs,evict_if_over_budget,rust,0.83,1.62,0.5900000000000001,caller
core/src/iron_core.rs,can_forward_for_wasm,rust,0.86,1.62,0.58,callee
core/src/notification.rs,unknown_sender_defaults_to_direct_message_request,rust,0.83,1.62,0.5700000000000001,callee
core/src/store/contacts.rs,migrate_identity_id_index,rust,0.84,1.62,0.5900000000000001,callee
core/src/store/dedup.rs,aggregate_stats_are_correct,rust,0.75,1.62,0.55,callee
core/src/store/outbox.rs,prune_expired_receipt_authorizations,rust,0.84,1.62,0.6000000000000001,caller
core/src/store/tracing_init.rs,init_file_tracing,rust,0.85,1.62,0.5900000000000001,sibling
core/src/transport/addr_filter.rs,accepts_globally_routable_addresses,rust,0.85,1.62,0.56,sibling
core/src/transport/manager.rs,test_remove_target_peer_stops_reconnection,rust,0.83,1.62,0.59,sibling
core/src/transport/mesh_routing.rs,default,rust,0.78,1.62,0.56,callee
core/src/transport/reputation.rs,test_reputation_manager_eviction,rust,0.79,1.62,0.57,callee
core/src/transport/swarm.rs,endpoint_transport_string_classifies_endpoint_multiaddrs,rust,0.81,1.62,0.5700000000000001,none
core/src/transport/swarm.rs,extract_tcp_port_from_multiaddr_returns_none_for_dns,rust,0.82,1.62,0.58,callee
core/src/wasm_support/mesh.rs,state,rust,0.83,1.62,0.5700000000000001,callee
core/src/wasm_support/transport.rs,test_handle_message_updates_state,rust,0.83,1.62,0.58,callee
core/tests/integration_local_mesh_node3.rs,new,rust,0.84,1.62,0.5599999999999999,sibling
core/tests/test_trn04_custody_lifecycle.rs,custody_id_for,rust,0.83,1.62,0.5900000000000001,caller
iOS/SCMessenger/SCMessenger/Data/MeshRepository.swift,onMultipeerDataReceived,swift,0.88,1.62,0.5800000000000001,callee
iOS/SCMessenger/SCMessenger/ViewModels/SettingsViewModel.swift,toggleBleRotation,swift,0.85,1.62,0.58,none
iOS/SCMessengerCore.xcframework/ios-arm64-simulator/Headers/SCMessengerCore.swift,shutdown,swift,0.84,1.62,0.58,callee
iOS/SCMessengerCore.xcframework/ios-arm64-simulator/Headers/SCMessengerCore.swift,write,swift,0.85,1.62,0.5599999999999999,callee
iOS/SCMessengerCore.xcframework/ios-arm64/Headers/SCMessengerCore.swift,shutdown,swift,0.84,1.62,0.58,callee
iOS/SCMessengerCore.xcframework/ios-arm64/Headers/SCMessengerCore.swift,lower,swift,0.83,1.62,0.56,caller
core/src/mobile_bridge.rs,send_ble_packet,rust,0.85,1.62,0.56,callee
core/src/relay/invite.rs,test_seed_ledger_full_invite_fits_qr_budget,rust,0.82,1.62,0.56,callee
AgentSwarmCline/scmessenger_swarm/observability_tests.rs,test_display_always_starts_with_relay_trace,rust,0.79,1.61,0.55,callee
android/app/src/main/java/com/scmessenger/android/data/MeshRepository.kt,initializeRepository,kotlin,0.86,1.61,0.5700000000000001,callee
android/app/src/main/java/com/scmessenger/android/data/MeshRepository.kt,sanitizeLedgerPublicKeyBindings,kotlin,0.84,1.61,0.5800000000000001,caller
android/app/src/main/java/com/scmessenger/android/data/MeshRepository.kt,getPublicInternetRelayRoutes,kotlin,0.85,1.61,0.5800000000000001,callee
android/app/src/main/java/com/scmessenger/android/data/MeshRepository.kt,filterMessagesByTopic,kotlin,0.84,1.61,0.57,caller
android/app/src/main/java/com/scmessenger/android/service/AndroidPlatformBridge.kt,wifiAwareSubscribe,kotlin,0.86,1.61,0.5900000000000001,callee
android/app/src/main/java/com/scmessenger/android/service/MeshForegroundService.kt,startPeriodicAdjustments,kotlin,0.85,1.61,0.6000000000000001,caller
android/app/src/main/java/com/scmessenger/android/transport/ble/BleScanner.kt,forceRestartScanning,kotlin,0.85,1.61,0.5800000000000001,callee
android/app/src/test/java/com/scmessenger/android/data/ReceiptUnificationTest.kt,`guard itself flags the historical bare-json wire format`,kotlin,0.8,1.61,0.5599999999999999,sibling
android/app/src/test/java/com/scmessenger/android/test/MeshForegroundServiceTest.kt,`unknown action defaults to Start`,kotlin,0.81,1.61,0.55,callee
android/app/src/test/java/com/scmessenger/android/ui/viewmodels/ContactsViewModelTest.kt,`promoteNearbyPeerToContact drops the peer from nearbyPeers optimistically`,kotlin,0.84,1.61,0.56,sibling
android/app/src/test/java/com/scmessenger/android/utils/DeepLinkValidatorTest.kt,`private IPv4 on same subnet is accepted`,kotlin,0.83,1.61,0.55,callee
android/app/src/test/java/com/scmessenger/android/utils/NotificationHelperGateTest.kt,`unhydrated gate suppresses peer discovered notification without touching the framework`,kotlin,0.84,1.61,0.5700000000000001,callee
cli/src/api.rs,handle_get_peers,rust,0.85,1.61,0.5900000000000001,sibling
cli/src/api_axum.rs,handle_shutdown,rust,0.85,1.61,0.5900000000000001,sibling
cli/src/ledger.rs,test_peer_dial_state_backoff_ladder,rust,0.79,1.61,0.58,callee
cli/src/ledger.rs,test_try_begin_dial_allows_bootstrap_when_relay_healthy,rust,0.84,1.61,0.5800000000000001,sibling
core/src/drift/store.rs,test_priority_score_newer_higher,rust,0.79,1.61,0.56,sibling
core/src/dspy/modules.rs,validate_input,rust,0.8,1.61,0.59,sibling
core/src/iron_core.rs,set_circuit_builder,rust,0.86,1.61,0.5800000000000001,callee
core/src/lib.rs,is_valid_public_key,rust,0.83,1.61,0.56,caller
core/src/mobile_bridge.rs,notify,rust,0.85,1.61,0.56,caller
core/src/mobile_bridge.rs,test_connection_path_state_disconnected_without_peers,rust,0.83,1.61,0.5700000000000001,callee
core/src/mobile_bridge.rs,send_proximity_packet,rust,0.86,1.61,0.58,caller
core/src/relay/bootstrap.rs,set_addresses,rust,0.87,1.61,0.5900000000000001,caller
core/src/relay/invite.rs,test_get_inviter,rust,0.82,1.61,0.55,sibling
core/src/relay/peer_exchange.rs,new,rust,0.84,1.61,0.5800000000000001,sibling
core/src/routing/global.rs,test_accept_newer_route_update,rust,0.82,1.61,0.58,callee
core/src/routing/negative_cache.rs,insert,rust,0.85,1.61,0.58,callee
core/src/routing/negative_cache.rs,clear_unreachable,rust,0.83,1.61,0.5900000000000001,caller
core/src/routing/neighborhood.rs,test_gossip_exchange_propagation,rust,0.85,1.61,0.58,callee
core/src/routing/resume_prefetch.rs,test_frequent_peer_decay,rust,0.81,1.61,0.59,sibling
core/src/store/ledger_entry.rs,is_dialable_for_this_node,rust,0.84,1.61,0.5900000000000001,caller
core/src/transport/abstraction.rs,test_transport_capabilities_for_wifi_aware,rust,0.8,1.61,0.55,callee
core/src/transport/manager.rs,tick,rust,0.87,1.61,0.5800000000000001,caller
core/src/transport/reputation.rs,test_rate_limiting_decreases_score,rust,0.81,1.61,0.5700000000000001,callee
core/src/transport/swarm.rs,is_poison_circuit_listener,rust,0.83,1.61,0.59,none
core/tests/integration_mycorrhizal_routing.rs,test_negative_cache_blocks_routing,rust,0.85,1.61,0.57,sibling
core/tests/integration_wifi_aware.rs,send_ble_packet,rust,0.83,1.61,0.54,caller
iOS/SCMessenger/SCMessenger/Data/MeshRepository.swift,diagnosticsLogPath,swift,0.89,1.61,0.55,none
iOS/SCMessenger/SCMessenger/Transport/BLEPeripheralManager.swift,peripheralManager,swift,0.87,1.61,0.58,sibling
wasm/src/lib.rs,record_log,rust,0.86,1.61,0.5599999999999999,caller
core/src/crypto/encrypt.rs,test_decrypt_fallback_recovers_after_sender_session_restart,rust,0.85,1.61,0.56,callee
iOS/SCMessengerCore.xcframework/ios-arm64-simulator/Headers/SCMessengerCore.swift,onDataReceived,swift,0.86,1.61,0.57,callee
AgentSwarmCline/scmessenger_swarm/observability_tests.rs,test_display_contains_all_field_values,rust,0.76,1.6,0.55,callee
android/app/src/main/java/com/scmessenger/android/data/MeshRepository.kt,setContactNickname,kotlin,0.85,1.6,0.5700000000000001,callee
android/app/src/main/java/com/scmessenger/android/data/MeshRepository.kt,getPendingMessageRequests,kotlin,0.84,1.6,0.5800000000000001,callee
android/app/src/main/java/com/scmessenger/android/data/MeshRepository.kt,emitIdentityDiscoveredIfChanged,kotlin,0.85,1.6,0.5700000000000001,callee
android/app/src/main/java/com/scmessenger/android/data/MeshRepository.kt,computeAdjustmentProfile,kotlin,0.82,1.6,0.5599999999999999,callee
android/app/src/main/java/com/scmessenger/android/data/MeshRepository.kt,publishTopic,kotlin,0.87,1.6,0.5800000000000001,caller
android/app/src/main/java/com/scmessenger/android/data/MeshRepository.kt,getDialHintsForRoutePeer,kotlin,0.85,1.6,0.5800000000000001,callee
android/app/src/main/java/com/scmessenger/android/data/MeshRepository.kt,getBleQuotaCount,kotlin,0.84,1.6,0.55,callee
android/app/src/main/java/com/scmessenger/android/transport/TransportManager.kt,initializeWifiDirect,kotlin,0.87,1.6,0.5700000000000001,callee
android/app/src/main/java/com/scmessenger/android/transport/WifiTransportManager.kt,registerReceiver,kotlin,0.89,1.6,0.5700000000000001,caller
android/app/src/main/java/com/scmessenger/android/ui/viewmodels/IdentityViewModel.kt,clearError,kotlin,0.83,1.6,0.55,sibling
android/app/src/test/java/com/scmessenger/android/data/NicknameAuthorityTest.kt,`synthetic pair clears to null`,kotlin,0.78,1.6,0.55,callee
android/app/src/test/java/com/scmessenger/android/test/MeshRepositoryTest.kt,`parseTransportsFromMultiaddrs detects relay circuits`,kotlin,0.84,1.6,0.54,callee
android/app/src/test/java/com/scmessenger/android/utils/PeerIdValidatorTest.kt,"`identity triad strictly categorizes identity hash, public key, and peer id`",kotlin,0.83,1.6,0.56,sibling
cli/src/api_axum.rs,handle_get_peers,rust,0.83,1.6,0.5800000000000001,sibling
cli/tests/integration.rs,test_ble_config_default_values,rust,0.79,1.6,0.55,callee
cli/tests/test_cli_identity_persistence.rs,reopen_storage_with_retry,rust,0.81,1.6,0.5800000000000001,caller
core/src/iron_core.rs,relay_discovery_mut,rust,0.84,1.6,0.6,callee
core/src/message/identity_envelope.rs,select_authoritative_nickname,rust,0.82,1.6,0.5700000000000001,sibling
core/src/mobile_bridge.rs,on_ble_data_received,rust,0.86,1.6,0.56,callee
core/src/relay/peer_exchange.rs,test_score_bounds,rust,0.79,1.6,0.5700000000000001,callee
core/src/routing/optimized_engine.rs,on_app_background,rust,0.83,1.6,0.55,caller
core/src/routing/smart_retry.rs,test_max_delay_enforcement,rust,0.79,1.6,0.56,callee
core/src/store/ledger_entry.rs,strip_peer_id_component,rust,0.81,1.6,0.54,callee
core/src/store/ledger_entry.rs,exchange_response_entries_for_request,rust,0.84,1.6,0.5700000000000001,caller
core/src/store/ledger_entry.rs,record_topic,rust,0.84,1.6,0.5700000000000001,caller
core/src/transport/addr_filter.rs,is_disclosable_multiaddr,rust,0.81,1.6,0.55,callee
core/src/transport/health.rs,test_transport_health_monitor,rust,0.84,1.6,0.57,sibling
core/src/transport/manager.rs,peers_needing_reconnect,rust,0.84,1.6,0.5800000000000001,sibling
core/src/transport/manager.rs,test_multiple_transports_per_peer,rust,0.84,1.6,0.55,callee
core/src/transport/mesh_routing.rs,default,rust,0.79,1.6,0.55,callee
core/src/wasm_support/storage.rs,get,rust,0.86,1.6,0.5700000000000001,sibling
iOS/SCMessenger/SCMessenger/Data/MeshRepository.swift,exportDiagnostics,swift,0.84,1.6,0.5800000000000001,callee
iOS/SCMessenger/SCMessenger/Data/MeshRepository.swift,getMessageRequests,swift,0.84,1.6,0.5800000000000001,callee
iOS/SCMessenger/SCMessenger/Data/MeshRepository.swift,emitIdentityDiscoveredIfChanged,swift,0.86,1.6,0.5800000000000001,callee
iOS/SCMessenger/SCMessenger/Generated/api.swift,write,swift,0.85,1.6,0.5599999999999999,callee
iOS/SCMessenger/SCMessenger/Generated/api.swift,swarmCanBootstrapOthers,swift,0.83,1.6,0.55,callee
iOS/SCMessenger/SCMessenger/Generated/api.swift,updateDiskStats,swift,0.83,1.6,0.5599999999999999,callee
iOS/SCMessenger/SCMessenger/Generated/api.swift,lower,swift,0.8,1.6,0.54,callee
iOS/SCMessenger/SCMessenger/Transport/BLECentralManager.swift,scheduleReconnectionRetry,swift,0.85,1.6,0.5900000000000001,caller
iOS/SCMessenger/SCMessenger/Views/Navigation/MainTabView.swift,loadRequestCount,swift,0.83,1.6,0.56,callee
wasm/src/mesh.rs,stop,rust,0.85,1.6,0.5700000000000001,caller
wasm/src/worker.rs,default,rust,0.83,1.6,0.56,sibling
core/src/mobile_bridge.rs,send_ble_packet,rust,0.85,1.6,0.55,callee
core/tests/integration_e2e.rs,test_e2e_persistent_message_flow,rust,0.86,1.6,0.58,sibling
core/tests/integration_pq_session.rs,test_v2_initiator_to_v1_peer,rust,0.87,1.6,0.57,callee
iOS/SCMessenger/SCMessenger/Generated/api.swift,onWifiAwareDataPathConfirmed,swift,0.85,1.6,0.55,callee
AgentSwarmCline/scmessenger_swarm/observability_tests.rs,test_unicode_in_message_id,rust,0.81,1.59,0.56,sibling
android/app/src/main/java/com/scmessenger/android/data/MeshRepository.kt,getContact,kotlin,0.86,1.59,0.5800000000000001,callee
android/app/src/main/java/com/scmessenger/android/data/MeshRepository.kt,getBootstrapCandidateAddresses,kotlin,0.83,1.59,0.56,callee
android/app/src/main/java/com/scmessenger/android/service/AndroidPlatformBridge.kt,sendProximityPacket,kotlin,0.87,1.59,0.5800000000000001,callee
android/app/src/main/java/com/scmessenger/android/service/AnrWatchdog.kt,watchdogLoop,kotlin,0.86,1.59,0.5700000000000001,callee
android/app/src/main/java/com/scmessenger/android/transport/WifiDirectTransport.kt,connectToGroupOwner,kotlin,0.87,1.59,0.5800000000000001,caller
android/app/src/main/java/com/scmessenger/android/ui/viewmodels/MainViewModel.kt,confirmAndDialPendingDeepLink,kotlin,0.86,1.59,0.5700000000000001,caller
android/app/src/main/java/com/scmessenger/android/ui/viewmodels/MeshServiceViewModel.kt,stopService,kotlin,0.84,1.59,0.6000000000000001,caller
android/app/src/main/java/com/scmessenger/android/ui/viewmodels/SettingsViewModel.kt,recordTransportEvent,kotlin,0.85,1.59,0.5700000000000001,caller
android/app/src/test/java/com/scmessenger/android/service/StopStartFloodTest.kt,ensureDuringStopFlood_isNoOp,kotlin,0.8,1.59,0.55,callee
cli/src/ble_mesh.rs,scm_notify_uuid,rust,0.81,1.59,0.52,caller
cli/src/ledger.rs,record_failure,rust,0.84,1.59,0.5700000000000001,sibling
cli/src/main.rs,register_identity_with_relay,rust,0.87,1.59,0.56,callee
cli/src/main.rs,should_send_auto_reply,rust,0.85,1.59,0.5599999999999999,caller
core/src/drift/sketch.rs,remove,rust,0.82,1.59,0.57,callee
core/src/dspy/modules.rs,create_cot,rust,0.81,1.59,0.56,sibling
core/src/iron_core.rs,arm_ledger_self_filter,rust,0.86,1.59,0.5700000000000001,callee
core/src/iron_core.rs,routing_tick,rust,0.84,1.59,0.5700000000000001,caller
core/src/iron_core.rs,record_outbound_message,rust,0.86,1.59,0.56,caller
core/src/mobile_bridge.rs,on_peer_discovered,rust,0.85,1.59,0.57,caller
core/src/mobile_bridge.rs,wifi_direct_remove_group,rust,0.85,1.59,0.56,callee
core/src/mobile_bridge.rs,wifi_direct_discover_peers,rust,0.83,1.59,0.54,callee
core/src/notification_defaults.rs,notify_dm_request_in_foreground,rust,0.81,1.59,0.55,sibling
core/src/routing/optimized_engine.rs,make_message_id,rust,0.81,1.59,0.5599999999999999,none
core/src/store/backend.rs,scan_prefix,rust,0.79,1.59,0.56,caller
core/src/store/dedup.rs,new,rust,0.82,1.59,0.55,sibling
core/src/store/ledger_entry.rs,local_mesh_export_widens_rfc1918_only,rust,0.83,1.59,0.56,callee
core/src/store/ledger_entry.rs,contact_chain_does_not_amplify_to_strangers,rust,0.84,1.59,0.5800000000000001,callee
core/src/transport/addr_filter.rs,nat64_local_use_prefix_uses_the_rfc6052_48_embedding,rust,0.83,1.59,0.55,sibling
core/src/transport/ble/scanner.rs,set_wifi_available,rust,0.83,1.59,0.5599999999999999,caller
core/src/transport/health.rs,update_connection_state,rust,0.85,1.59,0.5700000000000001,caller
core/src/transport/manager.rs,set_health_monitor,rust,0.85,1.59,0.53,caller
core/src/transport/manager.rs,register_transport,rust,0.87,1.59,0.56,caller
core/src/transport/mesh_routing.rs,reasserting_a_known_route_does_not_refresh_its_eviction_position,rust,0.81,1.59,0.5700000000000001,sibling
core/src/transport/swarm.rs,per_peer_share_scales_with_the_configured_budget,rust,0.81,1.59,0.55,sibling
core/src/transport/wifi_direct.rs,shutdown,rust,0.87,1.59,0.5800000000000001,callee
core/tests/integration_outbox_flush_reconnect.rs,test_outbox_retry_backoff_schedule,rust,0.83,1.59,0.57,sibling
iOS/SCMessenger/SCMessenger/Data/MeshRepository.swift,onBleDataReceived,swift,0.87,1.59,0.5700000000000001,callee
iOS/SCMessenger/SCMessenger/Data/MeshRepository.swift,isDialableAddress,swift,0.83,1.59,0.56,caller
iOS/SCMessenger/SCMessenger/Transport/BLEPeripheralManager.swift,applyAdvertiseSettings,swift,0.85,1.59,0.55,caller
iOS/SCMessenger/SCMessenger/ViewModels/SettingsViewModel.swift,updateBleRotationInterval,swift,0.84,1.59,0.55,none
iOS/SCMessenger/SCMessenger/Views/Navigation/MainTabView.swift,refreshIdentityRole,swift,0.86,1.59,0.56,none
iOS/SCMessenger/SCMessenger/Views/Navigation/MainTabView.swift,deleteConversation,swift,0.85,1.59,0.5900000000000001,callee
iOS/SCMessengerCore.xcframework/ios-arm64-simulator/Headers/SCMessengerCore.swift,lower,swift,0.81,1.59,0.54,caller
iOS/SCMessengerCore.xcframework/ios-arm64-simulator/Headers/SCMessengerCore.swift,updateDiskStats,swift,0.83,1.59,0.55,callee
iOS/SCMessengerCore.xcframework/ios-arm64-simulator/Headers/SCMessengerCore.swift,write,swift,0.85,1.59,0.55,callee
iOS/SCMessengerCore.xcframework/ios-arm64/Headers/SCMessengerCore.swift,FfiConverterTypeNotificationDecision_lower,swift,0.82,1.59,0.54,callee
iOS/SCMessengerTests/NotificationVerificationTests.swift,testPermissionFlowNotDetermined,swift,0.79,1.59,0.5700000000000001,callee
core/src/crypto/encrypt.rs,test_relay_can_verify_without_decrypting,rust,0.84,1.59,0.55,sibling
core/tests/integration_ledger_convergence.rs,test_ledger_exchange_response_is_reciprocated_from_core,rust,0.85,1.59,0.5700000000000001,sibling
android/app/src/main/java/com/scmessenger/android/data/MeshRepository.kt,startPeriodicStatsUpdate,kotlin,0.86,1.58,0.5700000000000001,callee
android/app/src/main/java/com/scmessenger/android/data/MeshRepository.kt,computeBleAdjustment,kotlin,0.81,1.58,0.5800000000000001,caller
android/app/src/main/java/com/scmessenger/android/data/MeshRepository.kt,startNetworkChangeWatch,kotlin,0.86,1.58,0.56,sibling
android/app/src/main/java/com/scmessenger/android/service/MeshForegroundService.kt,showMessageNotificationWithClassification,kotlin,0.85,1.58,0.56,callee
android/app/src/main/java/com/scmessenger/android/transport/TransportManager.kt,getWifiAwareTransport,kotlin,0.86,1.58,0.54,caller
android/app/src/main/java/com/scmessenger/android/ui/viewmodels/ChatViewModel.kt,observeMessageUpdates,kotlin,0.85,1.58,0.56,sibling
android/app/src/main/java/com/scmessenger/android/utils/StorageManager.kt,isStorageStateCritical,kotlin,0.76,1.58,0.54,callee
android/app/src/main/java/com/scmessenger/android/utils/TimestampUtils.kt,toEpochMillis,kotlin,0.68,1.58,0.55,sibling
android/app/src/test/java/com/scmessenger/android/data/IdentityUnificationCanonicalIdTest.kt,`matching stored key is not a conflict and mismatching key is`,kotlin,0.82,1.58,0.55,callee
android/app/src/test/java/com/scmessenger/android/test/MeshRepositoryTest.kt,`checkMeshParticipationEnabled helper allows null settings consistently across repeated calls`,kotlin,0.81,1.58,0.54,callee
android/shared/src/desktopMain/kotlin/com/scmessenger/shared/platform/PlatformNetworking.desktop.kt,sendMessage,kotlin,0.82,1.58,0.55,caller
cli/src/transport_bridge.rs,register_peer_capabilities,rust,0.86,1.58,0.55,sibling
core/src/abuse/spam_detection.rs,test_heuristics_only_flooding_detection,rust,0.79,1.58,0.5599999999999999,callee
core/src/drift/relay.rs,messages_for_sync,rust,0.84,1.58,0.5700000000000001,callee
core/src/iron_core.rs,set_timing_jitter,rust,0.85,1.58,0.56,callee
core/src/mobile_bridge.rs,get_device_state,rust,0.84,1.58,0.55,caller
core/src/mobile_bridge.rs,on_entering_background,rust,0.85,1.58,0.53,caller
core/src/mobile_bridge.rs,on_entering_foreground,rust,0.83,1.58,0.54,callee
core/src/relay/invite.rs,default,rust,0.77,1.58,0.54,callee
core/src/relay/peer_exchange.rs,test_record_success_2,rust,0.83,1.58,0.55,callee
core/src/routing/adaptive_ttl.rs,calculate_ttl,rust,0.83,1.58,0.54,callee
core/src/routing/optimized_engine.rs,advance_discovery_phase,rust,0.84,1.58,0.56,callee
core/src/store/ledger_entry.rs,default_version,rust,0.81,1.58,0.55,none
core/src/transport/abstraction.rs,test_transport_capabilities_for_wifi_direct,rust,0.8,1.58,0.53,callee
core/src/transport/health.rs,record_message_failure,rust,0.83,1.58,0.56,caller
core/tests/integration_wifi_aware.rs,send_proximity_packet,rust,0.82,1.58,0.53,caller
core/tests/test_and06_live_key_corpus.rs,live_non_key_identifiers_are_measured_not_assumed,rust,0.8,1.58,0.55,sibling
desktop_bridge/src/desktop_bridge.rs,with_storage_path,rust,0.84,1.58,0.55,callee
iOS/SCMessenger/SCMessenger/Data/MeshRepository.swift,start,swift,0.87,1.58,0.56,callee
iOS/SCMessengerCore.xcframework/ios-arm64/Headers/SCMessengerCore.swift,write,swift,0.85,1.58,0.53,callee
wasm/src/worker.rs,register_sync,rust,0.85,1.58,0.56,sibling
cli/src/main.rs,cmd_share_apk,rust,0.86,1.58,0.5700000000000001,caller
core/src/crypto/session_manager.rs,test_skipped_keys_survive_persistence_roundtrip,rust,0.82,1.58,0.55,sibling
core/tests/integration_pq_verification_suite.rs,dual_signed_invite,rust,0.85,1.58,0.5599999999999999,sibling
iOS/SCMessenger/SCMessenger/Generated/api.swift,importSeedEntries,swift,0.84,1.58,0.5599999999999999,caller
iOS/SCMessenger/SCMessenger/Generated/api.swift,recordConnection,swift,0.84,1.58,0.5499999999999999,caller
android/app/src/main/java/com/scmessenger/android/data/MeshRepository.kt,getPreferredRelay,kotlin,0.81,1.57,0.55,callee
android/app/src/main/java/com/scmessenger/android/service/MeshForegroundService.kt,onCreate,kotlin,0.86,1.57,0.56,sibling
android/app/src/main/java/com/scmessenger/android/transport/TransportManager.kt,getOrCreateSubnetProbe,kotlin,0.85,1.57,0.55,callee
android/app/src/main/java/com/scmessenger/android/transport/ble/BleGattServer.kt,onConnectionStateChange,kotlin,0.85,1.57,0.5700000000000001,caller
android/app/src/main/java/com/scmessenger/android/ui/viewmodels/ChatViewModel.kt,loadMoreMessages,kotlin,0.85,1.57,0.55,callee
android/app/src/main/java/com/scmessenger/android/ui/viewmodels/RequestsInboxViewModel.kt,acceptRequest,kotlin,0.86,1.57,0.55,callee
android/app/src/main/java/com/scmessenger/android/ui/viewmodels/SettingsViewModel.kt,incrementAttemptCount,kotlin,0.84,1.57,0.56,caller
android/app/src/test/java/com/scmessenger/android/data/ReceiptUnificationTest.kt,initializeManagers,kotlin,0.81,1.57,0.53,sibling
android/app/src/test/java/com/scmessenger/android/test/DropAtCapRetentionTest.kt,`at-cap retained entry is SENT again once the backoff elapses`,kotlin,0.81,1.57,0.52,callee
android/app/src/test/java/com/scmessenger/android/ui/viewmodels/MeshServiceViewModelTest.kt,`getStatsText returns formatted stats`,kotlin,0.82,1.57,0.51,sibling
cli/src/ble_daemon.rs,default,rust,0.81,1.57,0.5700000000000001,callee
cli/src/ledger.rs,record_connection,rust,0.87,1.57,0.54,sibling
cli/src/seed_dial.rs,sweep_once,rust,0.84,1.57,0.56,sibling
core/src/drift/envelope.rs,test_is_expired_never_expires,rust,0.76,1.57,0.54,callee
core/src/drift/sync.rs,merge_envelopes,rust,0.82,1.57,0.55,callee
core/src/iron_core.rs,routing_timeout_budget_summary,rust,0.82,1.57,0.55,callee
core/src/iron_core.rs,history_store_manager,rust,0.83,1.57,0.53,caller
core/src/iron_core.rs,get_enhanced_peer_reputation,rust,0.84,1.57,0.56,callee
core/src/iron_core.rs,get_forwarding_capability,rust,0.83,1.57,0.56,sibling
core/src/mobile_bridge.rs,on_peer_identified,rust,0.85,1.57,0.5499999999999999,callee
core/src/mobile_bridge.rs,on_entering_foreground,rust,0.83,1.57,0.52,callee
core/src/routing/adaptive_ttl.rs,test_activity_decay,rust,0.81,1.57,0.5599999999999999,callee
core/src/routing/optimized_engine.rs,test_discovery_phase_advancement,rust,0.83,1.57,0.55,callee
core/src/store/outbox.rs,mark_failed,rust,0.84,1.57,0.56,callee
core/src/store/relay_custody.rs,set_compat_mode,rust,0.82,1.57,0.54,caller
core/src/store/relay_custody.rs,transitions_for_identity,rust,0.84,1.57,0.56,sibling
core/src/transport/ble/scanner.rs,test_ble_scanner_time_since_state_change,rust,0.74,1.57,0.58,callee
core/src/transport/bootstrap.rs,record_success,rust,0.84,1.57,0.56,caller
core/src/transport/bootstrap.rs,record_failure,rust,0.84,1.57,0.5700000000000001,caller
core/src/transport/dial_policy.rs,default,rust,0.76,1.57,0.52,callee
core/src/transport/relay_health.rs,get_priority_relays,rust,0.84,1.57,0.56,caller
core/src/transport/swarm.rs,note_inbound_attempt_by_ip,rust,0.83,1.57,0.55,caller
core/src/transport/swarm.rs,on_success,rust,0.87,1.57,0.54,none
core/src/transport/swarm.rs,relay_filter_rejects_reflected_local_and_circuit_addresses,rust,0.8,1.57,0.55,callee
core/src/transport/wifi_aware.rs,test_decode_port_tlv_truncated,rust,0.82,1.57,0.54,none
core/src/transport/wifi_direct.rs,new_platform_ref,rust,0.84,1.57,0.5499999999999999,caller
core/tests/integration_wifi_aware.rs,wifi_direct_create_group,rust,0.81,1.57,0.54,caller
iOS/SCMessenger/SCMessenger/Data/MeshRepository.swift,resolveCanonicalPeerId,swift,0.85,1.57,0.55,caller
iOS/SCMessenger/SCMessenger/Generated/api.swift,count,swift,0.82,1.57,0.55,callee
iOS/SCMessenger/SCMessenger/Services/NotificationManager.swift,configure,swift,0.85,1.57,0.54,callee
iOS/SCMessenger/SCMessenger/Utils/QRCodeGenerator.swift,image,swift,0.8,1.57,0.58,callee
iOS/SCMessenger/SCMessenger/ViewModels/ContactsViewModel.swift,refreshNearbyFilter,swift,0.82,1.57,0.54,caller
iOS/SCMessenger/SCMessenger/ViewModels/SettingsViewModel.swift,getIdentityExportString,swift,0.84,1.57,0.56,sibling
iOS/SCMessengerCore.xcframework/ios-arm64-simulator/Headers/SCMessengerCore.swift,stop,swift,0.82,1.57,0.5499999999999999,callee
iOS/SCMessengerCore.xcframework/ios-arm64-simulator/Headers/SCMessengerCore.swift,lower,swift,0.8,1.57,0.53,callee
patch/if-watch-full/src/lib.rs,iter,rust,0.8,1.57,0.54,callee
wasm/src/connection_state.rs,add_rtc_connection,rust,0.86,1.57,0.54,sibling
wasm/src/mesh.rs,pull_from_relay,rust,0.85,1.57,0.54,caller
android/app/src/test/java/com/scmessenger/android/data/IdentityUnificationCanonicalIdTest.kt,`canonical hex peer_id bound to itself is self-certifying`,kotlin,0.84,1.57,0.51,sibling
core/src/crypto/ratchet.rs,test_init_as_receiver_hybrid_then_decrypt,rust,0.86,1.57,0.56,callee
core/src/identity/keys.rs,to_bytes,rust,0.82,1.57,0.56,caller
core/tests/integration_ironcore_roundtrip.rs,test_two_node_message_roundtrip,rust,0.84,1.57,0.5599999999999999,sibling
iOS/SCMessenger/SCMessenger/Generated/api.swift,ratchetResetSession,swift,0.82,1.57,0.54,callee
iOS/SCMessengerCore.xcframework/ios-arm64-simulator/Headers/SCMessengerCore.swift,recordConnection,swift,0.85,1.57,0.53,caller
android/app/src/main/java/com/scmessenger/android/data/MeshRepository.kt,resetServiceStats,kotlin,0.83,1.56,0.55,callee
android/app/src/main/java/com/scmessenger/android/data/MeshRepository.kt,sendToAllPeers,kotlin,0.86,1.56,0.55,callee
android/app/src/main/java/com/scmessenger/android/data/MeshRepository.kt,annotateIdentityInLedger,kotlin,0.84,1.56,0.55,callee
android/app/src/main/java/com/scmessenger/android/data/MeshRepository.kt,promotePendingOutboundForPeer,kotlin,0.85,1.56,0.56,caller
android/app/src/main/java/com/scmessenger/android/data/MeshRepository.kt,relayCircuitAddressesForPeer,kotlin,0.85,1.56,0.55,caller
android/app/src/main/java/com/scmessenger/android/data/MeshRepository.kt,startStorageMaintenance,kotlin,0.86,1.56,0.55,callee
android/app/src/main/java/com/scmessenger/android/service/AndroidPlatformBridge.kt,onNetworkChanged,kotlin,0.83,1.56,0.55,callee
android/app/src/main/java/com/scmessenger/android/service/AndroidPlatformBridge.kt,wifiAwareStop,kotlin,0.86,1.56,0.54,callee
android/app/src/main/java/com/scmessenger/android/service/PerformanceMonitor.kt,recordUiTiming,kotlin,0.83,1.56,0.56,sibling
android/app/src/main/java/com/scmessenger/android/transport/ble/BleAdvertiser.kt,updateIdentityBeacon,kotlin,0.82,1.56,0.53,callee
android/app/src/main/java/com/scmessenger/android/transport/ble/BleGattServer.kt,handleReassembly,kotlin,0.87,1.56,0.56,caller
android/app/src/main/java/com/scmessenger/android/utils/DeepLinkValidator.kt,validateIpv6,kotlin,0.84,1.56,0.56,callee
android/app/src/test/java/com/scmessenger/android/service/StopStartFloodTest.kt,explicitStartAfterStop_clearsLatchAndStarts,kotlin,0.8,1.56,0.53,callee
android/app/src/test/java/com/scmessenger/android/test/DiagnosticsBundleFormatterTest.kt,`bundle preserves core diagnostics and logs`,kotlin,0.81,1.56,0.52,sibling
android/app/src/test/java/com/scmessenger/android/test/DropAtCapRetentionTest.kt,"`undelivered send at attempt cap is retained, never dropped`",kotlin,0.82,1.56,0.5,callee
android/app/src/test/java/com/scmessenger/android/test/MeshRepositoryTest.kt,`isMeshParticipationEnabled false when relay disabled`,kotlin,0.81,1.56,0.53,callee
android/app/src/test/java/com/scmessenger/android/test/ReceiptUnificationTest.kt,initializeManagers,kotlin,0.83,1.56,0.51,none
android/app/src/test/java/com/scmessenger/android/utils/ContactDisplayNameTest.kt,`only chosen nickname - rendered alone`,kotlin,0.81,1.56,0.55,callee
cli/src/ledger.rs,complete_dial,rust,0.84,1.56,0.56,caller
cli/tests/integration.rs,test_ble_daemon_default_unavailable,rust,0.8,1.56,0.54,callee
core/src/abuse/reputation.rs,test_spam_signal_recording,rust,0.83,1.56,0.5499999999999999,callee
core/src/drift/policy.rs,test_profile_minimal_critical,rust,0.76,1.56,0.53,sibling
core/src/dspy/modules.rs,new,rust,0.82,1.56,0.5499999999999999,sibling
core/src/iron_core.rs,routing_summary,rust,0.81,1.56,0.56,callee
core/src/iron_core.rs,contacts_store_manager,rust,0.83,1.56,0.55,caller
core/src/notification.rs,explicit_request_overrides_known_contact_inference,rust,0.81,1.56,0.53,callee
core/src/relay/client.rs,connect_websocket,rust,0.83,1.56,0.56,caller
core/src/routing/adaptive_ttl.rs,test_moderate_peer_ttl,rust,0.8,1.56,0.55,sibling
core/src/routing/local.rs,test_max_peers_eviction,rust,0.81,1.56,0.56,callee
core/src/routing/negative_cache.rs,test_bloom_filter_false_positive_rate,rust,0.76,1.56,0.55,callee
core/src/store/ledger_entry.rs,strip_peer_id_component_matches_cli_convention,rust,0.79,1.56,0.52,none
core/src/store/ledger_entry.rs,record_connection_refuses_dns_forms_from_any_caller,rust,0.81,1.56,0.54,callee
core/src/store/outbox.rs,flush_peer_messages,rust,0.83,1.56,0.56,caller
core/src/transport/circuit_breaker.rs,new,rust,0.82,1.56,0.53,callee
core/src/transport/diagnostics.rs,routing_telemetry_ring_buffer_capacity,rust,0.8,1.56,0.54,callee
core/src/transport/dial_policy.rs,test_backoff_state_creation,rust,0.82,1.56,0.55,callee
core/src/transport/escalation.rs,test_escalation_order_low_power,rust,0.78,1.56,0.54,callee
core/src/transport/health.rs,test_connection_stats_unhealthy,rust,0.79,1.56,0.53,sibling
core/src/transport/manager.rs,new,rust,0.83,1.56,0.54,callee
core/src/transport/manager.rs,pending_sends,rust,0.83,1.56,0.55,caller
core/src/transport/observation.rs,remove_connection,rust,0.84,1.56,0.52,caller
core/src/transport/relay_health.rs,new,rust,0.84,1.56,0.54,sibling
core/src/transport/reputation.rs,apply_decay,rust,0.84,1.56,0.55,sibling
core/src/wasm_support/mesh.rs,relay_incoming,rust,0.86,1.56,0.56,caller
core/src/wasm_support/transport.rs,remove_channel,rust,0.86,1.56,0.54,caller
core/tests/integration_core_ffi_node1.rs,on_peer_discovered,rust,0.85,1.56,0.53,caller
core/tests/integration_local_mesh_node3.rs,set_on_message_received,rust,0.86,1.56,0.54,sibling
core/tests/integration_wifi_aware.rs,wifi_direct_connect,rust,0.84,1.56,0.54,caller
core/tests/mocks/mod.rs,test_mock_transport,rust,0.82,1.56,0.54,callee
desktop_bridge/src/desktop_bridge.rs,update_tray_status,rust,0.85,1.56,0.54,callee
desktop_bridge/src/socket_activation.rs,test_activation_detected,rust,0.81,1.56,0.54,callee
iOS/SCMessenger/SCMessenger/Background/NotificationBackgroundProcessor.swift,checkPowerState,swift,0.83,1.56,0.54,callee
iOS/SCMessenger/SCMessenger/Data/MeshRepository.swift,startBleTransport,swift,0.87,1.56,0.55,caller
iOS/SCMessenger/SCMessenger/Transport/MultipeerTransport.swift,browser,swift,0.85,1.56,0.55,callee
iOS/SCMessengerCore.xcframework/ios-arm64/Headers/SCMessengerCore.swift,lower,swift,0.8,1.56,0.52,caller
iOS/SCMessengerCore.xcframework/ios-arm64/Headers/SCMessengerCore.swift,updateDiskStats,swift,0.82,1.56,0.53,callee
iOS/SCMessengerCore.xcframework/ios-arm64/Headers/SCMessengerCore.swift,sendMessageStatus,swift,0.84,1.56,0.55,caller
iOS/SCMessengerTests/NotificationVerificationTests.swift,setUp,swift,0.8,1.56,0.53,callee
wasm/src/connection_state.rs,remove_websocket,rust,0.84,1.56,0.55,callee
wasm/src/lib.rs,get_settings,rust,0.84,1.56,0.53,callee
core/src/mobile_bridge.rs,send_ble_packet,rust,0.86,1.56,0.53,callee
core/src/relay/client.rs,test_connect_to_relay,rust,0.84,1.56,0.55,callee
core/src/store/contacts.rs,legacy_peer_id_as_public_key_is_repaired_and_readable,rust,0.82,1.56,0.55,callee
core/tests/integration_backup.rs,iron_core_fast_backup_restore_preserves_bridge_contacts,rust,0.85,1.56,0.5599999999999999,sibling
iOS/SCMessenger/SCMessenger/Generated/api.swift,dispatchProximityPacket,swift,0.82,1.56,0.53,sibling
android/app/src/main/java/com/scmessenger/android/data/MeshRepository.kt,onPeerDisconnected,kotlin,0.84,1.55,0.55,callee
android/app/src/main/java/com/scmessenger/android/data/MeshRepository.kt,clearHistory,kotlin,0.83,1.55,0.54,callee
android/app/src/main/java/com/scmessenger/android/data/MeshRepository.kt,triggerTransportRescan,kotlin,0.86,1.55,0.54,callee
android/app/src/main/java/com/scmessenger/android/data/MeshRepository.kt,resolveCanonicalPeerId,kotlin,0.84,1.55,0.53,callee
android/app/src/main/java/com/scmessenger/android/data/TopicManager.kt,subscribe,kotlin,0.86,1.55,0.54,callee
android/app/src/main/java/com/scmessenger/android/service/AndroidPlatformBridge.kt,sendBlePacket,kotlin,0.87,1.55,0.55,callee
android/app/src/main/java/com/scmessenger/android/service/MeshForegroundService.kt,stopMeshServiceLocked,kotlin,0.83,1.55,0.54,sibling
android/app/src/main/java/com/scmessenger/android/transport/TransportManager.kt,getWifiDirectTransport,kotlin,0.84,1.55,0.52,caller
android/app/src/main/java/com/scmessenger/android/transport/WifiAwareTransport.kt,initiateDataPath,kotlin,0.87,1.55,0.55,caller
android/app/src/main/java/com/scmessenger/android/transport/ble/BleGattServer.kt,sendData,kotlin,0.84,1.55,0.55,sibling
android/app/src/main/java/com/scmessenger/android/ui/viewmodels/ConversationsViewModel.kt,markDelivered,kotlin,0.84,1.55,0.55,caller
android/app/src/main/java/com/scmessenger/android/ui/viewmodels/DashboardViewModel.kt,observeLiveNetworkStats,kotlin,0.84,1.55,0.53,callee
android/app/src/main/java/com/scmessenger/android/ui/viewmodels/MainViewModel.kt,skipOnboardingForRelayOnlyInstall,kotlin,0.84,1.55,0.54,caller
android/app/src/test/java/com/scmessenger/android/network/DiagnosticsReporterRelayRecommendationTest.kt,reporter,kotlin,0.82,1.55,0.52,callee
android/app/src/test/java/com/scmessenger/android/service/StopRaceLatchTest.kt,explicitStart_clearsLatch,kotlin,0.82,1.55,0.53,callee
android/app/src/test/java/com/scmessenger/android/test/MeshRepositoryTest.kt,`checkMeshParticipationEnabled returns false for disabled participation`,kotlin,0.8,1.55,0.53,callee
android/app/src/test/java/com/scmessenger/android/test/OrderingAndNotificationRoutingTest.kt,"`a full tie is decided by id, not by the order the list was built in`",kotlin,0.79,1.55,0.51,callee
cli/src/api.rs,triad_dto,rust,0.81,1.55,0.54,caller
cli/src/ble_mesh.rs,diagnostic_message_id,rust,0.81,1.55,0.54,callee
cli/src/ledger.rs,record_failure,rust,0.84,1.55,0.53,sibling
cli/src/seed_dial.rs,sweep_decision_dials_when_seeds_nonempty_and_peers_zero,rust,0.81,1.55,0.5,sibling
core/src/abuse/reputation.rs,flush_to_storage,rust,0.84,1.55,0.53,caller
core/src/notification_defaults.rs,notify_dm_in_foreground,rust,0.79,1.55,0.53,sibling
core/src/routing/resume_prefetch.rs,fail_refresh,rust,0.77,1.55,0.51,caller
core/src/store/ledger_entry.rs,seed_addresses,rust,0.83,1.55,0.54,caller
core/src/store/ledger_entry.rs,seed_ordering_deterministic_under_ties,rust,0.8,1.55,0.54,none
core/src/store/outbox.rs,drain_for_peer,rust,0.83,1.55,0.54,caller
core/src/transport/ble/gatt.rs,new,rust,0.84,1.55,0.52,sibling
core/src/transport/escalation.rs,select_best_transport,rust,0.82,1.55,0.54,callee
core/src/transport/manager.rs,test_tick_cleanup,rust,0.83,1.55,0.54,callee
core/src/transport/mesh_routing.rs,record_relay_attempt,rust,0.84,1.55,0.54,callee
core/src/transport/mesh_routing.rs,stale_wire_recency_is_rejected,rust,0.8,1.55,0.55,sibling
core/src/transport/swarm.rs,note_peer_relay_admitted,rust,0.8,1.55,0.53,callee
core/src/transport/swarm.rs,ledger_verified_pair,rust,0.85,1.55,0.53,callee
core/src/wasm_support/mesh.rs,tick,rust,0.85,1.55,0.55,caller
core/tests/integration_drift_mule.rs,make_envelope,rust,0.8,1.55,0.54,sibling
core/tests/integration_wifi_aware.rs,on_proximity_data_received,rust,0.83,1.55,0.53,caller
iOS/SCMessenger/SCMessenger/Generated/api.swift,driftStoreSize,swift,0.81,1.55,0.53,callee
iOS/SCMessenger/SCMessenger/Views/Dashboard/MeshDashboardView.swift,markPeer,swift,0.84,1.55,0.55,caller
iOS/SCMessengerCore.xcframework/ios-arm64-simulator/Headers/SCMessengerCore.swift,sendMessageStatus,swift,0.83,1.55,0.5499999999999999,caller
iOS/SCMessengerCore.xcframework/ios-arm64-simulator/Headers/SCMessengerCore.swift,uniffiCallbackInitCoreDelegate,swift,0.86,1.55,0.53,callee
iOS/SCMessengerCore.xcframework/ios-arm64/Headers/SCMessengerCore.swift,write,swift,0.85,1.55,0.52,caller
iOS/SCMessengerCore.xcframework/ios-arm64/Headers/SCMessengerCore.swift,write,swift,0.85,1.55,0.53,callee
iOS/SCMessengerTests/NotificationVerificationTests.swift,testPermissionFlowAuthorized,swift,0.83,1.55,0.55,sibling
patch/if-watch-full/src/lib.rs,iter,rust,0.78,1.55,0.54,callee
wasm/src/daemon_bridge.rs,on_notification,rust,0.86,1.55,0.53,caller
wasm/src/transport.rs,close,rust,0.84,1.55,0.53,caller
iOS/SCMessenger/SCMessenger/Generated/api.swift,registerDeviceId,swift,0.84,1.55,0.53,callee
wasm/src/lib.rs,test_desktop_identity_flow_exposes_metadata_after_init,rust,0.84,1.55,0.5499999999999999,callee
android/app/src/main/java/com/scmessenger/android/data/MeshRepository.kt,checkAndRecordMessage,kotlin,0.84,1.54,0.52,caller
android/app/src/main/java/com/scmessenger/android/data/MeshRepository.kt,updateBleIdentityBeacon,kotlin,0.88,1.54,0.53,caller
android/app/src/main/java/com/scmessenger/android/data/MeshRepository.kt,computeRelayAdjustment,kotlin,0.81,1.54,0.53,caller
android/app/src/main/java/com/scmessenger/android/data/MeshRepository.kt,transportTypeFromValue,kotlin,0.8,1.54,0.53,callee
android/app/src/main/java/com/scmessenger/android/data/TopicManager.kt,refreshKnownTopics,kotlin,0.85,1.54,0.53,callee
android/app/src/main/java/com/scmessenger/android/notification/NotificationActionReceiver.kt,onReceive,kotlin,0.87,1.54,0.53,sibling
android/app/src/main/java/com/scmessenger/android/service/AndroidPlatformBridge.kt,onReceive,kotlin,0.85,1.54,0.52,callee
android/app/src/main/java/com/scmessenger/android/service/MeshForegroundService.kt,createSimpleForegroundNotification,kotlin,0.85,1.54,0.54,sibling
android/app/src/main/java/com/scmessenger/android/transport/WifiAwareTransport.kt,createResponderSocket,kotlin,0.86,1.54,0.55,caller
android/app/src/main/java/com/scmessenger/android/transport/ble/BleGattClient.kt,onCharacteristicChanged,kotlin,0.86,1.54,0.55,sibling
android/app/src/main/java/com/scmessenger/android/transport/ble/BleL2capManager.kt,startListening,kotlin,0.86,1.54,0.53,caller
android/app/src/main/java/com/scmessenger/android/utils/ApkShareManager.kt,isHosting,kotlin,0.72,1.54,0.5,sibling
android/shared/src/commonMain/kotlin/com/scmessenger/shared/viewmodel/AppViewModel.kt,stopService,kotlin,0.81,1.54,0.54,sibling
cli/src/main.rs,custom_auto_reply_text_still_carries_the_machine_marker,rust,0.82,1.54,0.54,callee
cli/tests/integration_peer_identified_gate.rs,operator_bootstrap_addresses_survive_but_names_never_enter,rust,0.79,1.54,0.53,callee
core/src/drift/relay.rs,test_maintenance_removes_expired,rust,0.84,1.54,0.53,sibling
core/src/iron_core.rs,list_notification_endpoints,rust,0.86,1.54,0.52,callee
core/src/mobile_bridge.rs,set_relay_budget_nonblocking,rust,0.84,1.54,0.53,callee
core/src/mobile_bridge.rs,get_topics_blocking,rust,0.83,1.54,0.54,callee
core/src/relay/bootstrap.rs,with_group_key,rust,0.85,1.54,0.52,caller
core/src/relay/client.rs,new,rust,0.86,1.54,0.54,callee
core/src/relay/invite.rs,test_get_direct_invitations,rust,0.8,1.54,0.53,callee
core/src/routing/negative_cache.rs,refresh,rust,0.83,1.54,0.53,caller
core/src/routing/neighborhood.rs,rebuild_summaries,rust,0.84,1.54,0.53,sibling
core/src/routing/optimized_engine.rs,start_discovery_if_needed,rust,0.86,1.54,0.54,caller
core/src/routing/resume_prefetch.rs,new,rust,0.8,1.54,0.52,sibling
core/src/store/ledger_entry.rs,evict_one_locked,rust,0.81,1.54,0.53,caller
core/src/store/ledger_entry.rs,annotate_identities_batch,rust,0.83,1.54,0.54,callee
core/src/store/storage.rs,new,rust,0.81,1.54,0.53,callee
core/src/transport/addr_filter.rs,cgnat_is_dialable_locally_but_never_disclosable,rust,0.82,1.54,0.51,sibling
core/src/transport/diagnostics.rs,get_extended_network_diagnostics,rust,0.82,1.54,0.51,callee
core/src/transport/dial_policy.rs,test_dead_revive_after_window,rust,0.82,1.54,0.54,none
core/src/transport/escalation.rs,find_better_transport,rust,0.81,1.54,0.54,callee
core/src/transport/health.rs,record_successful_connection,rust,0.83,1.54,0.53,caller
core/src/transport/mesh_routing.rs,default,rust,0.83,1.54,0.52,caller
core/src/transport/multiport.rs,test_requires_elevated_privileges,rust,0.8,1.54,0.52,sibling
core/src/transport/multiport.rs,test_bind_analysis_report,rust,0.82,1.54,0.51,callee
core/src/transport/multiport.rs,test_no_two_emitted_addresses_share_ip_port_pair,rust,0.79,1.54,0.53,callee
core/src/transport/observation.rs,get_connection,rust,0.81,1.54,0.54,caller
core/src/transport/reflection.rs,new,rust,0.81,1.54,0.51,sibling
core/src/transport/reflection.rs,reset_stats,rust,0.81,1.54,0.53,caller
core/tests/integration_drift_mule.rs,mesh_store_merge_union,rust,0.81,1.54,0.52,callee
core/tests/integration_local_mesh_node3.rs,test_l2cap_reassembly_manager_drop_reasons,rust,0.84,1.54,0.54,sibling
core/tests/integration_wifi_aware.rs,on_battery_changed,rust,0.8,1.54,0.51,caller
iOS/SCMessenger/SCMessenger/Data/MeshRepository.swift,resumeMeshService,swift,0.84,1.54,0.54,callee
iOS/SCMessenger/SCMessenger/Data/MeshRepository.swift,emitConnectedIfChanged,swift,0.84,1.54,0.53,caller
iOS/SCMessenger/SCMessenger/Generated/api.swift,getAutoAdjustEngine,swift,0.8,1.54,0.53,callee
iOS/SCMessengerCore.xcframework/ios-arm64/Headers/SCMessengerCore.swift,write,swift,0.86,1.54,0.52,callee
iOS/SCMessengerCore.xcframework/ios-arm64/Headers/SCMessengerCore.swift,uniffiCallbackInitPlatformBridge,swift,0.86,1.54,0.5,callee
wasm/src/lib.rs,get_device_id,rust,0.85,1.54,0.52,callee
android/app/src/test/java/com/scmessenger/android/utils/ContactImportParserTest.kt,`uses peer id as the transport id when legacy alias is absent`,kotlin,0.83,1.54,0.52,callee
cli/src/api.rs,api_send_refuses_blocked_contact_alias,rust,0.85,1.54,0.55,sibling
core/src/transport/swarm.rs,kademlia_gate_rejects_multicast_broadcast_and_mapped_loopback,rust,0.84,1.54,0.53,sibling
core/tests/integration_e2e.rs,test_e2e_multi_peer_scenario,rust,0.85,1.54,0.55,sibling
core/tests/integration_registration_protocol.rs,registration_protocol_accepts_valid_signed_registration_request,rust,0.85,1.54,0.52,sibling
core/tests/property/encryption_roundtrip.rs,test_max_size_plaintext_roundtrip,rust,0.84,1.54,0.53,callee
iOS/SCMessenger/SCMessenger/Generated/api.swift,onProximityDataReceived,swift,0.83,1.54,0.53,callee
android/app/src/main/java/com/scmessenger/android/data/MeshRepository.kt,initializeManagers,kotlin,0.86,1.53,0.52,callee
android/app/src/main/java/com/scmessenger/android/data/MeshRepository.kt,migrateStaleRoutingHints,kotlin,0.84,1.53,0.54,caller
android/app/src/main/java/com/scmessenger/android/data/MeshRepository.kt,buildBeacon,kotlin,0.84,1.53,0.53,caller
android/app/src/main/java/com/scmessenger/android/data/MeshRepository.kt,restoreIdentityFromBackup,kotlin,0.86,1.53,0.53,callee
android/app/src/main/java/com/scmessenger/android/data/MeshRepository.kt,addContactByPeerId,kotlin,0.84,1.53,0.53,callee
android/app/src/main/java/com/scmessenger/android/data/MeshRepository.kt,isKnownContact,kotlin,0.84,1.53,0.53,callee
android/app/src/main/java/com/scmessenger/android/data/TopicManager.kt,autoSubscribeToPeerTopics,kotlin,0.86,1.53,0.53,caller
android/app/src/main/java/com/scmessenger/android/service/PerformanceMonitor.kt,clearAnrEvents,kotlin,0.83,1.53,0.53,caller
android/app/src/main/java/com/scmessenger/android/transport/TransportManager.kt,disableTransport,kotlin,0.83,1.53,0.53,caller
android/app/src/main/java/com/scmessenger/android/transport/WifiDirectTransport.kt,startServer,kotlin,0.88,1.53,0.53,sibling
android/app/src/main/java/com/scmessenger/android/ui/viewmodels/ConversationsViewModel.kt,loadInboxCount,kotlin,0.82,1.53,0.53,callee
android/app/src/main/java/com/scmessenger/android/ui/viewmodels/DashboardViewModel.kt,observeLivePeers,kotlin,0.86,1.53,0.51,callee
android/app/src/main/java/com/scmessenger/android/ui/viewmodels/SettingsViewModel.kt,buildTesterDiagnosticsBundle,kotlin,0.81,1.53,0.54,caller
android/app/src/main/java/com/scmessenger/android/ui/viewmodels/SettingsViewModel.kt,updateContactDeviceId,kotlin,0.85,1.53,0.53,caller
android/app/src/test/java/com/scmessenger/android/transport/ble/BleL2capManagerTest.kt,acceptRecoveryBacksOffWithoutAProcessLifetimeFailureCeiling,kotlin,0.77,1.53,0.51,sibling
android/app/src/test/java/com/scmessenger/android/ui/viewmodels/MeshServiceViewModelTest.kt,`isRunning is true when state is RUNNING`,kotlin,0.81,1.53,0.51,callee
cli/src/ble_daemon.rs,is_ble_available,rust,0.82,1.53,0.54,sibling
cli/src/ledger.rs,add_bootstrap,rust,0.84,1.53,0.53,sibling
cli/src/ledger.rs,test_peer_dial_states_eviction_caps_at_4096,rust,0.8,1.53,0.53,callee
cli/tests/integration_message_requests.rs,make_ctx,rust,0.83,1.53,0.52,caller
core/src/drift/policy.rs,set_battery_floor_override,rust,0.85,1.53,0.5,caller
core/src/drift/policy.rs,test_profile_reduced_mid_battery,rust,0.76,1.53,0.52,sibling
core/src/iron_core.rs,routing_current_discovery_phase,rust,0.82,1.53,0.52,callee
core/src/relay/peer_exchange.rs,test_record_success,rust,0.76,1.53,0.51,callee
core/src/routing/multipath.rs,register_path,rust,0.81,1.53,0.52,caller
core/src/routing/optimized_engine.rs,record_message_activity,rust,0.81,1.53,0.5,callee
core/src/store/contacts.rs,canonical_contact_key,rust,0.83,1.53,0.52,callee
core/src/store/ledger_entry.rs,oversize_and_bad_peerid_rejected,rust,0.81,1.53,0.52,callee
core/src/store/ledger_entry.rs,import_seed_entries_rejects_entries_with_no_transport_component,rust,0.81,1.53,0.51,sibling
core/src/store/ledger_entry.rs,record_connection_refuses_addresses_with_no_transport_component,rust,0.79,1.53,0.52,callee
core/src/store/outbox.rs,contains_for_recipient_key,rust,0.84,1.53,0.52,callee
core/src/store/outbox.rs,record_attempt,rust,0.84,1.53,0.53,sibling
core/src/transport/addr_filter.rs,ipv6_permitted,rust,0.81,1.53,0.52,callee
core/src/transport/addr_filter.rs,teredo_checks_both_the_server_and_the_obfuscated_client_ipv4,rust,0.83,1.53,0.52,none
core/src/transport/circuit_breaker.rs,test_circuit_does_not_open_before_threshold,rust,0.81,1.53,0.53,sibling
core/src/transport/dial_policy.rs,default,rust,0.76,1.53,0.51,callee
core/src/transport/dial_policy.rs,test_exponential_backoff_progression,rust,0.79,1.53,0.53,callee
core/src/transport/observation.rs,empty_listen_port_set_accepts_all_until_ports_known,rust,0.82,1.53,0.53,sibling
core/src/transport/relay_health.rs,update_relay_metrics,rust,0.83,1.53,0.53,callee
core/src/transport/relay_health.rs,record_success,rust,0.84,1.53,0.53,caller
core/src/transport/reputation.rs,test_decay_moves_toward_neutral,rust,0.82,1.53,0.52,callee
core/src/transport/swarm.rs,zombie_reap_only_after_every_connection_is_silent,rust,0.83,1.53,0.53,callee
core/src/transport/swarm.rs,zero_budget_still_means_unlimited,rust,0.81,1.53,0.51,sibling
core/tests/test_mesh_routing.rs,test_relay_tie_break_prefers_latest_successful_path,rust,0.83,1.53,0.54,callee
desktop_bridge/src/tray.rs,build_tray_status,rust,0.78,1.53,0.52,caller
iOS/SCMessenger/SCMessenger/Data/MeshRepository.swift,enqueuePendingOutbound,swift,0.87,1.53,0.53,caller
iOS/SCMessenger/SCMessenger/Services/CoreDelegateImpl.swift,onPeerIdentified,swift,0.85,1.53,0.53,callee
iOS/SCMessenger/SCMessenger/Transport/BLECentralManager.swift,attemptReconnection,swift,0.86,1.53,0.53,caller
iOS/SCMessenger/SCMessenger/Transport/MultipeerTransport.swift,appendRepositoryDiagnostic,swift,0.83,1.53,0.52,callee
iOS/SCMessengerCore.xcframework/ios-arm64-simulator/Headers/SCMessengerCore.swift,count,swift,0.8,1.53,0.53,callee
patch/if-watch/src/lib.rs,poll_next,rust,0.79,1.53,0.54,sibling
wasm/src/connection_state.rs,close,rust,0.83,1.53,0.53,callee
wasm/src/connection_state.rs,close_all,rust,0.85,1.53,0.52,callee
wasm/src/lib.rs,default,rust,0.82,1.53,0.51,caller
wasm/src/lib.rs,blake3_hash,rust,0.82,1.53,0.53,callee
core/src/relay/findmy.rs,test_encode_decode_roundtrip,rust,0.82,1.53,0.51,callee
core/tests/property/encryption_roundtrip.rs,test_envelope_structure,rust,0.82,1.53,0.54,callee
android/app/src/main/java/com/scmessenger/android/data/MeshRepository.kt,resumeMeshService,kotlin,0.85,1.52,0.52,callee
android/app/src/main/java/com/scmessenger/android/transport/ble/BleGattClient.kt,scheduleIdentityRefreshReads,kotlin,0.83,1.52,0.53,caller
android/app/src/main/java/com/scmessenger/android/transport/ble/BleL2capManager.kt,send,kotlin,0.87,1.52,0.54,sibling
android/app/src/main/java/com/scmessenger/android/ui/viewmodels/ConversationsViewModel.kt,isPeerAvailable,kotlin,0.81,1.52,0.52,callee
android/app/src/test/java/com/scmessenger/android/data/GhostIdentityGateTest.kt,live_proven_peer_is_not_ghost,kotlin,0.79,1.52,0.49,callee
android/app/src/test/java/com/scmessenger/android/service/StopStartFloodTest.kt,resumeWhileStopped_treatedAsStart,kotlin,0.8,1.52,0.52,callee
android/app/src/test/java/com/scmessenger/android/transport/SubnetProbeDialCandidateTest.kt,`raw tcp ladder mirrors the ports the node binds`,kotlin,0.79,1.52,0.49,sibling
android/app/src/test/java/com/scmessenger/android/utils/DeepLinkValidatorTest.kt,`RFC 5737 documentation ranges are rejected`,kotlin,0.78,1.52,0.49,callee
android/shared/src/desktopMain/kotlin/com/scmessenger/shared/platform/PlatformNotifier.desktop.kt,notify,kotlin,0.82,1.52,0.53,caller
cli/src/ble_mesh.rs,insert,rust,0.84,1.52,0.52,caller
cli/src/main.rs,peer_id_resolver_rejects_unresolvable_identifiers,rust,0.83,1.52,0.53,none
core/src/abuse/auto_block.rs,config,rust,0.82,1.52,0.49,sibling
core/src/drift/policy.rs,test_scan_interval_standard,rust,0.77,1.52,0.52,sibling
core/src/observability.rs,chain_hash,rust,0.82,1.52,0.52,caller
core/src/routing/optimized_engine.rs,multipath_register_path,rust,0.84,1.52,0.52,caller
core/src/store/history.rs,count,rust,0.82,1.52,0.53,callee
core/src/store/inbox.rs,receive,rust,0.86,1.52,0.52,caller
core/src/transport/bootstrap.rs,relay_discovery,rust,0.84,1.52,0.51,none
core/src/transport/diagnostics.rs,new,rust,0.81,1.52,0.49,sibling
core/src/transport/discovery.rs,to_bytes,rust,0.83,1.52,0.51,sibling
core/src/transport/discovery.rs,from_bytes,rust,0.82,1.52,0.53,sibling
core/src/transport/manager.rs,test_target_peer_queued_for_reconnect_on_disconnect,rust,0.84,1.52,0.53,callee
core/src/transport/mesh_routing.rs,converge_delivery,rust,0.84,1.52,0.51,caller
core/src/transport/reflection.rs,test_response_creation,rust,0.79,1.52,0.49,sibling
core/src/transport/swarm.rs,new,rust,0.86,1.52,0.52,caller
core/src/transport/wifi_aware.rs,register_peer,rust,0.85,1.52,0.51,caller
core/tests/integration_mycorrhizal_routing.rs,test_direct_route_when_peer_known,rust,0.83,1.52,0.52,sibling
core/tests/integration_wifi_aware.rs,wifi_aware_subscribe,rust,0.82,1.52,0.51,caller
iOS/SCMessenger/SCMessenger/Data/MeshRepository.swift,sendDeliveryReceiptAsync,swift,0.88,1.52,0.53,callee
iOS/SCMessenger/SCMessenger/Generated/api.swift,write,swift,0.84,1.52,0.5,callee
iOS/SCMessenger/SCMessenger/Transport/BLEL2CAPManager.swift,publishChannel,swift,0.84,1.52,0.51,sibling
iOS/SCMessenger/SCMessenger/ViewModels/OnboardingViewModel.swift,completeOnboarding,swift,0.82,1.52,0.51,caller
iOS/SCMessengerCore.xcframework/ios-arm64-simulator/Headers/SCMessengerCore.swift,FfiConverterTypeNotificationDecision_lower,swift,0.81,1.52,0.51,callee
iOS/SCMessengerCore.xcframework/ios-arm64-simulator/Headers/SCMessengerCore.swift,write,swift,0.85,1.52,0.52,callee
iOS/SCMessengerCore.xcframework/ios-arm64-simulator/Headers/SCMessengerCore.swift,uniffiCallbackInitPlatformBridge,swift,0.85,1.52,0.5,callee
iOS/SCMessengerTests/NotificationVerificationTests.swift,testPendingNotificationManagement,swift,0.8,1.52,0.53,sibling
patch/if-watch-full/src/lib.rs,iter,rust,0.79,1.52,0.51,sibling
android/app/src/main/java/com/scmessenger/android/ui/join/JoinMeshScreen.kt,parseAndJoin,kotlin,0.87,1.52,0.52,caller
core/src/crypto/ratchet.rs,derive_root_key_v1,rust,0.81,1.52,0.52,sibling
core/tests/integration_nat_reflection.rs,test_two_node_address_reflection,rust,0.84,1.52,0.52,sibling
core/tests/integration_pq_session.rs,test_pq_session_lost_first_envelope,rust,0.85,1.52,0.51,callee
iOS/SCMessenger/SCMessenger/Generated/api.swift,sendMessageStatus,swift,0.83,1.52,0.52,caller
android/app/src/main/java/com/scmessenger/android/data/MeshRepository.kt,pauseMeshService,kotlin,0.83,1.51,0.52,callee
android/app/src/main/java/com/scmessenger/android/data/MeshRepository.kt,markContactVerified,kotlin,0.83,1.51,0.51,callee
android/app/src/main/java/com/scmessenger/android/data/MeshRepository.kt,subscribeTopic,kotlin,0.84,1.51,0.51,caller
android/app/src/main/java/com/scmessenger/android/data/MeshRepository.kt,resolveCanonicalPeerIdFromMessageHints,kotlin,0.84,1.51,0.5,caller
android/app/src/main/java/com/scmessenger/android/service/AndroidPlatformBridge.kt,onLost,kotlin,0.83,1.51,0.49,callee
android/app/src/main/java/com/scmessenger/android/transport/TransportManager.kt,cleanup,kotlin,0.86,1.51,0.5,caller
android/app/src/main/java/com/scmessenger/android/transport/ble/BleGattServer.kt,onExecuteWrite,kotlin,0.84,1.51,0.52,callee
android/app/src/main/java/com/scmessenger/android/ui/screens/SettingsScreen.kt,IdentitySection,kotlin,0.84,1.51,0.51,caller
android/app/src/main/java/com/scmessenger/android/ui/viewmodels/ChatViewModel.kt,observeIncomingMessages,kotlin,0.85,1.51,0.51,callee
android/app/src/main/java/com/scmessenger/android/ui/viewmodels/ContactsViewModel.kt,isSameNearbyIdentity,kotlin,0.82,1.51,0.5,callee
android/app/src/main/java/com/scmessenger/android/ui/viewmodels/ConversationsViewModel.kt,getPeerInfo,kotlin,0.82,1.51,0.51,sibling
android/app/src/test/java/com/scmessenger/android/test/ChatViewModelTest.kt,setup,kotlin,0.8,1.51,0.52,callee
android/app/src/test/java/com/scmessenger/android/utils/DeepLinkValidatorTest.kt,`private IPv4 with null deviceIp is rejected`,kotlin,0.79,1.51,0.49,callee
android/app/src/test/java/com/scmessenger/android/utils/PeerIdValidatorCanonicalTest.kt,`public key hint wins over libp2p id`,kotlin,0.83,1.51,0.48,sibling
core/src/crypto/ratchet.rs,index,rust,0.84,1.51,0.49,sibling
core/src/drift/relay.rs,set_shared_reputation_manager,rust,0.85,1.51,0.5,caller
core/src/dspy/modules.rs,create_multihop,rust,0.81,1.51,0.51,sibling
core/src/identity/keys.rs,identify_key_type,rust,0.81,1.51,0.52,callee
core/src/iron_core.rs,update_disk_stats,rust,0.84,1.51,0.52,caller
core/src/mobile_bridge.rs,dispatch_bridge_event,rust,0.82,1.51,0.52,caller
core/src/mobile_bridge.rs,set_handle,rust,0.85,1.51,0.5,caller
core/src/mobile_bridge.rs,set_dispatch_ble_fn,rust,0.87,1.51,0.51,callee
core/src/observability.rs,new,rust,0.82,1.51,0.51,sibling
core/src/relay/peer_exchange.rs,test_exchange_peers,rust,0.8,1.51,0.5,callee
core/src/relay/server.rs,remove_peer,rust,0.84,1.51,0.52,caller
core/src/routing/local.rs,evict_lowest_reliability,rust,0.8,1.51,0.52,sibling
core/src/routing/optimized_engine.rs,record_unreachable_peer,rust,0.82,1.51,0.5,callee
core/src/routing/timeout_budget.rs,advance,rust,0.79,1.51,0.51,callee
core/src/settings.rs,default,rust,0.84,1.51,0.51,callee
core/src/store/inbox.rs,persistent,rust,0.85,1.51,0.49,sibling
core/src/store/outbox.rs,canonical_peer_key_bridges_base58_and_hex_for_the_same_key,rust,0.82,1.51,0.49,none
core/src/store/relay_custody.rs,message_key,rust,0.8,1.51,0.49,sibling
core/src/transport/abstraction.rs,test_transport_event_display,rust,0.8,1.51,0.49,sibling
core/src/transport/addr_filter.rs,disclosure_drops_loopback_link_local_and_dns,rust,0.83,1.51,0.5,sibling
core/src/transport/diagnostics.rs,get_network_diagnostics_report,rust,0.82,1.51,0.5,callee
core/src/transport/escalation.rs,recommended_transport,rust,0.82,1.51,0.52,callee
core/src/transport/health.rs,record_connection_attempt,rust,0.83,1.51,0.51,caller
core/src/transport/manager.rs,record_reconnect_success,rust,0.84,1.51,0.52,sibling
core/src/transport/mesh_routing.rs,add_relay,rust,0.84,1.51,0.52,caller
core/src/transport/reputation.rs,is_trusted,rust,0.81,1.51,0.5,caller
core/src/transport/swarm.rs,prune,rust,0.82,1.51,0.51,caller
core/src/transport/swarm.rs,reap_candidate,rust,0.81,1.51,0.51,caller
core/src/transport/wifi_direct.rs,new,rust,0.84,1.51,0.5,sibling
core/tests/integration_wifi_aware.rs,on_network_changed,rust,0.81,1.51,0.5,caller
core/tests/kani/ratchet_symmetry.rs,mock_kdf,rust,0.84,1.51,0.51,caller
core/tests/test_and06_public_key_vector_parity.rs,y_values_at_or_above_p_are_rejected,rust,0.79,1.51,0.51,sibling
core/tests/test_multiport.rs,test_ipv6_only_mode,rust,0.82,1.51,0.52,callee
desktop_bridge/src/desktop_bridge.rs,set_delegate,rust,0.86,1.51,0.49,caller
iOS/SCMessenger/SCMessenger/Generated/api.swift,notifyPeerDisconnected,swift,0.82,1.51,0.5,callee
iOS/SCMessenger/SCMessenger/Generated/api.swift,getAllConnectionStats,swift,0.82,1.51,0.51,callee
iOS/SCMessenger/SCMessenger/Generated/api.swift,shutdown,swift,0.82,1.51,0.52,callee
iOS/SCMessenger/SCMessenger/Transport/BLECentralManager.swift,centralManager,swift,0.85,1.51,0.52,callee
iOS/SCMessenger/SCMessenger/Transport/SmartTransportRouter.swift,getPreferredTransport,swift,0.81,1.51,0.51,callee
iOS/SCMessenger/SCMessenger/Transport/SmartTransportRouter.swift,checkAndRecordMessage,swift,0.83,1.51,0.52,caller
iOS/SCMessengerCore.xcframework/ios-arm64-simulator/Headers/SCMessengerCore.swift,updateDeviceState,swift,0.82,1.51,0.52,caller
iOS/SCMessengerCore.xcframework/ios-arm64/Headers/SCMessengerCore.swift,stop,swift,0.82,1.51,0.5,callee
wasm/src/notification_manager.rs,default,rust,0.81,1.51,0.51,callee
core/src/identity/mod.rs,test_identity_signing,rust,0.83,1.51,0.52,sibling
core/src/transport/ble/beacon.rs,test_beacon_parser_with_custom_rotation_period,rust,0.83,1.51,0.51,sibling
android/app/src/main/java/com/scmessenger/android/data/MeshRepository.kt,setPlatformBridge,kotlin,0.85,1.5,0.5,caller
android/app/src/main/java/com/scmessenger/android/data/MeshRepository.kt,validateAndStandardizeId,kotlin,0.84,1.5,0.5,callee
android/app/src/main/java/com/scmessenger/android/data/MeshRepository.kt,isAddrHostConnected,kotlin,0.83,1.5,0.51,caller
android/app/src/main/java/com/scmessenger/android/data/MeshRepository.kt,forceRestartScanning,kotlin,0.84,1.5,0.51,caller
android/app/src/main/java/com/scmessenger/android/service/AndroidPlatformBridge.kt,onAvailable,kotlin,0.82,1.5,0.49,callee
android/app/src/main/java/com/scmessenger/android/service/MeshForegroundService.kt,onDestroy,kotlin,0.84,1.5,0.51,sibling
android/app/src/main/java/com/scmessenger/android/transport/SubnetProbe.kt,start,kotlin,0.86,1.5,0.51,caller
android/app/src/main/java/com/scmessenger/android/transport/TransportManager.kt,sendViaTransport,kotlin,0.86,1.5,0.5,caller
android/app/src/main/java/com/scmessenger/android/transport/ble/BleScanner.kt,onScanResult,kotlin,0.84,1.5,0.51,callee
android/app/src/main/java/com/scmessenger/android/utils/CircuitBreaker.kt,recordFailure,kotlin,0.83,1.5,0.53,callee
android/app/src/test/java/com/scmessenger/android/test/DeliveryStateMapperTest.kt,`maps future retry time to stored state`,kotlin,0.82,1.5,0.48,sibling
android/app/src/test/java/com/scmessenger/android/transport/MdnsServiceDiscoveryTest.kt,`onServiceLost with an invalid peer-id does not emit a disconnect`,kotlin,0.81,1.5,0.51,sibling
android/app/src/test/java/com/scmessenger/android/utils/DeepLinkValidatorTest.kt,`mixed valid and invalid multiaddrs returns only valid`,kotlin,0.81,1.5,0.51,callee
cli/src/api.rs,handle_shutdown,rust,0.81,1.5,0.52,callee
core/src/drift/policy.rs,test_battery_floor_minimal,rust,0.73,1.5,0.5,callee
core/src/drift/store.rs,test_merge_with_eviction,rust,0.77,1.5,0.51,sibling
core/src/mobile_bridge.rs,dispatch_proximity_packet,rust,0.83,1.5,0.52,caller
core/src/mobile_bridge.rs,set_dispatch_proximity_fn,rust,0.88,1.5,0.51,callee
core/src/mobile_bridge.rs,test_get_swarm_bridge_initialization,rust,0.79,1.5,0.52,callee
core/src/relay/delegate_prewarm.rs,mark_registered,rust,0.83,1.5,0.49,caller
core/src/relay/peer_exchange.rs,test_exchange_peers_truncation,rust,0.79,1.5,0.5,callee
core/src/routing/engine.rs,count_reachable_hints,rust,0.83,1.5,0.51,callee
core/src/routing/optimized_engine.rs,can_reach_destination,rust,0.84,1.5,0.5,caller
core/src/store/ledger_entry.rs,add_bootstrap,rust,0.83,1.5,0.52,caller
core/src/store/ledger_entry.rs,record_connection_still_records_loopback_and_lan,rust,0.84,1.5,0.52,callee
core/src/transport/addr_filter.rs,is_disclosable_on_rfc1918_network,rust,0.8,1.5,0.51,sibling
core/src/transport/dial_policy.rs,add_relay,rust,0.84,1.5,0.5,caller
core/src/transport/health.rs,update_current_address,rust,0.84,1.5,0.51,caller
core/src/transport/hint_store.rs,unknown_peer_has_no_candidates_and_cap_is_enforced,rust,0.8,1.5,0.51,callee
core/src/transport/mesh_routing.rs,pruning_is_amortised_not_per_insert,rust,0.8,1.5,0.51,sibling
core/src/transport/swarm.rs,rearm_ledger_exchange_after_failure,rust,0.85,1.5,0.53,none
core/src/transport/swarm.rs,prune_oldest_duplicate,rust,0.83,1.5,0.5,caller
core/tests/integration_core_ffi_node1.rs,on_peer_identified,rust,0.85,1.5,0.5,caller
iOS/SCMessenger/SCMessenger/Data/MeshRepository.swift,reportMotion,swift,0.83,1.5,0.51,callee
iOS/SCMessenger/SCMessenger/Data/MeshRepository.swift,routeCandidateMatchesRecipient,swift,0.83,1.5,0.51,caller
iOS/SCMessenger/SCMessenger/Data/MeshRepository.swift,relayCircuitAddresses,swift,0.85,1.5,0.5,caller
iOS/SCMessenger/SCMessenger/Generated/api.swift,runMaintenanceCycle,swift,0.82,1.5,0.51,caller
iOS/SCMessenger/SCMessenger/Generated/api.swift,getDeviceState,swift,0.79,1.5,0.51,callee
iOS/SCMessenger/SCMessenger/Generated/api.swift,write,swift,0.84,1.5,0.49,callee
iOS/SCMessenger/SCMessenger/Generated/api.swift,write,swift,0.85,1.5,0.49,callee
iOS/SCMessenger/SCMessenger/Services/IosPlatformBridge.swift,onNetworkChanged,swift,0.84,1.5,0.49,sibling
iOS/SCMessenger/SCMessenger/Transport/BLECentralManager.swift,broadcastData,swift,0.86,1.5,0.5,callee
iOS/SCMessenger/SCMessenger/Transport/SmartTransportRouter.swift,getAvailableTransportsSorted,swift,0.78,1.5,0.51,callee
iOS/SCMessenger/SCMessenger/Transport/mDNSServiceDiscovery.swift,netServiceBrowser,swift,0.86,1.5,0.51,sibling
iOS/SCMessengerCore.xcframework/ios-arm64-simulator/Headers/SCMessengerCore.swift,write,swift,0.84,1.5,0.5,callee
iOS/SCMessengerCore.xcframework/ios-arm64/Headers/SCMessengerCore.swift,recordLog,swift,0.82,1.5,0.5,callee
iOS/SCMessengerCore.xcframework/ios-arm64/Headers/SCMessengerCore.swift,write,swift,0.84,1.5,0.49,callee
iOS/SCMessengerTests/NotificationVerificationTests.swift,setUp,swift,0.78,1.5,0.5,callee
wasm/src/lib.rs,flush,rust,0.85,1.5,0.51,caller
wasm/src/transport.rs,disconnect,rust,0.84,1.5,0.51,callee
core/src/crypto/ratchet.rs,signing_key_to_x25519_public,rust,0.84,1.5,0.5,callee
core/src/crypto/ratchet.rs,signing_key_to_x25519_secret,rust,0.84,1.5,0.48000000000000004,callee
core/src/relay/invite.rs,test_legacy_token_bytes_still_deserialize,rust,0.83,1.5,0.51,callee
core/tests/integration_e00_ratchet_wiring.rs,test_legacy_fallback_no_bundle,rust,0.8,1.5,0.51,sibling
AgentSwarmCline/scmessenger_swarm/observability_tests.rs,test_special_characters_in_hash,rust,0.78,1.49,0.5,callee
android/app/src/main/java/com/scmessenger/android/data/GhostIdentityGate.kt,isGhost,kotlin,0.79,1.49,0.51,sibling
android/app/src/main/java/com/scmessenger/android/data/MeshRepository.kt,recordFailure,kotlin,0.82,1.49,0.49,caller
android/app/src/main/java/com/scmessenger/android/data/MeshRepository.kt,setIdentityBeaconInternal,kotlin,0.85,1.49,0.49,caller
android/app/src/main/java/com/scmessenger/android/data/MeshRepository.kt,grantConsent,kotlin,0.84,1.49,0.49,callee
android/app/src/main/java/com/scmessenger/android/data/MeshRepository.kt,selectCanonicalPeerId,kotlin,0.79,1.49,0.51,caller
android/app/src/main/java/com/scmessenger/android/service/AndroidPlatformBridge.kt,setWifiDirectTransport,kotlin,0.86,1.49,0.49,caller
android/app/src/main/java/com/scmessenger/android/service/AndroidPlatformBridge.kt,initializeMotionDetection,kotlin,0.86,1.49,0.51,caller
android/app/src/main/java/com/scmessenger/android/transport/SmartTransportRouter.kt,getHealthSummary,kotlin,0.82,1.49,0.49,caller
android/app/src/main/java/com/scmessenger/android/transport/ble/BleGattClient.kt,cleanup,kotlin,0.83,1.49,0.5,callee
android/app/src/main/java/com/scmessenger/android/ui/components/Identicon.kt,Identicon,kotlin,0.8,1.49,0.49,caller
android/app/src/main/java/com/scmessenger/android/ui/viewmodels/ConversationsViewModel.kt,mutePeer,kotlin,0.84,1.49,0.5,callee
android/app/src/main/java/com/scmessenger/android/ui/viewmodels/MeshServiceViewModel.kt,applyTransportSettings,kotlin,0.84,1.49,0.51,caller
android/app/src/test/java/com/scmessenger/android/data/IdentityUnificationCanonicalIdTest.kt,`blank stored contact key is not a federated key conflict`,kotlin,0.83,1.49,0.48,callee
android/app/src/test/java/com/scmessenger/android/test/MeshRepositoryTest.kt,`disabled helper remains false regardless of budget values`,kotlin,0.76,1.49,0.52,callee
android/app/src/test/java/com/scmessenger/android/test/MeshRepositoryTest.kt,`parseTransportsFromMultiaddrs handles empty and blank input`,kotlin,0.76,1.49,0.48,none
android/app/src/test/java/com/scmessenger/android/transport/MdnsServiceDiscoveryTest.kt,`onServiceResolved with local peer-id is filtered as self-loopback`,kotlin,0.82,1.49,0.5,callee
android/app/src/test/java/com/scmessenger/android/ui/viewmodels/MeshServiceViewModelTest.kt,`getStatsText handles null stats`,kotlin,0.77,1.49,0.48,sibling
android/app/src/test/java/com/scmessenger/android/utils/ContactDisplayNameTest.kt,`identical nicknames - secondary suppressed`,kotlin,0.77,1.49,0.5,callee
android/app/src/test/java/com/scmessenger/android/utils/ContactDisplayNameTest.kt,`isSyntheticFallbackNickname matches only peer- prefix`,kotlin,0.8,1.49,0.48,callee
cli/src/api.rs,handle_get_discovery_peers,rust,0.84,1.49,0.5,sibling
cli/src/ble_mesh.rs,ingest_ble_notification,rust,0.84,1.49,0.5,caller
cli/src/ledger.rs,record_disconnect,rust,0.85,1.49,0.5,sibling
cli/src/main.rs,auto_reply_body_defaults_to_generic_and_accepts_custom_text,rust,0.86,1.49,0.51,none
cli/src/transport_bridge.rs,register_peer,rust,0.84,1.49,0.5,sibling
core/src/blocked_bridge.rs,from,rust,0.78,1.49,0.48,sibling
core/src/drift/policy.rs,test_profile_maximum,rust,0.74,1.49,0.48,sibling
core/src/drift/rate_limit.rs,test_sliding_window,rust,0.8,1.49,0.51,callee
core/src/mobile_bridge.rs,unsubscribe_from_services,rust,0.85,1.49,0.48,caller
core/src/mobile_bridge.rs,wifi_direct_remove_group,rust,0.84,1.49,0.5,callee
core/src/routing/engine.rs,routing_summary,rust,0.83,1.49,0.48,callee
core/src/routing/engine.rs,collect_alternative_hops_count,rust,0.84,1.49,0.48,caller
core/src/routing/resume_prefetch.rs,start_refresh,rust,0.8,1.49,0.48,caller
core/src/store/inbox.rs,clear_messages,rust,0.84,1.49,0.5,caller
core/src/store/ledger_entry.rs,prioritize_dial_candidates,rust,0.81,1.49,0.49,caller
core/src/transport/addr_filter.rs,ipv4_mapped_ipv6_cannot_bypass_the_ipv4_rules,rust,0.81,1.49,0.5,sibling
core/src/transport/behaviour.rs,sized_codec,rust,0.83,1.49,0.49,caller
core/src/transport/ble/scanner.rs,test_all_battery_states,rust,0.77,1.49,0.5,callee
core/src/transport/diagnostics.rs,get_network_diagnostics_report_from_empty_monitor,rust,0.8,1.49,0.49,callee
core/src/transport/health.rs,new,rust,0.82,1.49,0.49,sibling
core/src/transport/manager.rs,test_non_target_peer_not_queued_for_reconnect,rust,0.81,1.49,0.52,sibling
core/src/transport/manager.rs,test_reconnect_success_removes_from_queue,rust,0.81,1.49,0.51,callee
core/src/transport/observation.rs,default,rust,0.76,1.49,0.5,callee
core/src/transport/swarm.rs,wrap_in_drift_frame,rust,0.83,1.49,0.5,callee
core/tests/integration_local_mesh_node3.rs,set_on_peers_changed,rust,0.83,1.49,0.49,caller
core/tests/integration_mycorrhizal_routing.rs,make_message_id,rust,0.77,1.49,0.5,none
iOS/SCMessenger/SCMessenger/Data/MeshRepository.swift,resolveCanonicalPeerIdFromMessageHints,swift,0.84,1.49,0.5,caller
iOS/SCMessenger/SCMessenger/Data/MeshRepository.swift,getPreferredRelay,swift,0.83,1.49,0.51,callee
iOS/SCMessenger/SCMessenger/Generated/api.swift,write,swift,0.84,1.49,0.48,callee
iOS/SCMessenger/SCMessenger/Services/NotificationManager.swift,markConversationRead,swift,0.82,1.49,0.51,caller
iOS/SCMessenger/SCMessenger/Transport/BLECentralManager.swift,enqueueFragment,swift,0.85,1.49,0.5,caller
iOS/SCMessengerCore.xcframework/ios-arm64-simulator/Headers/SCMessengerCore.swift,recordLog,swift,0.83,1.49,0.48,callee
iOS/SCMessengerCore.xcframework/ios-arm64/Headers/SCMessengerCore.swift,getAuditEventsByType,swift,0.81,1.49,0.5,callee
iOS/SCMessengerCore.xcframework/ios-arm64/Headers/SCMessengerCore.swift,write,swift,0.84,1.49,0.49,callee
wasm/src/daemon_bridge.rs,connect,rust,0.84,1.49,0.49,callee
wasm/src/mesh.rs,get_peers,rust,0.82,1.49,0.5,caller
wasm/src/mesh.rs,test_relay_stats,rust,0.79,1.49,0.51,callee
wasm/src/transport.rs,close,rust,0.84,1.49,0.51,caller
wasm/src/worker.rs,register,rust,0.86,1.49,0.52,caller
wasm/src/worker.rs,set_sync_handler,rust,0.85,1.49,0.49,caller
wasm/src/worker.rs,on_notification,rust,0.87,1.49,0.48000000000000004,sibling
core/src/identity/keys.rs,test_safety_number_differs_for_different_key_pairs,rust,0.82,1.49,0.5,none
core/src/iron_core.rs,test_resolve_identity_accepts_both_identifier_forms,rust,0.81,1.49,0.52,callee
core/tests/integration_core_ffi_node1.rs,test_layer2_messaging_blocking_abuse_branches,rust,0.85,1.49,0.5,callee
core/tests/integration_nat_reflection.rs,test_address_reflection_timeout,rust,0.81,1.49,0.49999999999999994,sibling
core/tests/integration_ratchet_persistence.rs,ratchet_manager_save_load_via_backend,rust,0.85,1.49,0.5,sibling
core/tests/mocks/identity.rs,with_seed,rust,0.78,1.49,0.51,callee
android/app/src/main/java/com/scmessenger/android/data/MeshRepository.kt,sendIdentitySyncIfNeeded,kotlin,0.86,1.48,0.49,callee
android/app/src/main/java/com/scmessenger/android/data/MeshRepository.kt,updateContactDeviceId,kotlin,0.84,1.48,0.49,callee
android/app/src/main/java/com/scmessenger/android/data/MeshRepository.kt,connectToPeer,kotlin,0.86,1.48,0.49,callee
android/app/src/main/java/com/scmessenger/android/data/MeshRepository.kt,ensurePendingOutboxRetryLoop,kotlin,0.84,1.48,0.5,callee
android/app/src/main/java/com/scmessenger/android/data/MeshRepository.kt,handleBleTransportDegradation,kotlin,0.83,1.48,0.49,caller
android/app/src/main/java/com/scmessenger/android/data/MeshRepository.kt,getDedupStats,kotlin,0.83,1.48,0.49,caller
android/app/src/main/java/com/scmessenger/android/transport/SmartTransportRouter.kt,recordFailure,kotlin,0.79,1.48,0.49,sibling
android/app/src/main/java/com/scmessenger/android/transport/ble/BleScanner.kt,scheduleFallbackPromotion,kotlin,0.84,1.48,0.48,caller
android/app/src/main/java/com/scmessenger/android/ui/identity/IdentityCreationFlow.kt,IdentityCreationFlow,kotlin,0.87,1.48,0.5,callee
android/app/src/main/java/com/scmessenger/android/ui/viewmodels/MainViewModel.kt,grantConsent,kotlin,0.82,1.48,0.5,caller
android/app/src/main/java/com/scmessenger/android/ui/viewmodels/MainViewModel.kt,handleDeepLink,kotlin,0.85,1.48,0.49,caller
android/app/src/main/java/com/scmessenger/android/utils/NotificationHelper.kt,updateSettings,kotlin,0.85,1.48,0.48,caller
android/app/src/main/java/com/scmessenger/android/utils/PeerIdValidator.kt,isValidEd25519Point,kotlin,0.75,1.48,0.5,caller
android/app/src/test/java/com/scmessenger/android/data/IdentityUnificationCanonicalIdTest.kt,`legacy libp2p sender still prefers hint identity_id`,kotlin,0.84,1.48,0.49,sibling
android/app/src/test/java/com/scmessenger/android/test/MeshForegroundServiceTest.kt,`stop is honored even when latch already set`,kotlin,0.8,1.48,0.48000000000000004,callee
android/app/src/test/java/com/scmessenger/android/test/ReceiptUnificationTest.kt,trackRepo,kotlin,0.8,1.48,0.48,caller
android/app/src/test/java/com/scmessenger/android/utils/NotificationGateTest.kt,noArgUpdateSettings_leavesUnhydratedGateNull,kotlin,0.79,1.48,0.48,sibling
cli/src/api_axum.rs,handle_get_connection_path_state,rust,0.81,1.48,0.48,callee
cli/src/ble_mesh.rs,fragment_metadata,rust,0.82,1.48,0.49,callee
cli/src/main.rs,auto_reply_is_capped_at_one_per_minute,rust,0.83,1.48,0.49,callee
core/src/drift/relay.rs,apply_policy_config,rust,0.83,1.48,0.5,caller
core/src/iron_core.rs,routing_mark_path_failed,rust,0.83,1.48,0.49,callee
core/src/mobile_bridge.rs,get_stats,rust,0.83,1.48,0.5,callee
core/src/mobile_bridge.rs,get_discovered_peer,rust,0.85,1.48,0.5,none
core/src/privacy/cover.rs,test_cover_config_message_interval,rust,0.78,1.48,0.49,sibling
core/src/privacy/timing.rs,compute_jitter,rust,0.79,1.48,0.49,caller
core/src/relay/client.rs,with_transport,rust,0.81,1.48,0.47,caller
core/src/relay/invite.rs,is_valid,rust,0.86,1.48,0.49,callee
core/src/routing/engine.rs,collect_alternative_hops,rust,0.86,1.48,0.48,caller
core/src/routing/engine.rs,make_message_id,rust,0.8,1.48,0.51,sibling
core/src/routing/global.rs,request_route,rust,0.83,1.48,0.49,caller
core/src/routing/global.rs,unique_destination_count,rust,0.76,1.48,0.51,sibling
core/src/routing/local.rs,test_reliability_scoring,rust,0.81,1.48,0.48,callee
core/src/routing/smart_retry.rs,test_exponential_backoff_increases,rust,0.76,1.48,0.49,callee
core/src/store/ledger_entry.rs,is_peer_known_good,rust,0.8,1.48,0.49,callee
core/src/store/ledger_entry.rs,import_seed_entries_dedupes_on_stripped_multiaddr,rust,0.83,1.48,0.5,callee
core/src/store/ledger_entry.rs,import_seed_entries_rejects_dns_forms,rust,0.83,1.48,0.49,sibling
core/src/store/outbox.rs,canonical_peer_key,rust,0.8,1.48,0.48,callee
core/src/store/sweeper.rs,create_received_message,rust,0.83,1.48,0.5,caller
core/src/transport/bootstrap.rs,next_connectable_node,rust,0.85,1.48,0.49,callee
core/src/transport/dial_policy.rs,new,rust,0.83,1.48,0.48,none
core/src/transport/dial_policy.rs,remove_relay,rust,0.83,1.48,0.49,caller
core/src/transport/health.rs,record_connection_failure,rust,0.82,1.48,0.5,caller
core/src/transport/observation.rs,set_listen_ports,rust,0.83,1.48,0.48,caller
core/src/transport/observation.rs,address_observer_contract,rust,0.83,1.48,0.47000000000000003,callee
core/src/transport/swarm.rs,own_address_is_not_a_seed_dial_candidate,rust,0.83,1.48,0.5,callee
core/src/wasm_support/mesh.rs,set_nickname,rust,0.83,1.48,0.49,caller
core/tests/integration_ironcore_roundtrip.rs,on_peer_discovered,rust,0.85,1.48,0.48,caller
core/tests/integration_mycorrhizal_routing.rs,test_routing_engine_creation_and_basic_decision,rust,0.83,1.48,0.5,sibling
iOS/SCMessenger/SCMessenger/Data/MeshRepository.swift,deliveryStatePresentation,swift,0.85,1.48,0.51,callee
iOS/SCMessenger/SCMessenger/Data/MeshRepository.swift,broadcastIdentityBeaconInternal,swift,0.87,1.48,0.49,caller
iOS/SCMessenger/SCMessenger/Transport/BLEPeripheralManager.swift,sendDataToConnectedCentral,swift,0.84,1.48,0.48,callee
iOS/SCMessenger/SCMessenger/Transport/BLEPeripheralManager.swift,validateCentralConnection,swift,0.82,1.48,0.49,caller
iOS/SCMessenger/SCMessenger/Views/Settings/DiagnosticsView.swift,makeUIViewController,swift,0.85,1.48,0.48,sibling
iOS/SCMessengerCore.xcframework/ios-arm64-simulator/Headers/SCMessengerCore.swift,getAuditEventsSince,swift,0.82,1.48,0.49,callee
iOS/SCMessengerCore.xcframework/ios-arm64-simulator/Headers/SCMessengerCore.swift,write,swift,0.84,1.48,0.49,callee
iOS/SCMessengerCore.xcframework/ios-arm64-simulator/Headers/SCMessengerCore.swift,write,swift,0.83,1.48,0.49,callee
iOS/SCMessengerCore.xcframework/ios-arm64-simulator/Headers/SCMessengerCore.swift,write,swift,0.85,1.48,0.49,callee
core/src/mobile_bridge.rs,on_proximity_data_received,rust,0.85,1.48,0.49,caller
core/src/privacy/onion.rs,test_peel_layer_mixed_path,rust,0.84,1.48,0.5,sibling
core/src/relay/findmy.rs,test_beacon_manager_is_our_beacon,rust,0.79,1.48,0.49,callee
mobile/src/lib.rs,test_mobile_identity,rust,0.84,1.48,0.5,callee
android/app/src/main/java/com/scmessenger/android/data/MeshRepository.kt,hasConversationWith,kotlin,0.81,1.47,0.48,callee
android/app/src/main/java/com/scmessenger/android/data/MeshRepository.kt,ensureServiceInitializedDeferred,kotlin,0.84,1.47,0.49,caller
android/app/src/main/java/com/scmessenger/android/data/MeshRepository.kt,bootstrapWithFallbackStrategy,kotlin,0.84,1.47,0.48,callee
android/app/src/main/java/com/scmessenger/android/data/MeshRepository.kt,enableTransport,kotlin,0.85,1.47,0.47,caller
android/app/src/main/java/com/scmessenger/android/service/AndroidPlatformBridge.kt,onCapabilitiesChanged,kotlin,0.81,1.47,0.47,callee
android/app/src/main/java/com/scmessenger/android/transport/SmartTransportRouter.kt,fromValue,kotlin,0.76,1.47,0.45999999999999996,caller
android/app/src/main/java/com/scmessenger/android/transport/ble/BleScanner.kt,startDutyCycle,kotlin,0.84,1.47,0.49,caller
android/app/src/main/java/com/scmessenger/android/ui/viewmodels/SettingsViewModel.kt,recordConnectionFailure,kotlin,0.83,1.47,0.49,caller
android/app/src/test/java/com/scmessenger/android/data/GhostIdentityGateTest.kt,never_succeeded_and_dead_failures_is_ghost,kotlin,0.74,1.47,0.48,callee
android/app/src/test/java/com/scmessenger/android/test/MeshForegroundServiceTest.kt,`ensure action never clears the user stop latch`,kotlin,0.79,1.47,0.49,callee
cli/src/transport_bridge.rs,find_all_paths,rust,0.84,1.47,0.48,callee
core/src/crypto/pq/mldsa.rs,test_zeroize_behavior,rust,0.8,1.47,0.49,callee
core/src/drift/relay.rs,generate_cover_traffic_if_due,rust,0.85,1.47,0.48,callee
core/src/iron_core.rs,on_app_resume,rust,0.85,1.47,0.48,callee
core/src/message/identity_envelope.rs,build_identity_envelope,rust,0.84,1.47,0.48,callee
core/src/mobile_bridge.rs,get_connection_path_state,rust,0.81,1.47,0.49,caller
core/src/notification.rs,duplicates_are_suppressed,rust,0.75,1.47,0.5,callee
core/src/routing/adaptive_ttl.rs,calculate_ttl,rust,0.81,1.47,0.51,callee
core/src/store/blocked.rs,new,rust,0.8,1.47,0.48,callee
core/src/store/relay_custody.rs,reset_delivery_attempts_for_destination,rust,0.82,1.47,0.48000000000000004,caller
core/src/transport/abstraction.rs,test_transport_error_clone,rust,0.77,1.47,0.48,sibling
core/src/transport/bootstrap.rs,circuit_breaker,rust,0.85,1.47,0.48,caller
core/src/transport/circuit_breaker.rs,allow_request,rust,0.85,1.47,0.48,caller
core/src/transport/dial_policy.rs,test_reset_peer_backoff_clears_dead_state_on_any_addr_entry,rust,0.82,1.47,0.48,callee
core/src/transport/mesh_routing.rs,get_bootstrap_candidates,rust,0.84,1.47,0.49,caller
core/src/transport/peer_broadcast.rs,create_peer_list_response,rust,0.81,1.47,0.48000000000000004,sibling
core/src/transport/swarm.rs,clear_peer,rust,0.86,1.47,0.49,callee
core/src/transport/swarm.rs,new_for_liveness_test,rust,0.84,1.47,0.48,caller
core/src/transport/swarm.rs,entry,rust,0.85,1.47,0.48,none
core/tests/integration_wifi_aware.rs,wifi_aware_create_data_path,rust,0.83,1.47,0.48,sibling
core/tests/test_multiport.rs,test_generate_listen_addresses,rust,0.79,1.47,0.49,callee
iOS/SCMessenger/SCMessenger/Data/MeshRepository.swift,pruneDisconnectedPeer,swift,0.82,1.47,0.49,caller
iOS/SCMessenger/SCMessenger/Data/MeshRepository.swift,getDialHintsForRoutePeer,swift,0.85,1.47,0.48,callee
iOS/SCMessenger/SCMessenger/Generated/api.swift,sendMessageStatus,swift,0.81,1.47,0.48,caller
iOS/SCMessenger/SCMessenger/Generated/api.swift,blockedIdentityNew,swift,0.78,1.47,0.48,callee
iOS/SCMessenger/SCMessenger/ViewModels/ContactsViewModel.swift,isBootstrapRelayPeer,swift,0.81,1.47,0.48,caller
iOS/SCMessengerCore.xcframework/ios-arm64-simulator/Headers/SCMessengerCore.swift,getIdentityInfo,swift,0.78,1.47,0.48,callee
iOS/SCMessengerCore.xcframework/ios-arm64-simulator/Headers/SCMessengerCore.swift,write,swift,0.83,1.47,0.47,callee
iOS/SCMessengerCore.xcframework/ios-arm64/Headers/SCMessengerCore.swift,getAuditEventsSince,swift,0.82,1.47,0.49,callee
iOS/SCMessengerCore.xcframework/ios-arm64/Headers/SCMessengerCore.swift,FfiConverterTypeLedgerEntry_lower,swift,0.81,1.47,0.5,callee
wasm/src/mesh.rs,perform_sync,rust,0.84,1.47,0.51,caller
wasm/src/mesh.rs,new_v4,rust,0.81,1.47,0.5,callee
wasm/src/notification_manager.rs,get_browser_options,rust,0.77,1.47,0.49,callee
wasm/src/transport.rs,default,rust,0.82,1.47,0.48,caller
wasm/src/transport.rs,test_webrtc_transport_create_offer_returns_err_on_non_wasm,rust,0.78,1.47,0.48000000000000004,sibling
wasm/src/transport.rs,test_webrtc_transport_set_remote_answer_returns_err_on_non_wasm,rust,0.75,1.47,0.51,sibling
core/src/crypto/pq/mod.rs,generate,rust,0.81,1.47,0.49,sibling
core/src/crypto/ratchet.rs,test_suite02_and_suite03_derive_different_root_keys,rust,0.83,1.47,0.48,sibling
core/src/transport/ble/beacon.rs,test_beacon_builder_creates_beacon,rust,0.85,1.47,0.48,callee
android/app/src/main/java/com/scmessenger/android/data/MeshRepository.kt,isCorrupted,kotlin,0.8,1.46,0.48,caller
android/app/src/main/java/com/scmessenger/android/data/MeshRepository.kt,noteBleRouteObservation,kotlin,0.83,1.46,0.48,callee
android/app/src/main/java/com/scmessenger/android/data/MeshRepository.kt,decodeMessageWithIdentityHints,kotlin,0.85,1.46,0.45999999999999996,callee
android/app/src/main/java/com/scmessenger/android/data/MeshRepository.kt,cleanup,kotlin,0.85,1.46,0.48,caller
android/app/src/main/java/com/scmessenger/android/data/MeshRepository.kt,formatDiagnosticsReportForUser,kotlin,0.83,1.46,0.47,callee
android/app/src/main/java/com/scmessenger/android/di/AppModule.kt,provideNetworkFailureMetrics,kotlin,0.79,1.46,0.48,callee
android/app/src/main/java/com/scmessenger/android/service/BootReceiver.kt,startMeshService,kotlin,0.83,1.46,0.48,caller
android/app/src/main/java/com/scmessenger/android/transport/TransportHealthMonitor.kt,recordFailure,kotlin,0.79,1.46,0.47,callee
android/app/src/main/java/com/scmessenger/android/transport/TransportHealthMonitor.kt,isDegraded,kotlin,0.65,1.46,0.47,sibling
android/app/src/main/java/com/scmessenger/android/transport/TransportManager.kt,setBleComponents,kotlin,0.84,1.46,0.45999999999999996,caller
android/app/src/main/java/com/scmessenger/android/transport/WifiAwareTransport.kt,onAvailable,kotlin,0.86,1.46,0.48,callee
android/app/src/main/java/com/scmessenger/android/ui/chat/DeliveryStateSurface.kt,resolve,kotlin,0.82,1.46,0.47,callee
android/app/src/main/java/com/scmessenger/android/ui/viewmodels/RequestsInboxViewModel.kt,rejectRequest,kotlin,0.81,1.46,0.47000000000000003,callee
android/app/src/test/java/com/scmessenger/android/test/MeshForegroundServiceTest.kt,`explicit start clears user stop and starts`,kotlin,0.8,1.46,0.47000000000000003,callee
cli/src/api_axum.rs,handle_get_discovery_peers,rust,0.82,1.46,0.48,sibling
cli/src/ble_windows.rs,get_reassembly_buffers,rust,0.83,1.46,0.49,caller
cli/src/ledger.rs,test_strip_peer_id_preserves_circuit_path,rust,0.8,1.46,0.47000000000000003,callee
cli/src/server.rs,resolvable_from_valid_key_valued_sender_id,rust,0.8,1.46,0.48,sibling
core/src/drift/policy.rs,update_device_state,rust,0.81,1.46,0.48,callee
core/src/iron_core.rs,routing_update_peer_hints,rust,0.84,1.46,0.48,caller
core/src/mobile_bridge.rs,stop,rust,0.82,1.46,0.47,callee
core/src/mobile_bridge.rs,on_message_received,rust,0.85,1.46,0.48,callee
core/src/mobile_bridge.rs,unpublish_service,rust,0.85,1.46,0.48,callee
core/src/mobile_bridge.rs,wifi_aware_stop,rust,0.82,1.46,0.48,caller
core/src/relay/invite.rs,build_seed_ledger,rust,0.8,1.46,0.48,caller
core/src/routing/local.rs,update_peer_hints,rust,0.83,1.46,0.47,caller
core/src/routing/local.rs,test_peers_for_hint,rust,0.81,1.46,0.48,sibling
core/src/routing/optimized_engine.rs,make_peer_id,rust,0.78,1.46,0.49,caller
core/src/transport/addr_filter.rs,check_multiaddr,rust,0.77,1.46,0.49,callee
core/src/transport/ble/l2cap.rs,new,rust,0.84,1.46,0.47000000000000003,sibling
core/src/transport/ble/l2cap.rs,test_psm_value,rust,0.78,1.46,0.49,none
core/src/transport/escalation.rs,cleanup_peer,rust,0.84,1.46,0.48,caller
core/src/transport/observation.rs,add_connection,rust,0.85,1.46,0.48,sibling
core/src/transport/relay_health.rs,record_failure,rust,0.84,1.46,0.48,callee
core/src/transport/relay_health.rs,rebuild_cache,rust,0.83,1.46,0.45999999999999996,caller
core/src/transport/reputation.rs,prune_stale,rust,0.83,1.46,0.47,caller
core/src/transport/reputation.rs,test_prune_stale,rust,0.79,1.46,0.5,callee
core/src/transport/swarm.rs,duplicate_window_suppresses_immediate_replay_then_expires,rust,0.79,1.46,0.5,callee
core/tests/integration_ledger_seeding_hardening.rs,dns_addresses_cannot_be_recorded_as_proven_connections,rust,0.8,1.46,0.51,callee
iOS/SCMessenger/SCMessenger/Background/NotificationBackgroundProcessor.swift,checkNetworkConditions,swift,0.84,1.46,0.48,caller
iOS/SCMessenger/SCMessenger/Data/MeshRepository.swift,dispatchFlushPendingOutbox,swift,0.81,1.46,0.46,callee
iOS/SCMessenger/SCMessenger/Generated/api.swift,summary,swift,0.81,1.46,0.48,callee
iOS/SCMessenger/SCMessenger/Transport/BLEPeripheralManager.swift,attemptReconnection,swift,0.84,1.46,0.48000000000000004,caller
iOS/SCMessengerCore.xcframework/ios-arm64-simulator/Headers/SCMessengerCore.swift,getSeniorityTimestamp,swift,0.79,1.46,0.48000000000000004,callee
iOS/SCMessengerCore.xcframework/ios-arm64-simulator/Headers/SCMessengerCore.swift,write,swift,0.83,1.46,0.47,callee
iOS/SCMessengerCore.xcframework/ios-arm64/Headers/SCMessengerCore.swift,getSeniorityTimestamp,swift,0.78,1.46,0.48000000000000004,callee
wasm/src/lib.rs,get_registration_state,rust,0.82,1.46,0.48,callee
wasm/src/lib.rs,update_disk_stats,rust,0.85,1.46,0.49,callee
core/tests/property/identity_roundtrip.rs,test_device_metadata_regenerated_after_import,rust,0.82,1.46,0.49,callee
android/app/src/main/java/com/scmessenger/android/data/MeshRepository.kt,saveSettings,kotlin,0.82,1.45,0.45999999999999996,callee
android/app/src/main/java/com/scmessenger/android/data/MeshRepository.kt,encodeIdentitySyncPayload,kotlin,0.84,1.45,0.47,callee
android/app/src/main/java/com/scmessenger/android/data/MeshRepository.kt,getSubscribedTopicsList,kotlin,0.83,1.45,0.47,callee
android/app/src/main/java/com/scmessenger/android/data/MeshRepository.kt,getKnownTopicsList,kotlin,0.83,1.45,0.46,callee
android/app/src/main/java/com/scmessenger/android/service/AndroidPlatformBridge.kt,onProximityDataReceived,kotlin,0.86,1.45,0.47,callee
android/app/src/main/java/com/scmessenger/android/service/ServiceHealthMonitor.kt,triggerServiceRecovery,kotlin,0.84,1.45,0.47,callee
android/app/src/main/java/com/scmessenger/android/ui/viewmodels/ConversationsViewModel.kt,getContactForPeer,kotlin,0.82,1.45,0.46,caller
android/app/src/main/java/com/scmessenger/android/ui/viewmodels/RequestsInboxViewModel.kt,blockAndDelete,kotlin,0.83,1.45,0.46,callee
android/app/src/main/java/com/scmessenger/android/ui/viewmodels/SettingsViewModel.kt,markMessageCorrupted,kotlin,0.83,1.45,0.47,caller
android/app/src/test/java/com/scmessenger/android/test/MockTestHelper.kt,createMockIronCore,kotlin,0.81,1.45,0.47,callee
android/app/src/test/java/com/scmessenger/android/ui/identity/IdentityViewModelTest.kt,`isLoading is true when coordinator state is Restoring`,kotlin,0.77,1.45,0.47,callee
android/app/src/test/java/com/scmessenger/android/utils/DeepLinkValidatorTest.kt,`cap is enforced at 5 entries`,kotlin,0.77,1.45,0.47000000000000003,callee
android/app/src/test/java/com/scmessenger/android/utils/NotificationHelperGateTest.kt,stat,kotlin,0.79,1.45,0.47,callee
cli/src/api.rs,handle_export_diagnostics,rust,0.83,1.45,0.47,callee
cli/src/ble_mesh.rs,address_string,rust,0.77,1.45,0.48,callee
cli/src/ledger.rs,for_target,rust,0.81,1.45,0.47,caller
cli/src/ledger.rs,try_begin_dial,rust,0.81,1.45,0.45999999999999996,callee
cli/src/ledger.rs,complete_dial_skipped,rust,0.81,1.45,0.45999999999999996,caller
cli/src/ledger.rs,is_dialable_for_this_node,rust,0.81,1.45,0.47,caller
cli/tests/integration_mesh_acceptance.rs,my_addrs,rust,0.79,1.45,0.47,none
core/src/abuse/reputation.rs,new,rust,0.84,1.45,0.47000000000000003,sibling
core/src/abuse/reputation.rs,record_outbound_message,rust,0.85,1.45,0.48,callee
core/src/drift/store.rs,test_eviction_on_over_capacity,rust,0.78,1.45,0.49,callee
core/src/iron_core.rs,ratchet_has_session,rust,0.85,1.45,0.49,callee
core/src/iron_core.rs,parse_transport_type_distinguishes_direct_from_circuit,rust,0.81,1.45,0.48,sibling
core/src/mobile_bridge.rs,on_peer_discovered,rust,0.85,1.45,0.47,caller
core/src/mobile_bridge.rs,is_device_blocked,rust,0.8,1.45,0.48000000000000004,caller
core/src/mobile_bridge.rs,test_mesh_settings_default,rust,0.76,1.45,0.47,callee
core/src/mobile_bridge.rs,wifi_direct_create_group,rust,0.83,1.45,0.47,callee
core/src/relay/delegate_prewarm.rs,tick,rust,0.84,1.45,0.48,caller
core/src/relay/findmy.rs,test_wakeup_payload_creation,rust,0.81,1.45,0.47,sibling
core/src/relay/invite.rs,new,rust,0.85,1.45,0.47000000000000003,sibling
core/src/routing/resume_prefetch.rs,test_update_route,rust,0.78,1.45,0.49,callee
core/src/store/contacts.rs,new,rust,0.82,1.45,0.47000000000000003,callee
core/src/store/inbox.rs,sender_count,rust,0.79,1.45,0.46,callee
core/src/transport/addr_filter.rs,rejects_non_routable_ipv4_in_every_mode,rust,0.78,1.45,0.48,sibling
core/src/transport/manager.rs,test_transport_state_creation,rust,0.78,1.45,0.48000000000000004,callee
core/src/transport/peer_broadcast.rs,create_peer_joined_message,rust,0.8,1.45,0.45999999999999996,sibling
core/src/transport/swarm.rs,note_connection_established,rust,0.81,1.45,0.47,callee
core/src/transport/swarm.rs,encode_delivery_convergence_marker,rust,0.82,1.45,0.47,caller
core/src/transport/swarm.rs,closed_connections_stop_counting_toward_the_zombie_condition,rust,0.8,1.45,0.5,callee
core/tests/integration_drift_mule.rs,mesh_store_insert_and_dedup,rust,0.78,1.45,0.5,sibling
desktop_bridge/src/xdg_paths.rs,default_store_path,rust,0.81,1.45,0.48,callee
iOS/SCMessenger/SCMessenger/Data/MeshRepository.swift,applyPowerAdjustments,swift,0.83,1.45,0.46,callee
iOS/SCMessenger/SCMessenger/Generated/api.swift,getAuditEventsSince,swift,0.81,1.45,0.48,callee
iOS/SCMessenger/SCMessenger/Services/CoreDelegateImpl.swift,onPeerDiscovered,swift,0.82,1.45,0.46,caller
iOS/SCMessenger/SCMessenger/ViewModels/ContactsViewModel.swift,handleDiscovered,swift,0.82,1.45,0.46,sibling
iOS/SCMessenger/SCMessenger/Views/Dashboard/MeshDashboardView.swift,handlePeerEvent,swift,0.85,1.45,0.47,callee
iOS/SCMessenger/SCMessenger/Views/Navigation/MainTabView.swift,loadConversations,swift,0.83,1.45,0.46,callee
iOS/SCMessenger/SCMessenger/Views/Onboarding/OnboardingFlow.swift,hydrateIdentityState,swift,0.83,1.45,0.47000000000000003,callee
iOS/SCMessengerCore.xcframework/ios-arm64-simulator/Headers/SCMessengerCore.swift,write,swift,0.85,1.45,0.47,callee
iOS/SCMessengerCore.xcframework/ios-arm64/Headers/SCMessengerCore.swift,updateDeviceState,swift,0.82,1.45,0.49,caller
iOS/SCMessengerTests/NotificationVerificationTests.swift,testNotificationSuppressionReasons,swift,0.78,1.45,0.47,callee
wasm/src/mesh.rs,push_to_relay,rust,0.83,1.45,0.47,callee
wasm/src/transport.rs,on_data_channel_open,rust,0.85,1.45,0.45999999999999996,caller
core/src/mobile_bridge.rs,on_proximity_data_received,rust,0.85,1.45,0.47000000000000003,caller
android/app/src/main/java/com/scmessenger/android/data/MeshRepository.kt,restoreIdentityFromBackup,kotlin,0.84,1.44,0.47000000000000003,callee
android/app/src/main/java/com/scmessenger/android/service/AndroidPlatformBridge.kt,onReceive,kotlin,0.81,1.44,0.47,callee
android/app/src/main/java/com/scmessenger/android/service/BootReceiver.kt,onReceive,kotlin,0.85,1.44,0.47,sibling
android/app/src/main/java/com/scmessenger/android/service/PerformanceMonitor.kt,recordAnrEvent,kotlin,0.81,1.44,0.47,sibling
android/app/src/main/java/com/scmessenger/android/transport/WifiDirectTransport.kt,close,kotlin,0.84,1.44,0.47,sibling
android/app/src/main/java/com/scmessenger/android/transport/ble/BleL2capManager.kt,shutdown,kotlin,0.83,1.44,0.45999999999999996,callee
android/app/src/main/java/com/scmessenger/android/ui/MainActivity.kt,startAnrMonitoring,kotlin,0.83,1.44,0.44999999999999996,callee
android/app/src/main/java/com/scmessenger/android/ui/MainActivity.kt,onResume,kotlin,0.8,1.44,0.49,callee
android/app/src/main/java/com/scmessenger/android/ui/components/StatusIndicator.kt,ConnectionQualityIndicator,kotlin,0.79,1.44,0.44999999999999996,callee
android/app/src/main/java/com/scmessenger/android/ui/viewmodels/ConversationsViewModel.kt,searchMessages,kotlin,0.82,1.44,0.45,caller
android/app/src/main/java/com/scmessenger/android/ui/viewmodels/MeshServiceViewModel.kt,startService,kotlin,0.83,1.44,0.47,caller
android/app/src/main/java/com/scmessenger/android/ui/viewmodels/SettingsViewModel.kt,loadIdentityInternal,kotlin,0.82,1.44,0.47000000000000003,callee
android/app/src/test/java/com/scmessenger/android/utils/ContactDisplayNameTest.kt,`whitespace-only values treated as blank`,kotlin,0.77,1.44,0.48,sibling
android/app/src/test/java/com/scmessenger/android/utils/ContactImportParserTest.kt,`over-long listener entry dropped silently`,kotlin,0.8,1.44,0.47,callee
android/app/src/test/java/com/scmessenger/android/utils/DeepLinkValidatorTest.kt,`172_16-private on same subnet is accepted`,kotlin,0.82,1.44,0.46,callee
cli/src/ble_daemon.rs,new,rust,0.83,1.44,0.47,sibling
cli/src/ble_mesh.rs,new,rust,0.84,1.44,0.45999999999999996,sibling
cli/src/ledger.rs,test_dialable_addresses_excludes_self_and_hearsay,rust,0.8,1.44,0.47,callee
cli/src/transport_bridge.rs,get_forwarding_capability,rust,0.81,1.44,0.47,sibling
core/src/drift/policy.rs,current_profile,rust,0.75,1.44,0.45999999999999996,caller
core/src/drift/relay.rs,set_cover_traffic,rust,0.83,1.44,0.47,caller
core/src/identity/keys.rs,is_canonical_ed25519_encoding,rust,0.79,1.44,0.46,callee
core/src/identity/store.rs,generate,rust,0.79,1.44,0.47,sibling
core/src/iron_core.rs,run_maintenance_cycle,rust,0.84,1.44,0.48,caller
core/src/iron_core.rs,record_log,rust,0.84,1.44,0.47,caller
core/src/iron_core.rs,routing_is_prefetch_complete,rust,0.81,1.44,0.48,callee
core/src/iron_core.rs,routing_hint_update_populates_local_cell,rust,0.84,1.44,0.49,sibling
core/src/relay/peer_exchange.rs,record_failure,rust,0.82,1.44,0.49,caller
core/src/routing/adaptive_ttl.rs,test_active_peer_ttl,rust,0.78,1.44,0.45999999999999996,sibling
core/src/routing/engine.rs,route_message,rust,0.83,1.44,0.47,callee
core/src/routing/global.rs,increment_route_request_attempts,rust,0.81,1.44,0.47,caller
core/src/routing/negative_cache.rs,new,rust,0.79,1.44,0.48,callee
core/src/routing/optimized_engine.rs,refresh_delegate_routes,rust,0.83,1.44,0.43999999999999995,sibling
core/src/store/ledger_entry.rs,entry_for_multiaddr,rust,0.81,1.44,0.45999999999999996,caller
core/src/store/ledger_entry.rs,export_seed_entries_never_bakes_loopback_or_lan_into_an_invite,rust,0.82,1.44,0.48,callee
core/src/store/relay_custody.rs,retention_decision,rust,0.79,1.44,0.45999999999999996,caller
core/src/transport/abstraction.rs,test_transport_error_display,rust,0.75,1.44,0.47000000000000003,sibling
core/src/transport/bootstrap.rs,relay_discovery_mut,rust,0.83,1.44,0.48,caller
core/src/transport/circuit_breaker.rs,test_get_stats,rust,0.76,1.44,0.49,callee
core/src/transport/health.rs,record_bytes_received,rust,0.8,1.44,0.47,caller
core/src/transport/health.rs,update_current_address,rust,0.84,1.44,0.48,sibling
core/src/transport/hint_store.rs,newer_annotation_replaces_previous_set,rust,0.8,1.44,0.48,callee
core/src/transport/mesh_routing.rs,recipient_recency,rust,0.82,1.44,0.45,sibling
core/tests/integration_core_ffi_node1.rs,new,rust,0.82,1.44,0.47,sibling
iOS/SCMessenger/SCMessenger/Background/NotificationBackgroundProcessor.swift,testSilentNotifications,swift,0.8,1.44,0.47,caller
iOS/SCMessenger/SCMessenger/SCMessengerApp.swift,setupApp,swift,0.84,1.44,0.45,sibling
iOS/SCMessenger/SCMessenger/SCMessengerApp.swift,handleEnteringForeground,swift,0.83,1.44,0.44,sibling
iOS/SCMessenger/SCMessenger/Transport/BLEPeripheralManager.swift,handleFragmentedWrite,swift,0.86,1.44,0.47000000000000003,caller
iOS/SCMessengerCore.xcframework/ios-arm64/Headers/SCMessengerCore.swift,write,swift,0.84,1.44,0.49,callee
iOS/SCMessengerTests/NotificationVerificationTests.swift,testNotificationKindVariants,swift,0.74,1.44,0.48,sibling
wasm/src/daemon_bridge.rs,is_connected,rust,0.8,1.44,0.47000000000000003,sibling
wasm/src/mesh.rs,default,rust,0.82,1.44,0.47,sibling
android/app/src/main/java/com/scmessenger/android/ui/components/EntropyCanvas.kt,generateSaltFromTouchPoints,kotlin,0.85,1.44,0.47,caller
core/src/crypto/session_manager.rs,test_manager_persistence_roundtrip,rust,0.86,1.44,0.47000000000000003,sibling
core/src/privacy/onion.rs,test_construct_onion_all_hybrid,rust,0.84,1.44,0.47000000000000003,callee
android/app/src/main/java/com/scmessenger/android/data/MeshRepository.kt,isMessageDeliveredLocally,kotlin,0.82,1.43,0.46,callee
android/app/src/main/java/com/scmessenger/android/data/MeshRepository.kt,buildDialCandidatesForPeer,kotlin,0.84,1.43,0.44999999999999996,caller
android/app/src/main/java/com/scmessenger/android/service/AndroidPlatformBridge.kt,registerNetworkMonitor,kotlin,0.85,1.43,0.45,sibling
android/app/src/main/java/com/scmessenger/android/service/MeshForegroundService.kt,hydrateNotificationGates,kotlin,0.84,1.43,0.45,caller
android/app/src/main/java/com/scmessenger/android/ui/MainActivity.kt,onNewIntent,kotlin,0.84,1.43,0.45999999999999996,callee
android/app/src/main/java/com/scmessenger/android/ui/MeshApp.kt,MeshApp,kotlin,0.85,1.43,0.45,sibling
android/app/src/main/java/com/scmessenger/android/ui/viewmodels/ChatViewModel.kt,logMessageDeliveryAttempt,kotlin,0.84,1.43,0.45,caller
android/app/src/main/java/com/scmessenger/android/ui/viewmodels/ConversationsViewModel.kt,loadConversation,kotlin,0.83,1.43,0.46,caller
android/app/src/test/java/com/scmessenger/android/test/MockTestHelper.kt,createMockContact,kotlin,0.79,1.43,0.45999999999999996,callee
android/app/src/test/java/com/scmessenger/android/utils/ContactDisplayNameTest.kt,`resolveLocalNickname returns null when both blank`,kotlin,0.74,1.43,0.43999999999999995,callee
android/app/src/test/java/com/scmessenger/android/utils/NotificationHelperGateTest.kt,`unhydrated gate buffers message and discards when hydrated OFF`,kotlin,0.82,1.43,0.45999999999999996,sibling
cli/src/api.rs,is_api_available,rust,0.8,1.43,0.44999999999999996,caller
cli/src/ble_daemon.rs,test_ble_config_default,rust,0.73,1.43,0.45,callee
cli/src/transport_bridge.rs,can_forward_for_wasm,rust,0.77,1.43,0.46,sibling
core/src/abuse/spam_detection.rs,prune_stale_peers,rust,0.81,1.43,0.47,sibling
core/src/abuse/spam_detection.rs,test_prune_stale_peers,rust,0.8,1.43,0.45,callee
core/src/crypto/backup.rs,derive_key_pbkdf2,rust,0.81,1.43,0.44999999999999996,caller
core/src/drift/policy.rs,test_profile_minimal_low_battery,rust,0.75,1.43,0.45999999999999996,sibling
core/src/drift/store.rs,test_priority_score_explicit_priority,rust,0.74,1.43,0.46,sibling
core/src/drift/store.rs,test_remove_expired_messages,rust,0.76,1.43,0.47000000000000003,callee
core/src/iron_core.rs,routing_prefetch_stats,rust,0.81,1.43,0.44,callee
core/src/iron_core.rs,clear_unreachable_peer,rust,0.81,1.43,0.47000000000000003,caller
core/src/mobile_bridge.rs,test_safety_number_is_order_independent_for_valid_keys,rust,0.77,1.43,0.45999999999999996,callee
core/src/routing/neighborhood.rs,test_reject_gossip_with_excessive_hops,rust,0.79,1.43,0.48000000000000004,sibling
core/src/routing/optimized_engine.rs,evaluate_all_tracked,rust,0.8,1.43,0.45,callee
core/src/routing/optimized_engine.rs,make_hint,rust,0.77,1.43,0.45,caller
core/src/routing/smart_retry.rs,test_multiplier_of_one,rust,0.77,1.43,0.46,callee
core/src/store/dedup.rs,aggregate,rust,0.75,1.43,0.46,caller
core/src/store/ledger_entry.rs,dialable_addresses_for_node,rust,0.84,1.43,0.44999999999999996,caller
core/src/store/outbox.rs,persistent,rust,0.84,1.43,0.45,sibling
core/src/transport/addr_filter.rs,rejects_non_routable_ipv6_in_every_mode,rust,0.8,1.43,0.48,sibling
core/src/transport/bootstrap.rs,get_all_relay_stats,rust,0.84,1.43,0.47,callee
core/src/transport/internet.rs,set_nat_status,rust,0.84,1.43,0.45999999999999996,caller
core/src/transport/internet.rs,get_peer_relay_info,rust,0.83,1.43,0.45999999999999996,caller
core/src/transport/mesh_routing.rs,can_bootstrap_others,rust,0.82,1.43,0.47,callee
core/src/transport/swarm.rs,prune_peer_buckets,rust,0.8,1.43,0.44999999999999996,callee
core/tests/integration_core_ffi_node1.rs,on_peer_disconnected,rust,0.83,1.43,0.46,caller
core/tests/test_mesh_routing.rs,test_retry_cursor_wraps_for_cyclical_retry_continuation,rust,0.82,1.43,0.48,callee
iOS/SCMessenger/SCMessenger/Data/MeshRepository.swift,onDeliveryReceipt,swift,0.84,1.43,0.45,caller
iOS/SCMessenger/SCMessenger/Data/MeshRepository.swift,isKnownRelay,swift,0.82,1.43,0.47,callee
iOS/SCMessenger/SCMessenger/Data/MeshRepository.swift,normalizeAddressHint,swift,0.82,1.43,0.45999999999999996,callee
iOS/SCMessenger/SCMessenger/Data/MeshRepository.swift,setNickname,swift,0.84,1.43,0.45,caller
iOS/SCMessenger/SCMessenger/Generated/api.swift,lower,swift,0.79,1.43,0.47000000000000003,caller
iOS/SCMessenger/SCMessenger/Transport/BLEPeripheralManager.swift,ensureAdvertisingForReconnection,swift,0.82,1.43,0.46,caller
iOS/SCMessenger/SCMessenger/Transport/BLEPeripheralManager.swift,peripheralManager,swift,0.84,1.43,0.44,sibling
iOS/SCMessenger/SCMessenger/Transport/MultipeerTransport.swift,invitePeerIfAllowed,swift,0.84,1.43,0.45999999999999996,sibling
iOS/SCMessenger/SCMessenger/Transport/MultipeerTransport.swift,session,swift,0.85,1.43,0.47,callee
iOS/SCMessenger/SCMessenger/Transport/mDNSServiceDiscovery.swift,startAdvertising,swift,0.85,1.43,0.44,caller
iOS/SCMessenger/SCMessenger/ViewModels/ContactsViewModel.swift,scheduleNearbyRemoval,swift,0.83,1.43,0.46,caller
iOS/SCMessengerCore.xcframework/ios-arm64/Headers/SCMessengerCore.swift,write,swift,0.84,1.43,0.45999999999999996,callee
wasm/src/worker.rs,get_notifications,rust,0.84,1.43,0.46,sibling
wasm/src/worker.rs,on_sync,rust,0.82,1.43,0.46,sibling
core/src/crypto/ratchet.rs,test_suite02_sender_receiver_roundtrip_still_works,rust,0.85,1.43,0.46,sibling
core/tests/integration_pq_session.rs,test_pq_session_full_send_receive,rust,0.85,1.43,0.47,callee
android/app/src/main/java/com/scmessenger/android/data/MeshRepository.kt,triggerFallbackProtocol,kotlin,0.83,1.42,0.47,caller
android/app/src/main/java/com/scmessenger/android/data/MeshRepository.kt,detectAndRecoverMessageTracking,kotlin,0.83,1.42,0.44,callee
android/app/src/main/java/com/scmessenger/android/data/MeshRepository.kt,getTopics,kotlin,0.81,1.42,0.46,caller
android/app/src/main/java/com/scmessenger/android/transport/ble/BleL2capManager.kt,startReading,kotlin,0.84,1.42,0.44999999999999996,callee
android/app/src/main/java/com/scmessenger/android/ui/screens/DiagnosticsScreen.kt,refreshLogs,kotlin,0.81,1.42,0.44,callee
android/app/src/main/java/com/scmessenger/android/ui/viewmodels/DashboardViewModel.kt,ledgerHasDirectRecent,kotlin,0.78,1.42,0.44999999999999996,callee
android/app/src/main/java/com/scmessenger/android/ui/viewmodels/SettingsViewModel.kt,setNotificationsEnabled,kotlin,0.81,1.42,0.46,callee
android/app/src/main/java/com/scmessenger/android/utils/StorageManager.kt,pruneNoisyStorage,kotlin,0.81,1.42,0.45,caller
android/app/src/test/java/com/scmessenger/android/service/StopStartFloodTest.kt,repeatedStop_stillReturnsStopDecision,kotlin,0.78,1.42,0.47000000000000003,callee
android/app/src/test/java/com/scmessenger/android/test/MeshForegroundServiceTest.kt,`stop decision recorded via latch does not block a later explicit start`,kotlin,0.8,1.42,0.45,sibling
android/app/src/test/java/com/scmessenger/android/utils/PeerIdValidatorTest.kt,`rejects non-ascii letter lookalikes`,kotlin,0.76,1.42,0.44999999999999996,callee
cli/src/api_axum.rs,handle_get_listeners,rust,0.81,1.42,0.44999999999999996,callee
cli/src/ble_daemon.rs,advertise_service,rust,0.76,1.42,0.45999999999999996,sibling
cli/src/ble_mesh.rs,is_expired,rust,0.75,1.42,0.45,callee
core/src/abuse/reputation.rs,get_enhanced_score,rust,0.82,1.42,0.45999999999999996,callee
core/src/abuse/spam_detection.rs,record_outbound_message,rust,0.83,1.42,0.45,callee
core/src/crypto/session_manager.rs,remove_session,rust,0.82,1.42,0.44,caller
core/src/drift/policy.rs,test_profile_high,rust,0.75,1.42,0.45,sibling
core/src/drift/sketch.rs,new,rust,0.81,1.42,0.44,sibling
core/src/message/identity_envelope.rs,parse_identity_envelope,rust,0.82,1.42,0.43000000000000005,sibling
core/src/mobile_bridge.rs,flush,rust,0.83,1.42,0.46,caller
core/src/routing/adaptive_ttl.rs,new,rust,0.81,1.42,0.44,sibling
core/src/routing/engine.rs,make_peer_id,rust,0.78,1.42,0.46,caller
core/src/routing/engine.rs,test_is_for_us,rust,0.74,1.42,0.47,callee
core/src/routing/local.rs,tick,rust,0.84,1.42,0.44999999999999996,caller
core/src/routing/neighborhood.rs,test_process_gossip_respects_max_hops,rust,0.79,1.42,0.48,sibling
core/src/routing/resume_prefetch.rs,new,rust,0.8,1.42,0.46,callee
core/src/routing/resume_prefetch.rs,on_app_resume,rust,0.83,1.42,0.45999999999999996,caller
core/src/store/ledger_entry.rs,sanitize_legacy_topics,rust,0.79,1.42,0.45999999999999996,caller
core/src/store/ledger_entry.rs,supersession_confirms_new_address_without_dead_tiering,rust,0.81,1.42,0.48,callee
core/src/store/relay_custody.rs,for_local_peer,rust,0.83,1.42,0.44,caller
core/src/transport/addr_filter.rs,sixtofour_prefix_cannot_launder_an_internal_ipv4,rust,0.8,1.42,0.46,sibling
core/src/transport/bootstrap.rs,get_fallback_relay_addresses,rust,0.81,1.42,0.45,caller
core/src/transport/circuit_breaker.rs,record_failure,rust,0.81,1.42,0.47,sibling
core/src/transport/circuit_breaker.rs,test_circuit_opens_after_failures,rust,0.78,1.42,0.48,callee
core/src/transport/circuit_breaker.rs,test_half_open_success_closes_circuit,rust,0.8,1.42,0.48,callee
core/src/transport/health.rs,new,rust,0.83,1.42,0.45,sibling
core/src/transport/manager.rs,handle_event,rust,0.85,1.42,0.45,caller
core/src/transport/multiport.rs,test_ipv4_and_ipv6_enabled_each_ip_port_appears_once,rust,0.75,1.42,0.48000000000000004,sibling
core/src/transport/swarm.rs,empty_ledger_exchange_response,rust,0.83,1.42,0.47,none
core/tests/integration_ironcore_roundtrip.rs,on_peer_disconnected,rust,0.8,1.42,0.45999999999999996,caller
core/tests/integration_wan_swarm_node2.rs,test_keypair_memory_zeroization_and_hygiene,rust,0.79,1.42,0.47000000000000003,callee
desktop_bridge/src/desktop_bridge.rs,stop,rust,0.82,1.42,0.45999999999999996,caller
iOS/SCMessenger/SCMessenger/Data/MeshRepository.swift,encodeIdentitySyncPayload,swift,0.83,1.42,0.44,callee
iOS/SCMessenger/SCMessenger/Generated/api.swift,markMessageSent,swift,0.81,1.42,0.47,caller
iOS/SCMessenger/SCMessenger/Generated/api.swift,getCore,swift,0.83,1.42,0.46,callee
iOS/SCMessenger/SCMessenger/Generated/api.swift,write,swift,0.83,1.42,0.45,sibling
iOS/SCMessenger/SCMessenger/Generated/api.swift,write,swift,0.84,1.42,0.45999999999999996,callee
iOS/SCMessenger/SCMessenger/Transport/BLEPeripheralManager.swift,rotateIdentity,swift,0.83,1.42,0.43999999999999995,caller
iOS/SCMessenger/SCMessenger/Views/Contacts/ContactsListView.swift,parseImportedContactPayload,swift,0.81,1.42,0.45999999999999996,callee
iOS/SCMessengerCore.xcframework/ios-arm64/Headers/SCMessengerCore.swift,write,swift,0.84,1.42,0.44999999999999996,callee
patch/if-watch-full/src/lib.rs,is_terminated,rust,0.65,1.42,0.48,sibling
wasm/src/connection_state.rs,remove_rtc_connection,rust,0.81,1.42,0.44,callee
wasm/src/daemon_bridge.rs,state,rust,0.82,1.42,0.45,caller
wasm/src/daemon_bridge.rs,disconnect,rust,0.85,1.42,0.45,sibling
cli/src/main.rs,cmd_test,rust,0.81,1.42,0.45999999999999996,caller
core/src/crypto/kani_proofs.rs,chain_ratchet_produces_distinct_keys,rust,0.79,1.42,0.46,callee
core/src/mobile_bridge.rs,on_ble_data_received,rust,0.83,1.42,0.47000000000000003,callee
core/src/mobile_bridge.rs,send_proximity_packet,rust,0.83,1.42,0.47,callee
core/src/mobile_bridge.rs,on_proximity_data_received,rust,0.84,1.42,0.46,caller
core/src/privacy/cover.rs,test_generate_cover_message,rust,0.81,1.42,0.45,callee
core/src/store/ledger_entry.rs,migration_imports_only_hygienic_survivors,rust,0.82,1.42,0.49,sibling
core/tests/integration_backup_continuity.rs,test_backup_with_salt_continuity,rust,0.84,1.42,0.45,sibling
core/tests/integration_ironcore_roundtrip.rs,test_history_conversation_coalesces_pubkey_and_identity_flavors,rust,0.85,1.42,0.48,callee
core/tests/test_and06_public_key_vector_parity.rs,identity_id_derivation_refuses_non_canonical_key_encodings,rust,0.8,1.42,0.44999999999999996,callee
android/app/src/main/java/com/scmessenger/android/data/MeshRepository.kt,getAllKnownTopics,kotlin,0.81,1.41,0.43,callee
android/app/src/main/java/com/scmessenger/android/data/MeshRepository.kt,emitDisconnectedIfChanged,kotlin,0.83,1.41,0.45,caller
android/app/src/main/java/com/scmessenger/android/data/MeshRepository.kt,validateSettings,kotlin,0.83,1.41,0.44999999999999996,callee
android/app/src/main/java/com/scmessenger/android/data/MeshRepository.kt,clearAdjustmentOverrides,kotlin,0.73,1.41,0.43,callee
android/app/src/main/java/com/scmessenger/android/data/MeshRepository.kt,encodeMeshMessagePayload,kotlin,0.83,1.41,0.43,caller
android/app/src/main/java/com/scmessenger/android/notification/NotificationActionReceiver.kt,handleMute,kotlin,0.82,1.41,0.44,caller
android/app/src/main/java/com/scmessenger/android/service/AndroidPlatformBridge.kt,wifiDirectStopDiscovery,kotlin,0.85,1.41,0.42,callee
android/app/src/main/java/com/scmessenger/android/transport/WifiDirectTransport.kt,discoverPeers,kotlin,0.81,1.41,0.45,callee
android/app/src/main/java/com/scmessenger/android/ui/MeshApp.kt,MeshBottomBar,kotlin,0.78,1.41,0.44,sibling
android/app/src/main/java/com/scmessenger/android/ui/viewmodels/ConversationsViewModel.kt,loadStats,kotlin,0.81,1.41,0.43,callee
android/app/src/test/java/com/scmessenger/android/data/CellTransportBurnDownTest.kt,publicIpv6FormIsAdmitted,kotlin,0.75,1.41,0.45,callee
android/app/src/test/java/com/scmessenger/android/test/DiagnosticsBundleFormatterTest.kt,`bundle includes required tester sections`,kotlin,0.73,1.41,0.44,callee
android/app/src/test/java/com/scmessenger/android/utils/ContactDisplayNameTest.kt,`resolveLocalNickname ignores synthetic incoming and keeps real existing`,kotlin,0.8,1.41,0.43,sibling
cli/tests/integration.rs,test_ble_status_variants,rust,0.78,1.41,0.45999999999999996,callee
core/src/abuse/auto_block.rs,update_config,rust,0.84,1.41,0.45,callee
core/src/abuse/spam_detection.rs,test_content_suspicious_length,rust,0.78,1.41,0.44999999999999996,callee
core/src/mobile_bridge.rs,export_diagnostics,rust,0.84,1.41,0.42000000000000004,caller
core/src/mobile_bridge.rs,on_proximity_data_received,rust,0.85,1.41,0.44,caller
core/src/mobile_bridge.rs,make_state,rust,0.8,1.41,0.44,caller
core/src/mobile_bridge.rs,wifi_direct_stop_discovery,rust,0.82,1.41,0.45999999999999996,callee
core/src/mobile_bridge.rs,wifi_direct_stop_discovery,rust,0.82,1.41,0.46,callee
core/src/notification.rs,allow,rust,0.83,1.41,0.46,caller
core/src/routing/local.rs,mark_as_gateway,rust,0.82,1.41,0.44,caller
core/src/routing/local.rs,gateway_peers,rust,0.8,1.41,0.45999999999999996,caller
core/src/routing/negative_cache.rs,record_unreachable,rust,0.81,1.41,0.44999999999999996,callee
core/src/routing/neighborhood.rs,evict_stalest_gateway,rust,0.8,1.41,0.44999999999999996,sibling
core/src/store/logs.rs,new,rust,0.83,1.41,0.44999999999999996,callee
core/src/store/relay_custody.rs,persistent,rust,0.84,1.41,0.43,callee
core/src/transport/addr_filter.rs,strip_peer_id_of_bare_p2p_is_empty,rust,0.83,1.41,0.45999999999999996,none
core/src/transport/health.rs,record_message_success,rust,0.81,1.41,0.45999999999999996,caller
core/src/transport/health.rs,cleanup_stale_connections,rust,0.83,1.41,0.44,caller
core/src/transport/manager.rs,add_target_peer,rust,0.85,1.41,0.44,sibling
core/src/transport/observation.rs,all_connections,rust,0.82,1.41,0.45,sibling
core/src/transport/swarm.rs,sync_external_address,rust,0.83,1.41,0.44999999999999996,callee
core/src/transport/swarm.rs,on_failure,rust,0.85,1.41,0.45,caller
core/src/transport/swarm.rs,relay_circuit_addresses_skip_direct_port_ladder,rust,0.78,1.41,0.45,none
core/tests/integration_local_mesh_node3.rs,set_on_service_discovered,rust,0.83,1.41,0.44,caller
core/tests/mocks/routing.rs,test_mock_routing_with_empty_decisions,rust,0.68,1.41,0.47,callee
iOS/SCMessenger/SCMessenger/Data/MeshRepository.swift,reportNetwork,swift,0.85,1.41,0.43,callee
iOS/SCMessenger/SCMessenger/Data/MeshRepository.swift,getIdentityExportString,swift,0.85,1.41,0.43000000000000005,caller
iOS/SCMessenger/SCMessenger/Generated/api.swift,write,swift,0.84,1.41,0.45999999999999996,callee
iOS/SCMessenger/SCMessenger/Generated/api.swift,FfiConverterTypeMessageRequest_lower,swift,0.82,1.41,0.45999999999999996,callee
iOS/SCMessenger/SCMessenger/Generated/api.swift,FfiConverterTypePeelResult_lower,swift,0.81,1.41,0.45999999999999996,callee
iOS/SCMessenger/SCMessenger/Services/CoreDelegateImpl.swift,onPeerConnected,swift,0.82,1.41,0.43,callee
iOS/SCMessenger/SCMessenger/Services/IosPlatformBridge.swift,sendBlePacket,swift,0.83,1.41,0.45,callee
iOS/SCMessenger/SCMessenger/Services/MeshBackgroundService.swift,onEnteringForeground,swift,0.82,1.41,0.45,caller
iOS/SCMessenger/SCMessenger/Transport/BLECentralManager.swift,cleanupPeerCache,swift,0.81,1.41,0.44999999999999996,caller
iOS/SCMessenger/SCMessenger/Transport/BLEPeripheralManager.swift,startAdvertising,swift,0.85,1.41,0.44999999999999996,callee
iOS/SCMessenger/SCMessenger/Transport/MultipeerTransport.swift,scheduleReconnect,swift,0.84,1.41,0.43,sibling
iOS/SCMessenger/SCMessenger/Views/Dashboard/MeshDashboardView.swift,classifyPeerAsFull,swift,0.77,1.41,0.47,callee
iOS/SCMessengerCore.xcframework/ios-arm64/Headers/SCMessengerCore.swift,write,swift,0.83,1.41,0.44000000000000006,callee
iOS/SCMessengerTests/NotificationVerificationTests.swift,testNotificationsEnabledCheck,swift,0.8,1.41,0.45,callee
wasm/src/mesh.rs,get_peer_count,rust,0.81,1.41,0.45,callee
wasm/src/worker.rs,new,rust,0.85,1.41,0.46,sibling
android/app/src/test/java/com/scmessenger/android/utils/ContactImportParserTest.kt,`parses iOS identity QR contract with peer id and routing fields`,kotlin,0.84,1.41,0.43000000000000005,callee
core/src/crypto/encrypt.rs,test_different_messages_different_ciphertext,rust,0.77,1.41,0.45999999999999996,callee
core/src/crypto/kani_proofs.rs,ratchet_key_length_invariant,rust,0.78,1.41,0.46,callee
core/src/identity/keys.rs,test_verification,rust,0.81,1.41,0.47,callee
core/src/identity/mod.rs,test_identity_initialization,rust,0.85,1.41,0.45,callee
core/src/identity/mod.rs,test_identity_verification,rust,0.82,1.41,0.45,sibling
core/src/mobile_bridge.rs,send_proximity_packet,rust,0.84,1.41,0.46,callee
core/src/privacy/cover.rs,test_generate_cover_message_uniqueness,rust,0.81,1.41,0.45,callee
core/src/store/contacts.rs,add_refuses_malformed_key,rust,0.81,1.41,0.46,callee
core/tests/integration_ironcore_roundtrip.rs,test_receipt_roundtrip_flips_state,rust,0.83,1.41,0.45,sibling
core/tests/integration_nat_reflection.rs,test_multiple_address_reflections,rust,0.83,1.41,0.44,sibling
iOS/SCMessenger/SCMessenger/Generated/api.swift,exportSeedEntries,swift,0.82,1.41,0.46,callee
android/app/src/main/java/com/scmessenger/android/MeshApplication.kt,onTerminate,kotlin,0.8,1.4,0.44,callee
android/app/src/main/java/com/scmessenger/android/data/MeshRepository.kt,resolveFreshBlePeerId,kotlin,0.81,1.4,0.42000000000000004,caller
android/app/src/main/java/com/scmessenger/android/data/MeshRepository.kt,getIdentityExportString,kotlin,0.85,1.4,0.43,caller
android/app/src/main/java/com/scmessenger/android/service/AndroidPlatformBridge.kt,checkBatteryState,kotlin,0.84,1.4,0.43999999999999995,callee
android/app/src/main/java/com/scmessenger/android/transport/TransportManager.kt,enableTransport,kotlin,0.83,1.4,0.43999999999999995,caller
android/app/src/main/java/com/scmessenger/android/transport/ble/BleAdvertiser.kt,run,kotlin,0.85,1.4,0.43999999999999995,sibling
android/app/src/main/java/com/scmessenger/android/ui/screens/RequestsInboxScreen.kt,RequestsInboxScreen,kotlin,0.84,1.4,0.43,sibling
android/app/src/main/java/com/scmessenger/android/ui/viewmodels/ChatViewModel.kt,updateMessageStatus,kotlin,0.8,1.4,0.44,caller
android/app/src/main/java/com/scmessenger/android/ui/viewmodels/DashboardViewModel.kt,isNearbyDiscovered,kotlin,0.79,1.4,0.45,callee
android/app/src/main/java/com/scmessenger/android/ui/viewmodels/SettingsViewModel.kt,emitIdentityInfo,kotlin,0.81,1.4,0.43,callee
android/app/src/main/java/com/scmessenger/android/ui/viewmodels/SettingsViewModel.kt,setManualProfile,kotlin,0.82,1.4,0.43999999999999995,callee
android/app/src/main/java/com/scmessenger/android/utils/FileLoggingTree.kt,writeEntry,kotlin,0.82,1.4,0.43,sibling
android/app/src/main/java/com/scmessenger/android/utils/PeerIdValidator.kt,canonicalKey,kotlin,0.83,1.4,0.45,sibling
android/app/src/test/java/com/scmessenger/android/utils/PeerIdValidatorCurveVectorTest.kt,`malformed inputs are rejected`,kotlin,0.78,1.4,0.43999999999999995,callee
cli/src/ledger.rs,prioritize_dial_candidates,rust,0.81,1.4,0.43,caller
core/src/drift/rate_limit.rs,tracked_peer_count,rust,0.77,1.4,0.44,sibling
core/src/drift/sync.rs,test_sync_session_state_transitions,rust,0.79,1.4,0.44,callee
core/src/iron_core.rs,swarm_get_best_relays,rust,0.84,1.4,0.43,callee
core/src/iron_core.rs,update_device_state,rust,0.83,1.4,0.43000000000000005,callee
core/src/mobile_bridge.rs,get_external_addresses_blocking,rust,0.83,1.4,0.43999999999999995,callee
core/src/notification.rs,suppressed,rust,0.8,1.4,0.44,caller
core/src/observability.rs,load,rust,0.84,1.4,0.43,caller
core/src/relay/invite.rs,with_pq_signature,rust,0.87,1.4,0.44,sibling
core/src/relay/invite.rs,test_get_trust_chain,rust,0.8,1.4,0.45,callee
core/src/relay/peer_exchange.rs,to_message,rust,0.8,1.4,0.44,caller
core/src/routing/adaptive_ttl.rs,calculate_dynamic_ttl,rust,0.8,1.4,0.45,caller
core/src/store/ledger_entry.rs,record_connection_resets_failures_and_revives_dead_entry,rust,0.82,1.4,0.44,callee
core/src/store/ledger_entry.rs,load_recovers_from_corrupt_json,rust,0.83,1.4,0.45999999999999996,none
core/src/store/outbox.rs,peek_for_peer,rust,0.83,1.4,0.43,callee
core/src/transport/addr_filter.rs,disclosure_keeps_globally_routable_addresses,rust,0.8,1.4,0.43,sibling
core/src/transport/multiport.rs,test_generate_listen_addresses_default,rust,0.77,1.4,0.44,callee
core/src/transport/wifi_direct.rs,get_group_info,rust,0.83,1.4,0.44,sibling
core/tests/integration_local_mesh_node3.rs,close_data_path,rust,0.81,1.4,0.44,caller
core/tests/integration_local_mesh_node3.rs,remove_group,rust,0.8,1.4,0.44,caller
core/tests/integration_mycorrhizal_routing.rs,test_shared_routing_engine_handle,rust,0.8,1.4,0.44,sibling
core/tests/test_trn04_custody_lifecycle.rs,states,rust,0.78,1.4,0.44,callee
desktop_bridge/src/desktop_bridge.rs,grant_consent,rust,0.84,1.4,0.44,callee
iOS/SCMessenger/SCMessenger/Data/MeshRepository.swift,readCachedIdentityInfo,swift,0.85,1.4,0.45999999999999996,none
iOS/SCMessenger/SCMessenger/Data/MeshRepository.swift,receiptRetryDelaySeconds,swift,0.78,1.4,0.45999999999999996,caller
iOS/SCMessenger/SCMessenger/Data/MeshRepository.swift,encodeMeshMessagePayload,swift,0.84,1.4,0.43,caller
iOS/SCMessenger/SCMessenger/Data/MeshRepository.swift,outboxCount,swift,0.82,1.4,0.46,caller
iOS/SCMessenger/SCMessenger/Data/MeshRepository.swift,promotePendingOutboundForPeer,swift,0.83,1.4,0.43,caller
iOS/SCMessenger/SCMessenger/Generated/api.swift,write,swift,0.84,1.4,0.44999999999999996,caller
iOS/SCMessenger/SCMessenger/Transport/BLECentralManager.swift,appendRepositoryDiagnostic,swift,0.82,1.4,0.43,callee
iOS/SCMessenger/SCMessenger/Transport/SmartTransportRouter.swift,recordSuccess,swift,0.81,1.4,0.43,caller
wasm/src/lib.rs,count,rust,0.82,1.4,0.47,callee
android/app/src/main/java/com/scmessenger/android/transport/ble/BleGattServer.kt,onCharacteristicReadRequest,kotlin,0.82,1.4,0.43999999999999995,callee
core/src/crypto/ratchet.rs,test_pq_ratchet_step,rust,0.84,1.4,0.44,callee
core/src/transport/swarm.rs,peer_id_public_key_extraction_roundtrips_for_ed25519_peers,rust,0.78,1.4,0.46,callee
core/tests/integration_e2e.rs,test_e2e_message_flow_two_peers,rust,0.85,1.4,0.46,sibling
android/app/src/main/java/com/scmessenger/android/data/MeshRepository.kt,onRuntimePermissionsGranted,kotlin,0.84,1.39,0.42,callee
android/app/src/main/java/com/scmessenger/android/data/MeshRepository.kt,storeLastKnownRoutePeerId,kotlin,0.81,1.39,0.44,callee
android/app/src/main/java/com/scmessenger/android/service/AnrWatchdog.kt,start,kotlin,0.85,1.39,0.43,sibling
android/app/src/main/java/com/scmessenger/android/ui/viewmodels/IdentityViewModel.kt,refreshQrCode,kotlin,0.83,1.39,0.43,callee
android/app/src/main/java/com/scmessenger/android/ui/viewmodels/MainViewModel.kt,refreshStorageStatus,kotlin,0.82,1.39,0.42000000000000004,callee
android/app/src/test/java/com/scmessenger/android/test/DeliveryStateMapperTest.kt,`maps missing pending snapshot to pending state`,kotlin,0.81,1.39,0.43,callee
android/app/src/test/java/com/scmessenger/android/ui/viewmodels/ConversationsViewModelTest.kt,setup,kotlin,0.75,1.39,0.44999999999999996,callee
android/app/src/test/java/com/scmessenger/android/utils/DeepLinkValidatorTest.kt,`loopback IPv6 is rejected`,kotlin,0.79,1.39,0.42,callee
cli/src/transport_bridge.rs,get_wasm_transports,rust,0.81,1.39,0.43,caller
cli/src/transport_bridge.rs,get_available_paths,rust,0.84,1.39,0.42,callee
cli/tests/integration.rs,test_config_default_values,rust,0.79,1.39,0.43000000000000005,callee
core/src/contacts_bridge.rs,flush,rust,0.82,1.39,0.45,caller
core/src/drift/relay.rs,set_network_state,rust,0.8,1.39,0.43,sibling
core/src/iron_core.rs,notify_peer_disconnected,rust,0.84,1.39,0.43,callee
core/src/iron_core.rs,get_all_connection_stats,rust,0.84,1.39,0.43,caller
core/src/mobile_bridge.rs,get_peers,rust,0.82,1.39,0.43999999999999995,callee
core/src/mobile_bridge.rs,wifi_direct_create_group,rust,0.82,1.39,0.45,callee
core/src/mobile_bridge.rs,wifi_aware_stop,rust,0.81,1.39,0.45,caller
core/src/relay/invite.rs,test_record_invite,rust,0.8,1.39,0.44,callee
core/src/routing/global.rs,test_pending_requests_cleanup,rust,0.75,1.39,0.44,callee
core/src/routing/neighborhood.rs,test_generate_gossip,rust,0.79,1.39,0.44,callee
core/src/routing/optimized_engine.rs,on_app_resume,rust,0.82,1.39,0.44999999999999996,caller
core/src/store/inbox.rs,drain_received_messages,rust,0.8,1.39,0.43,sibling
core/src/store/ledger_entry.rs,seed,rust,0.79,1.39,0.44,caller
core/src/store/outbox.rs,test_default_retry_delays,rust,0.69,1.39,0.5,callee
core/src/store/transport_memory.rs,get_network_fingerprint,rust,0.76,1.39,0.46,sibling
core/src/transport/circuit_breaker.rs,transition_to_half_open,rust,0.83,1.39,0.43000000000000005,caller
core/src/transport/internet.rs,default,rust,0.82,1.39,0.43,sibling
core/src/transport/manager.rs,new_with_multihop,rust,0.84,1.39,0.43,caller
core/src/transport/manager.rs,remove_target_peer,rust,0.84,1.39,0.43000000000000005,sibling
core/src/transport/multiport.rs,test_excluded_ports_filtered,rust,0.77,1.39,0.46,callee
core/src/transport/swarm.rs,note_liveness,rust,0.85,1.39,0.44,caller
core/src/transport/wifi_direct.rs,get_group_info,rust,0.83,1.39,0.45,callee
core/tests/integration_drift_mule.rs,mesh_store_merge_idempotent,rust,0.78,1.39,0.45,callee
core/tests/integration_ledger_seeding_hardening.rs,first_loopback_tcp,rust,0.81,1.39,0.44,sibling
iOS/SCMessenger/SCMessenger/Data/MeshRepository.swift,startHeartbeat,swift,0.86,1.39,0.43999999999999995,none
iOS/SCMessenger/SCMessenger/Data/MeshRepository.swift,persistIdentityBackupToKeychain,swift,0.83,1.39,0.43,caller
iOS/SCMessenger/SCMessenger/Data/MeshRepository.swift,buildDialCandidatesForPeer,swift,0.84,1.39,0.42000000000000004,caller
iOS/SCMessenger/SCMessenger/Data/MeshRepository.swift,startStorageMaintenance,swift,0.84,1.39,0.43,caller
iOS/SCMessenger/SCMessenger/Generated/api.swift,write,swift,0.81,1.39,0.44999999999999996,callee
iOS/SCMessenger/SCMessenger/Generated/api.swift,write,swift,0.84,1.39,0.43000000000000005,callee
iOS/SCMessenger/SCMessenger/Generated/api.swift,FfiConverterTypeLedgerEntry_lower,swift,0.8,1.39,0.46,callee
wasm/src/lib.rs,flush,rust,0.85,1.39,0.44999999999999996,caller
core/src/identity/keys.rs,peer_id_triad_roundtrips_pubkey_and_peer_id,rust,0.84,1.39,0.45,sibling
core/src/identity/mod.rs,test_identity_import_export_roundtrip,rust,0.84,1.39,0.44,callee
core/tests/integration_backup.rs,backup_full_state_integration,rust,0.84,1.39,0.45,callee
core/tests/integration_ironcore_roundtrip.rs,test_self_message_roundtrip,rust,0.8,1.39,0.44,callee
android/app/src/main/java/com/scmessenger/android/data/MeshRepository.kt,decidePendingOutboxFlushAction,kotlin,0.77,1.38,0.44,callee
android/app/src/main/java/com/scmessenger/android/data/MeshRepository.kt,shouldRetryMessage,kotlin,0.77,1.38,0.43,callee
android/app/src/main/java/com/scmessenger/android/data/MeshRepository.kt,unverifyContact,kotlin,0.83,1.38,0.43,callee
android/app/src/main/java/com/scmessenger/android/data/MeshRepository.kt,unblockPeer,kotlin,0.82,1.38,0.42000000000000004,callee
android/app/src/main/java/com/scmessenger/android/service/AndroidPlatformBridge.kt,setBleComponents,kotlin,0.85,1.38,0.41000000000000003,caller
android/app/src/main/java/com/scmessenger/android/transport/TransportManager.kt,applyScanSettings,kotlin,0.81,1.38,0.41000000000000003,caller
android/app/src/main/java/com/scmessenger/android/transport/WifiDirectTransport.kt,onReceive,kotlin,0.85,1.38,0.43999999999999995,callee
android/app/src/main/java/com/scmessenger/android/transport/ble/BleAdvertiser.kt,setRotationInterval,kotlin,0.79,1.38,0.41000000000000003,callee
android/app/src/main/java/com/scmessenger/android/transport/ble/BleGattServer.kt,setIdentityData,kotlin,0.84,1.38,0.42000000000000004,caller
android/app/src/main/java/com/scmessenger/android/ui/viewmodels/DashboardViewModel.kt,deduplicateDiscoveredPeers,kotlin,0.82,1.38,0.41000000000000003,callee
android/app/src/main/java/com/scmessenger/android/utils/NetworkFailureMetrics.kt,getFailureCount,kotlin,0.74,1.38,0.43,sibling
android/app/src/test/java/com/scmessenger/android/arch/CompositionBlockingCallGuardTest.kt,check,kotlin,0.78,1.38,0.41,caller
android/app/src/test/java/com/scmessenger/android/test/ChatViewModelTest.kt,`delivery status event marks message delivered`,kotlin,0.82,1.38,0.43,callee
android/app/src/test/java/com/scmessenger/android/utils/DeepLinkValidatorTest.kt,`private IPv4 different subnet is rejected`,kotlin,0.79,1.38,0.43,callee
android/app/src/test/java/com/scmessenger/android/utils/NotificationHelperGateTest.kt,`notification ids and channels share one mesh app identity`,kotlin,0.76,1.38,0.43,none
cli/src/api.rs,build_identity_wrapped_text,rust,0.81,1.38,0.42000000000000004,callee
cli/src/ledger.rs,test_strip_peer_id,rust,0.75,1.38,0.43,callee
core/src/abuse/reputation.rs,test_negative_signals_decrease_score,rust,0.8,1.38,0.45,callee
core/src/iron_core.rs,get_auto_adjust_engine,rust,0.8,1.38,0.43,caller
core/src/iron_core.rs,drift_contains,rust,0.83,1.38,0.44,callee
core/src/mobile_bridge.rs,on_peer_disconnected,rust,0.82,1.38,0.43,caller
core/src/mobile_bridge.rs,is_content_suspicious,rust,0.8,1.38,0.44999999999999996,caller
core/src/relay/invite.rs,stripped,rust,0.77,1.38,0.42,caller
core/src/relay/invite.rs,test_invite_token_creation,rust,0.8,1.38,0.44,callee
core/src/routing/global.rs,make_peer_id,rust,0.77,1.38,0.44,caller
core/src/routing/global.rs,test_update_local_advertisements,rust,0.79,1.38,0.43,sibling
core/src/store/ledger_entry.rs,import_seed_entries_rejects_garbage_and_caps_batch,rust,0.8,1.38,0.44,callee
core/src/store/outbox.rs,is_in_custody,rust,0.82,1.38,0.44,callee
core/src/store/outbox.rs,peer_count,rust,0.79,1.38,0.43,callee
core/src/store/relay_custody.rs,delivery_priority,rust,0.77,1.38,0.43,caller
core/src/transport/addr_filter.rs,self_address_matches_regardless_of_peer_id_placement,rust,0.8,1.38,0.45,none
core/src/transport/diagnostics.rs,diagnostics_report_includes_routing_telemetry,rust,0.8,1.38,0.44000000000000006,callee
core/src/transport/mesh_routing.rs,best_relays,rust,0.79,1.38,0.42000000000000004,caller
core/src/transport/mesh_routing.rs,one_relay_cannot_exceed_its_route_quota,rust,0.81,1.38,0.44,sibling
core/src/transport/observation.rs,new,rust,0.82,1.38,0.43,sibling
core/src/transport/relay_health.rs,cleanup_stale_relays,rust,0.83,1.38,0.41000000000000003,caller
core/src/transport/reputation.rs,new,rust,0.82,1.38,0.42,sibling
core/src/transport/swarm.rs,last_identified_log,rust,0.83,1.38,0.43,caller
core/src/transport/swarm.rs,on_failure_gentle,rust,0.85,1.38,0.42,none
core/src/transport/wifi_aware.rs,shutdown,rust,0.83,1.38,0.42000000000000004,callee
core/src/transport/wifi_direct.rs,set_on_peers_changed,rust,0.84,1.38,0.43,caller
core/tests/integration_dial_policy.rs,test_dial_policy_exponential_backoff,rust,0.78,1.38,0.47,sibling
core/tests/test_multiport.rs,test_ipv4_only_mode,rust,0.8,1.38,0.45,callee
iOS/SCMessenger/SCMessenger/Data/MeshRepository.swift,pauseMeshService,swift,0.81,1.38,0.43999999999999995,callee
iOS/SCMessenger/SCMessenger/Data/MeshRepository.swift,writeCachedIdentityInfo,swift,0.83,1.38,0.42000000000000004,caller
iOS/SCMessenger/SCMessenger/Data/MeshRepository.swift,annotateIdentityInLedger,swift,0.84,1.38,0.41000000000000003,callee
iOS/SCMessenger/SCMessenger/Data/MeshRepository.swift,shouldAttemptRelayDial,swift,0.84,1.38,0.41000000000000003,callee
iOS/SCMessenger/SCMessenger/Generated/api.swift,FfiConverterTypeDeviceState_lower,swift,0.81,1.38,0.45,callee
iOS/SCMessenger/SCMessenger/Generated/api.swift,uniffiFutureContinuationCallback,swift,0.83,1.38,0.45,caller
iOS/SCMessenger/SCMessenger/Transport/SmartTransportRouter.swift,setHealth,swift,0.79,1.38,0.44,callee
iOS/SCMessengerCore.xcframework/ios-arm64-simulator/Headers/SCMessengerCore.swift,getAuditEventsByType,swift,0.79,1.38,0.43,callee
iOS/SCMessengerCore.xcframework/ios-arm64/Headers/SCMessengerCore.swift,getIdentityInfo,swift,0.78,1.38,0.42,callee
wasm/src/notification_manager.rs,from,rust,0.76,1.38,0.46,caller
android/app/src/test/java/com/scmessenger/android/data/IdentityUnificationCanonicalIdTest.kt,`hex canonical peer id is dialable via derived libp2p form`,kotlin,0.85,1.38,0.43000000000000005,sibling
core/src/iron_core.rs,identity_hash_not_usable_as_recipient,rust,0.8,1.38,0.45,callee
core/src/iron_core.rs,verified_recipient_still_encrypts,rust,0.84,1.38,0.43,sibling
android/app/src/main/java/com/scmessenger/android/data/MeshRepository.kt,initializeAndStartSwarm,kotlin,0.85,1.37,0.41,callee
android/app/src/main/java/com/scmessenger/android/data/MeshRepository.kt,blockPeer,kotlin,0.82,1.37,0.42000000000000004,callee
android/app/src/main/java/com/scmessenger/android/transport/SubnetProbe.kt,probeHost,kotlin,0.83,1.37,0.41000000000000003,callee
android/app/src/main/java/com/scmessenger/android/transport/SubnetProbe.kt,firstRawTcpCandidate,kotlin,0.82,1.37,0.41000000000000003,callee
android/app/src/main/java/com/scmessenger/android/transport/TransportManager.kt,initializeWifiAware,kotlin,0.86,1.37,0.4,caller
android/app/src/main/java/com/scmessenger/android/utils/NetworkFailureMetrics.kt,recordFailure,kotlin,0.81,1.37,0.4,sibling
android/app/src/main/java/com/scmessenger/android/utils/NotificationHelper.kt,clearMessageNotifications,kotlin,0.82,1.37,0.43,caller
android/app/src/main/java/com/scmessenger/android/utils/SecurityUtils.kt,recordResetSignal,kotlin,0.8,1.37,0.41000000000000003,sibling
android/app/src/test/java/com/scmessenger/android/test/MeshRepositoryTest.kt,`checkMeshParticipationEnabled handles disabled settings`,kotlin,0.77,1.37,0.43,callee
android/app/src/test/java/com/scmessenger/android/test/MeshRepositoryTest.kt,`parseTransportsFromMultiaddrs detects wifi aware and wifi direct`,kotlin,0.83,1.37,0.44,callee
android/app/src/test/java/com/scmessenger/android/utils/NotificationGateTest.kt,foregroundAndPresentationGates_apply,kotlin,0.78,1.37,0.44,callee
android/app/src/test/java/com/scmessenger/android/utils/NotificationHelperGateTest.kt,`explicitly disabled gate suppresses peer discovered notification`,kotlin,0.8,1.37,0.41000000000000003,callee
cli/build.rs,main,rust,0.8,1.37,0.44999999999999996,callee
cli/src/main.rs,learn_sender_identity_from_envelope,rust,0.81,1.37,0.42000000000000004,caller
core/src/iron_core.rs,mark_message_sent,rust,0.82,1.37,0.43,caller
core/src/iron_core.rs,drift_deactivate,rust,0.82,1.37,0.41000000000000003,caller
core/src/iron_core.rs,outbox_count,rust,0.8,1.37,0.42,callee
core/src/mobile_bridge.rs,on_data_received,rust,0.86,1.37,0.4,caller
core/src/mobile_bridge.rs,set_on_service_discovered,rust,0.84,1.37,0.41,caller
core/src/mobile_bridge.rs,compute_ble_adjustment,rust,0.84,1.37,0.42000000000000004,caller
core/src/relay/invite.rs,record_invitation,rust,0.86,1.37,0.41,callee
core/src/relay/invite.rs,test_get_invitees,rust,0.77,1.37,0.45999999999999996,callee
core/src/routing/engine.rs,new,rust,0.84,1.37,0.45,caller
core/src/routing/negative_cache.rs,test_negative_cache_expiry,rust,0.76,1.37,0.45,callee
core/src/routing/neighborhood.rs,test_deduplication_prefers_fresh_data,rust,0.8,1.37,0.47,sibling
core/src/routing/resume_prefetch.rs,mark_refresh_failed,rust,0.78,1.37,0.42000000000000004,caller
core/src/routing/timeout_budget.rs,new,rust,0.79,1.37,0.41,sibling
core/src/store/backend.rs,persist_remove,rust,0.82,1.37,0.41000000000000003,caller
core/src/store/contacts.rs,contact_key,rust,0.78,1.37,0.41,caller
core/src/store/contacts.rs,flush,rust,0.83,1.37,0.45,caller
core/src/store/inbox.rs,test_receive_and_query,rust,0.8,1.37,0.44,sibling
core/src/store/ledger_entry.rs,import_seed_entries_locked,rust,0.78,1.37,0.4,caller
core/src/store/ledger_entry.rs,merge_shared_entries,rust,0.81,1.37,0.42,sibling
core/src/store/outbox.rs,remove_expired,rust,0.82,1.37,0.4,caller
core/src/store/outbox.rs,test_retry_now_clears_deferred_timer,rust,0.79,1.37,0.43,callee
core/src/store/relay_custody.rs,new_with_backends,rust,0.84,1.37,0.41000000000000003,callee
core/src/store/relay_custody.rs,registry,rust,0.81,1.37,0.44000000000000006,none
core/src/transport/ble/gatt.rs,test_gatt_characteristic_uuids,rust,0.77,1.37,0.43,sibling
core/src/transport/ble/scanner.rs,test_ble_scanner_set_battery_state,rust,0.78,1.37,0.42,sibling
core/src/transport/bootstrap.rs,connected_count,rust,0.82,1.37,0.46,none
core/src/transport/diagnostics.rs,record,rust,0.81,1.37,0.41000000000000003,caller
core/src/transport/hint_store.rs,annotate_peer_hints,rust,0.8,1.37,0.42000000000000004,sibling
core/src/transport/peer_broadcast.rs,peer_connected,rust,0.82,1.37,0.4,sibling
core/src/transport/reputation.rs,calculate_score,rust,0.81,1.37,0.41000000000000003,caller
core/src/transport/swarm.rs,try_envelope_hint_dial,rust,0.84,1.37,0.42000000000000004,callee
iOS/SCMessenger/SCMessenger/Background/NotificationBackgroundProcessor.swift,testConstraintHandling,swift,0.75,1.37,0.43,callee
iOS/SCMessenger/SCMessenger/Data/MeshRepository.swift,exportDiagnosticsAsync,swift,0.83,1.37,0.4,callee
iOS/SCMessenger/SCMessenger/Data/MeshRepository.swift,pendingOutboxExpiryReason,swift,0.8,1.37,0.43999999999999995,caller
iOS/SCMessenger/SCMessenger/Data/MeshRepository.swift,isMessageDeliveredLocally,swift,0.81,1.37,0.41000000000000003,callee
iOS/SCMessenger/SCMessenger/Transport/BLECentralManager.swift,validateConnection,swift,0.81,1.37,0.42,sibling
iOS/SCMessenger/SCMessenger/Transport/BLEPeripheralManager.swift,peripheralManagerIsReady,swift,0.81,1.37,0.4,callee
iOS/SCMessenger/SCMessenger/Transport/SmartTransportRouter.swift,recordFailure,swift,0.8,1.37,0.41000000000000003,callee
iOS/SCMessenger/SCMessenger/ViewModels/ContactsViewModel.swift,selectStablePeerId,swift,0.79,1.37,0.41000000000000003,caller
iOS/SCMessenger/SCMessenger/ViewModels/ContactsViewModel.swift,deleteContacts,swift,0.79,1.37,0.41000000000000003,callee
iOS/SCMessengerCore.xcframework/ios-arm64-simulator/Headers/SCMessengerCore.swift,getRegistrationState,swift,0.79,1.37,0.43,callee
iOS/SCMessengerCore.xcframework/ios-arm64/Headers/SCMessengerCore.swift,withStorageAndLogs,swift,0.83,1.37,0.42,callee
iOS/SCMessengerCore.xcframework/ios-arm64/Headers/SCMessengerCore.swift,write,swift,0.83,1.37,0.42000000000000004,callee
iOS/SCMessengerTests/NotificationVerificationTests.swift,testDeliveredNotificationManagement,swift,0.78,1.37,0.43000000000000005,sibling
wasm/src/mesh.rs,test_node_id,rust,0.73,1.37,0.43,callee
core/src/crypto/encrypt.rs,test_sign_and_verify_envelope,rust,0.82,1.37,0.43,sibling
core/src/store/contacts.rs,test_contact_bundle_storage,rust,0.8,1.37,0.45,callee
core/tests/integration_backup.rs,backup_large_payload_roundtrip,rust,0.83,1.37,0.43,callee
android/app/src/main/java/com/scmessenger/android/data/MeshRepository.kt,blockAndDeletePeer,kotlin,0.81,1.36,0.41000000000000003,callee
android/app/src/main/java/com/scmessenger/android/data/MeshRepository.kt,getAllLedgerEntries,kotlin,0.83,1.36,0.41000000000000003,caller
android/app/src/main/java/com/scmessenger/android/data/MeshRepository.kt,exportDiagnosticsInternal,kotlin,0.83,1.36,0.41000000000000003,sibling
android/app/src/main/java/com/scmessenger/android/data/MeshRepository.kt,loadSettings,kotlin,0.8,1.36,0.4,callee
android/app/src/main/java/com/scmessenger/android/data/MeshRepository.kt,encodeMessageWithIdentityHints,kotlin,0.82,1.36,0.42,callee
android/app/src/main/java/com/scmessenger/android/data/MeshRepository.kt,getAvailableTransportsSorted,kotlin,0.82,1.36,0.41,caller
android/app/src/main/java/com/scmessenger/android/service/AndroidPlatformBridge.kt,initialize,kotlin,0.84,1.36,0.42,caller
android/app/src/main/java/com/scmessenger/android/service/AndroidPlatformBridge.kt,checkNetworkState,kotlin,0.84,1.36,0.42000000000000004,callee
android/app/src/main/java/com/scmessenger/android/service/PerformanceMonitor.kt,getHealthStatus,kotlin,0.8,1.36,0.41000000000000003,callee
android/app/src/main/java/com/scmessenger/android/transport/WifiAwareTransport.kt,startSubscribing,kotlin,0.84,1.36,0.41000000000000003,caller
android/app/src/main/java/com/scmessenger/android/transport/ble/BleScanner.kt,applyScanSettings,kotlin,0.73,1.36,0.43000000000000005,callee
android/app/src/main/java/com/scmessenger/android/ui/viewmodels/IdentityViewModel.kt,getQrCodeData,kotlin,0.82,1.36,0.42000000000000004,callee
android/app/src/main/java/com/scmessenger/android/utils/NetworkFailureMetrics.kt,reset,kotlin,0.8,1.36,0.41000000000000003,sibling
android/app/src/main/java/com/scmessenger/android/utils/NotificationHelper.kt,classifyAsDmRequest,kotlin,0.75,1.36,0.45,caller
android/app/src/main/java/com/scmessenger/android/utils/PeerKeyUtils.kt,extractPublicKeyFromPeerId,kotlin,0.81,1.36,0.4,callee
android/app/src/main/java/com/scmessenger/android/utils/ShareReceiver.kt,onReceive,kotlin,0.87,1.36,0.42,callee
android/app/src/test/java/com/scmessenger/android/test/SettingsViewModelTest.kt,`refreshInfoCounts survives repository failures with zeroed counts`,kotlin,0.79,1.36,0.43,sibling
android/app/src/test/java/com/scmessenger/android/transport/MdnsServiceDiscoveryTest.kt,`onServiceLost with local peer-id does not emit a disconnect`,kotlin,0.8,1.36,0.43999999999999995,sibling
android/app/src/test/java/com/scmessenger/android/ui/viewmodels/MainViewModelTest.kt,`isStorageDegraded flow reflects meshRepository`,kotlin,0.78,1.36,0.42000000000000004,callee
android/app/src/test/java/com/scmessenger/android/utils/ContactDisplayNameTest.kt,`resolveLocalNickname keeps existing when incoming is blank`,kotlin,0.77,1.36,0.39,callee
android/app/src/test/java/com/scmessenger/android/utils/DeepLinkValidatorTest.kt,`cap counts only valid entries`,kotlin,0.76,1.36,0.43000000000000005,sibling
android/app/src/test/java/com/scmessenger/android/utils/PeerIdValidatorTest.kt,`rejects symbols punctuation and whitespace`,kotlin,0.74,1.36,0.42,callee
cli/src/ble_daemon.rs,test_ble_error_variants,rust,0.79,1.36,0.44,none
cli/src/ledger.rs,test_complete_dial_skipped_releases_claims_neutrally,rust,0.79,1.36,0.42,callee
cli/src/ledger.rs,test_try_begin_dial_blocks_same_address_different_peer_ids,rust,0.81,1.36,0.43,callee
cli/src/main.rs,get_local_transport_addresses,rust,0.8,1.36,0.42000000000000004,callee
cli/src/seed_dial.rs,sweep_decision_waits_when_no_candidates,rust,0.75,1.36,0.41000000000000003,sibling
core/src/abuse/auto_block.rs,make_engine,rust,0.84,1.36,0.43,callee
core/src/abuse/reputation.rs,test_all_enhanced_scores,rust,0.79,1.36,0.42,callee
core/src/iron_core.rs,get_identity_info,rust,0.81,1.36,0.41000000000000003,caller
core/src/iron_core.rs,routing_peer_seen_distinguishes_circuit_from_direct_tcp,rust,0.8,1.36,0.46,sibling
core/src/mobile_bridge.rs,reset_stats,rust,0.83,1.36,0.41000000000000003,caller
core/src/mobile_bridge.rs,on_ble_data_received,rust,0.83,1.36,0.44000000000000006,callee
core/src/mobile_bridge.rs,wifi_direct_stop_discovery,rust,0.82,1.36,0.44,caller
core/src/relay/delegate_prewarm.rs,add_delegate,rust,0.83,1.36,0.42,callee
core/src/relay/delegate_prewarm.rs,stats,rust,0.8,1.36,0.42000000000000004,sibling
core/src/relay/invite.rs,full_seed_ledger,rust,0.73,1.36,0.42,caller
core/src/routing/local.rs,make_peer_id,rust,0.77,1.36,0.44,sibling
core/src/routing/negative_cache.rs,new,rust,0.78,1.36,0.43,callee
core/src/routing/optimized_engine.rs,negative_cache_stats,rust,0.75,1.36,0.41000000000000003,callee
core/src/store/ledger_entry.rs,save,rust,0.84,1.36,0.4,callee
core/src/store/ledger_entry.rs,import_seed_entries_adds_unproven_entries,rust,0.81,1.36,0.44,callee
core/src/store/ledger_entry.rs,ledger_entry_to_shared_converts_millis_to_seconds,rust,0.79,1.36,0.41000000000000003,callee
core/src/store/relay_custody.rs,state_for_scm_bytes,rust,0.8,1.36,0.4,caller
core/src/store/relay_custody.rs,transitions_for_custody,rust,0.83,1.36,0.41000000000000003,caller
core/src/transport/addr_filter.rs,private_ranges_follow_network_mode,rust,0.78,1.36,0.44,sibling
core/src/transport/circuit_breaker.rs,reset,rust,0.83,1.36,0.42000000000000004,caller
core/src/transport/internet.rs,get_relay_stats,rust,0.83,1.36,0.39999999999999997,caller
core/src/transport/multiport.rs,generate_listen_addresses,rust,0.81,1.36,0.42000000000000004,sibling
core/src/transport/multiport.rs,test_generate_listen_addresses_ipv4_only,rust,0.79,1.36,0.43,callee
core/src/transport/reputation.rs,test_persistence_roundtrip,rust,0.83,1.36,0.41,sibling
core/src/transport/swarm.rs,build_mdns_advertised_addrs,rust,0.81,1.36,0.42000000000000004,caller
core/src/wasm_support/rpc.rs,notif_delivery_status,rust,0.79,1.36,0.39999999999999997,callee
core/tests/integration_wifi_aware.rs,on_ble_data_received,rust,0.8,1.36,0.42000000000000004,caller
iOS/SCMessenger/SCMessenger/Data/MeshRepository.swift,migrateStaleRoutingHints,swift,0.82,1.36,0.4,caller
iOS/SCMessenger/SCMessenger/Data/MeshRepository.swift,restoreIdentityFromKeychain,swift,0.84,1.36,0.42000000000000004,callee
iOS/SCMessenger/SCMessenger/Data/MeshRepository.swift,reconcileInstallScopedIdentityState,swift,0.86,1.36,0.4,callee
iOS/SCMessenger/SCMessenger/Data/MeshRepository.swift,reportBattery,swift,0.83,1.36,0.4,callee
iOS/SCMessenger/SCMessenger/Data/MeshRepository.swift,triggerPendingSyncForPeerIds,swift,0.84,1.36,0.4,callee
iOS/SCMessenger/SCMessenger/Data/MeshRepository.swift,scheduleIdentityBeaconRefresh,swift,0.83,1.36,0.39,caller
iOS/SCMessenger/SCMessenger/Generated/api.swift,dialableAddresses,swift,0.8,1.36,0.41,callee
iOS/SCMessenger/SCMessenger/SCMessengerApp.swift,refreshOnboardingGate,swift,0.81,1.36,0.4,caller
iOS/SCMessenger/SCMessenger/Transport/BLECentralManager.swift,centralManager,swift,0.84,1.36,0.41,sibling
iOS/SCMessenger/SCMessenger/ViewModels/ContactsViewModel.swift,handleDisconnected,swift,0.8,1.36,0.4,callee
iOS/SCMessengerCore.xcframework/ios-arm64-simulator/Headers/SCMessengerCore.swift,write,swift,0.8,1.36,0.43,callee
iOS/SCMessengerCore.xcframework/ios-arm64/Headers/SCMessengerCore.swift,write,swift,0.83,1.36,0.43,callee
iOS/SCMessengerTests/OutboxRetryPolicyTests.swift,testTransportSettingsPlanIsEmptyWhenSupportedValuesAreUnchanged,swift,0.73,1.36,0.43000000000000005,callee
wasm/src/connection_state.rs,set_onmessage,rust,0.85,1.36,0.43,callee
wasm/src/connection_state.rs,set_onclose,rust,0.84,1.36,0.41,callee
wasm/src/transport.rs,config,rust,0.81,1.36,0.44,caller
core/tests/integration_contact_block.rs,test_blocked_message_persisted_but_hidden,rust,0.84,1.36,0.43000000000000005,sibling
core/tests/test_storage_fail_loud.rs,test_storage_lock_contention_does_not_silently_mint_memory_identity,rust,0.8,1.36,0.45999999999999996,sibling
wasm/src/lib.rs,test_desktop_role_resolution_defaults_to_relay_only_without_identity,rust,0.79,1.36,0.43,callee
android/app/src/main/java/com/scmessenger/android/data/MeshRepository.kt,createCompactBleBeacon,kotlin,0.81,1.35,0.4,caller
android/app/src/main/java/com/scmessenger/android/data/MeshRepository.kt,updateStats,kotlin,0.82,1.35,0.39,callee
android/app/src/main/java/com/scmessenger/android/data/MeshRepository.kt,removeContact,kotlin,0.82,1.35,0.39,callee
android/app/src/main/java/com/scmessenger/android/data/MeshRepository.kt,getRelayHopPeerIds,kotlin,0.8,1.35,0.42000000000000004,caller
android/app/src/main/java/com/scmessenger/android/data/MeshRepository.kt,savePendingOutbox,kotlin,0.84,1.35,0.4,caller
android/app/src/main/java/com/scmessenger/android/data/MeshRepository.kt,validatePeerBeforeContactCreation,kotlin,0.82,1.35,0.4,callee
android/app/src/main/java/com/scmessenger/android/data/MeshRepository.kt,getSmartAvailableTransports,kotlin,0.82,1.35,0.39,callee
android/app/src/main/java/com/scmessenger/android/notification/NotificationActionReceiver.kt,handleMarkRead,kotlin,0.81,1.35,0.4,caller
android/app/src/main/java/com/scmessenger/android/transport/NetworkDetector.kt,updateNetworkType,kotlin,0.77,1.35,0.41000000000000003,caller
android/app/src/main/java/com/scmessenger/android/transport/SmartTransportRouter.kt,setHealth,kotlin,0.8,1.35,0.42,caller
android/app/src/main/java/com/scmessenger/android/transport/WifiAwareTransport.kt,onSubscribeStarted,kotlin,0.84,1.35,0.43000000000000005,sibling
android/app/src/main/java/com/scmessenger/android/transport/ble/BleGattClient.kt,releaseGattOp,kotlin,0.82,1.35,0.41000000000000003,caller
android/app/src/main/java/com/scmessenger/android/transport/ble/BleL2capManager.kt,stopListening,kotlin,0.81,1.35,0.4,callee
android/app/src/main/java/com/scmessenger/android/transport/ble/BleScanner.kt,run,kotlin,0.82,1.35,0.43,callee
android/app/src/main/java/com/scmessenger/android/ui/viewmodels/ChatViewModel.kt,observeMessageEvents,kotlin,0.83,1.35,0.38,callee
android/app/src/main/java/com/scmessenger/android/ui/viewmodels/SettingsViewModel.kt,logMessageDeliveryAttempt,kotlin,0.83,1.35,0.41000000000000003,caller
android/app/src/main/java/com/scmessenger/android/utils/NetworkFailureMetrics.kt,isNodeUnreachable,kotlin,0.72,1.35,0.41000000000000003,sibling
android/app/src/main/java/com/scmessenger/android/utils/NotificationHelper.kt,createMuteIntent,kotlin,0.81,1.35,0.39999999999999997,caller
android/app/src/main/java/com/scmessenger/android/utils/PeerKeyUtils.kt,isValidPeerId,kotlin,0.69,1.35,0.44,callee
android/app/src/test/java/com/scmessenger/android/test/ReceiptUnificationTest.kt,`receive path processes delivered receipts and deduplicates`,kotlin,0.83,1.35,0.44,sibling
cli/src/ledger.rs,ready,rust,0.78,1.35,0.41000000000000003,caller
core/src/contacts_bridge.rs,placeholder_or_derived_contact,rust,0.82,1.35,0.4,callee
core/src/drift/policy.rs,test_profile_standard_high_battery,rust,0.71,1.35,0.43,sibling
core/src/drift/relay.rs,new_with_audit,rust,0.85,1.35,0.4,caller
core/src/iron_core.rs,outbox_contains_for_recipient,rust,0.84,1.35,0.42,callee
core/src/iron_core.rs,get_known_devices,rust,0.81,1.35,0.42000000000000004,caller
core/src/iron_core.rs,is_device_blocked,rust,0.8,1.35,0.42000000000000004,caller
core/src/notification.rs,new,rust,0.84,1.35,0.42,sibling
core/src/relay/bootstrap.rs,test_shape_check_does_not_detect_tampering,rust,0.78,1.35,0.43,sibling
core/src/relay/invite.rs,get_connected_peers,rust,0.82,1.35,0.42000000000000004,sibling
core/src/relay/server.rs,default,rust,0.8,1.35,0.41,callee
core/src/relay/server.rs,cleanup_expired,rust,0.82,1.35,0.4,caller
core/src/routing/adaptive_ttl.rs,record_message,rust,0.79,1.35,0.42,caller
core/src/routing/engine.rs,test_routing_summary,rust,0.72,1.35,0.41000000000000003,sibling
core/src/routing/global.rs,test_cleanup_expired_routes,rust,0.74,1.35,0.42,callee
core/src/routing/local.rs,test_active_timeout_progression,rust,0.79,1.35,0.43,callee
core/src/routing/local.rs,test_peers_for_hint_sorted_by_reliability,rust,0.79,1.35,0.43,sibling
core/src/routing/multipath.rs,record_failure,rust,0.79,1.35,0.43,callee
core/src/routing/negative_cache.rs,new,rust,0.77,1.35,0.41,callee
core/src/store/backend.rs,count_prefix,rust,0.77,1.35,0.42,caller
core/src/store/ledger_entry.rs,set_own_identity,rust,0.81,1.35,0.4,callee
core/src/store/ledger_entry.rs,ledger_entry_to_shared,rust,0.78,1.35,0.41000000000000003,caller
core/src/store/ledger_entry.rs,annotate_identity_refuses_dns_forms_too,rust,0.8,1.35,0.44000000000000006,callee
core/src/store/ledger_entry.rs,locally_verified_only_entries_are_exported,rust,0.8,1.35,0.45999999999999996,callee
core/src/transport/dial_policy.rs,prune_old_entries,rust,0.84,1.35,0.4,caller
core/src/transport/health.rs,health_score,rust,0.83,1.35,0.41000000000000003,caller
core/src/transport/mesh_routing.rs,record_recipient_seen_via_relay,rust,0.79,1.35,0.4,caller
core/src/transport/observation.rs,primary_external_address,rust,0.82,1.35,0.41,sibling
core/src/transport/swarm.rs,push_seed_dial_candidate,rust,0.82,1.35,0.4,callee
core/src/transport/swarm.rs,for_swarm,rust,0.82,1.35,0.39999999999999997,callee
core/src/transport/swarm.rs,is_valid_reservation_base,rust,0.82,1.35,0.39999999999999997,callee
core/src/transport/wifi_direct.rs,is_available,rust,0.75,1.35,0.41,callee
core/src/wasm_support/transport.rs,new,rust,0.85,1.35,0.43,sibling
core/tests/integration_dial_policy.rs,test_dial_policy_manager_dead_peer,rust,0.81,1.35,0.43,sibling
desktop_bridge/src/desktop_bridge.rs,get_power_state,rust,0.82,1.35,0.38999999999999996,none
iOS/SCMessenger/SCMessenger/Data/MeshRepository.swift,startMdnsDiscovery,swift,0.84,1.35,0.39,sibling
iOS/SCMessenger/SCMessenger/Data/MeshRepository.swift,initializeAndStartSwarm,swift,0.85,1.35,0.41000000000000003,callee
iOS/SCMessenger/SCMessenger/Data/MeshRepository.swift,publishIdentityInfo,swift,0.83,1.35,0.4,callee
iOS/SCMessenger/SCMessenger/Data/MeshRepository.swift,reloadContactManagerAfterIdentityImport,swift,0.83,1.35,0.4,caller
iOS/SCMessenger/SCMessenger/Generated/api.swift,getCanonicalPeerId,swift,0.74,1.35,0.42,callee
iOS/SCMessenger/SCMessenger/Services/IosPlatformBridge.swift,onProximityDataReceived,swift,0.81,1.35,0.43,callee
iOS/SCMessenger/SCMessenger/Services/IosPlatformBridge.swift,deliverMotionReport,swift,0.82,1.35,0.38,caller
iOS/SCMessenger/SCMessenger/Services/MeshBackgroundService.swift,simulateBackgroundProcessing,swift,0.8,1.35,0.39,callee
iOS/SCMessenger/SCMessenger/Transport/BLEPeripheralManager.swift,broadcastDataToCentrals,swift,0.83,1.35,0.39,callee
iOS/SCMessenger/SCMessenger/Transport/SmartTransportRouter.swift,cleanupDedupCache,swift,0.79,1.35,0.4,caller
iOS/SCMessenger/SCMessenger/Transport/mDNSServiceDiscovery.swift,netServiceBrowser,swift,0.82,1.35,0.38,sibling
iOS/SCMessenger/SCMessenger/ViewModels/SettingsViewModel.swift,debouncedUpdateSettings,swift,0.78,1.35,0.4,caller
iOS/SCMessengerCore.xcframework/ios-arm64-simulator/Headers/SCMessengerCore.swift,write,swift,0.82,1.35,0.43,callee
iOS/SCMessengerCore.xcframework/ios-arm64-simulator/Headers/SCMessengerCore.swift,write,swift,0.83,1.35,0.42,callee
iOS/SCMessengerCore.xcframework/ios-arm64/Headers/SCMessengerCore.swift,write,swift,0.82,1.35,0.43,callee
iOS/SCMessengerTests/NotificationVerificationTests.swift,testNotificationPermissionStates,swift,0.73,1.35,0.44,callee
wasm/src/daemon_bridge.rs,daemon_bridge_creation,rust,0.8,1.35,0.43,sibling
wasm/src/mesh.rs,test_unregister_peer,rust,0.82,1.35,0.44,callee
wasm/src/worker.rs,clear_notifications,rust,0.82,1.35,0.39999999999999997,caller
core/src/crypto/backup.rs,test_kdf_is_memory_hard,rust,0.77,1.35,0.41000000000000003,callee
core/src/message/codec.rs,test_encode_envelope_roundtrip,rust,0.81,1.35,0.39999999999999997,sibling
core/src/mobile_bridge.rs,on_ble_data_received,rust,0.83,1.35,0.43,callee
core/src/mobile_bridge.rs,send_proximity_packet,rust,0.82,1.35,0.43,callee
android/app/src/main/java/com/scmessenger/android/data/MeshRepository.kt,resolveToIdentityId,kotlin,0.81,1.34,0.37,callee
android/app/src/main/java/com/scmessenger/android/data/MeshRepository.kt,getIdentityInfoSync,kotlin,0.82,1.34,0.39,callee
android/app/src/main/java/com/scmessenger/android/data/MeshRepository.kt,loadPendingOutboxSync,kotlin,0.83,1.34,0.4,callee
android/app/src/main/java/com/scmessenger/android/data/MeshRepository.kt,refreshAddressesSnapshots,kotlin,0.83,1.34,0.4,caller
android/app/src/main/java/com/scmessenger/android/di/AppModule.kt,provideNetworkDetector,kotlin,0.77,1.34,0.4,callee
android/app/src/main/java/com/scmessenger/android/network/NetworkDiagnostics.kt,detectNetworkRestrictions,kotlin,0.8,1.34,0.4,sibling
android/app/src/main/java/com/scmessenger/android/service/AndroidPlatformBridge.kt,onBatteryChanged,kotlin,0.79,1.34,0.41,callee
android/app/src/main/java/com/scmessenger/android/service/PerformanceMonitor.kt,getAnrStats,kotlin,0.79,1.34,0.39,caller
android/app/src/main/java/com/scmessenger/android/transport/WifiAwareTransport.kt,stop,kotlin,0.81,1.34,0.39,sibling
android/app/src/main/java/com/scmessenger/android/transport/WifiAwareTransport.kt,startPublishing,kotlin,0.85,1.34,0.4,caller
android/app/src/main/java/com/scmessenger/android/transport/WifiDirectTransport.kt,handleConnectionInfo,kotlin,0.84,1.34,0.4,caller
android/app/src/main/java/com/scmessenger/android/transport/WifiDirectTransport.kt,cleanup,kotlin,0.82,1.34,0.39999999999999997,callee
android/app/src/main/java/com/scmessenger/android/transport/WifiTransportManager.kt,onReceive,kotlin,0.83,1.34,0.42,callee
android/app/src/main/java/com/scmessenger/android/transport/ble/BleGattServer.kt,start,kotlin,0.85,1.34,0.4,sibling
android/app/src/main/java/com/scmessenger/android/ui/viewmodels/ConversationsViewModel.kt,unblockPeer,kotlin,0.8,1.34,0.37,callee
android/app/src/main/java/com/scmessenger/android/utils/CircuitBreaker.kt,getLastFailure,kotlin,0.76,1.34,0.4,callee
android/app/src/main/java/com/scmessenger/android/utils/TimestampUtils.kt,toEpochSeconds,kotlin,0.62,1.34,0.41,sibling
android/app/src/test/java/com/scmessenger/android/utils/DeepLinkValidatorTest.kt,`benchmark range 198_18 is rejected`,kotlin,0.78,1.34,0.43,callee
android/app/src/test/java/com/scmessenger/android/utils/NotificationHelperGateTest.kt,`enabled gate passes the settings gate and continues to the next gate`,kotlin,0.81,1.34,0.41000000000000003,callee
cli/src/api.rs,export_diagnostics,rust,0.83,1.34,0.39,caller
cli/src/ledger.rs,test_record_failure_bookkeeping_still_runs,rust,0.82,1.34,0.43,sibling
cli/src/seed_dial.rs,next_delay,rust,0.75,1.34,0.39,caller
core/src/drift/policy.rs,test_current_profile_getter,rust,0.7,1.34,0.41000000000000003,callee
core/src/drift/policy.rs,test_override_combinations,rust,0.79,1.34,0.42,sibling
core/src/iron_core.rs,inbox_count,rust,0.8,1.34,0.39,callee
core/src/iron_core.rs,perform_maintenance,rust,0.82,1.34,0.38,callee
core/src/iron_core.rs,relay_bootstrap_manager_handle,rust,0.83,1.34,0.41,caller
core/src/mobile_bridge.rs,get_nat_status,rust,0.81,1.34,0.41,caller
core/src/mobile_bridge.rs,on_wifi_aware_data_path_confirmed,rust,0.85,1.34,0.38,callee
core/src/mobile_bridge.rs,get_all_connection_stats,rust,0.79,1.34,0.41000000000000003,caller
core/src/mobile_bridge.rs,get_listeners_blocking,rust,0.81,1.34,0.4,callee
core/src/privacy/timing.rs,test_compute_jitter_exponential,rust,0.8,1.34,0.39,callee
core/src/relay/delegate_prewarm.rs,score,rust,0.77,1.34,0.4,caller
core/src/relay/invite.rs,test_get_connected_peers,rust,0.8,1.34,0.43,callee
core/src/routing/adaptive_ttl.rs,test_inactive_peer_ttl,rust,0.8,1.34,0.41000000000000003,sibling
core/src/routing/global.rs,update_local_advertisements,rust,0.83,1.34,0.39,caller
core/src/routing/global.rs,cleanup,rust,0.79,1.34,0.39,caller
core/src/store/backend.rs,approximate_size,rust,0.74,1.34,0.43,sibling
core/src/store/ledger_entry.rs,import_seed_entries,rust,0.85,1.34,0.41,callee
core/src/store/outbox.rs,pending,rust,0.82,1.34,0.39,callee
core/src/transport/ble/l2cap.rs,drop_stats,rust,0.81,1.34,0.42,none
core/src/transport/circuit_breaker.rs,record_success,rust,0.81,1.34,0.39,sibling
core/src/transport/dial_policy.rs,on_permanent_failure,rust,0.82,1.34,0.4,caller
core/src/transport/dial_policy.rs,new,rust,0.83,1.34,0.41000000000000003,sibling
core/src/transport/health.rs,record_connection_state_change,rust,0.8,1.34,0.39,caller
core/src/transport/manager.rs,test_tick_stale_prune_clears_connected_peers,rust,0.83,1.34,0.43,callee
core/src/transport/swarm.rs,drift_fallback_carrier_skips_target_and_self,rust,0.83,1.34,0.43,none
core/src/transport/wifi_aware.rs,test_get_active_data_paths,rust,0.79,1.34,0.39999999999999997,callee
core/src/transport/wifi_direct.rs,remove_group,rust,0.8,1.34,0.4,caller
core/src/wasm_support/transport.rs,all_relays,rust,0.8,1.34,0.39999999999999997,caller
core/tests/integration_local_mesh_node3.rs,test_wifi_direct_group_owner_intent_matrix,rust,0.81,1.34,0.43,sibling
core/tests/integration_mycorrhizal_routing.rs,make_peer_id,rust,0.74,1.34,0.42000000000000004,caller
core/tests/integration_recency_map_bounds.rs,sustained_wire_flood_keeps_the_recency_map_bounded_and_cheap,rust,0.8,1.34,0.39,sibling
core/tests/test_mesh_routing.rs,test_relay_stats_tracking,rust,0.78,1.34,0.42,sibling
core/tests/test_multiport.rs,test_custom_ports_only,rust,0.79,1.34,0.44,callee
iOS/SCMessenger/SCMessenger/Data/MeshRepository.swift,appendDiagnostic,swift,0.82,1.34,0.38,callee
iOS/SCMessenger/SCMessenger/Generated/api.swift,isConsentGranted,swift,0.79,1.34,0.42,callee
iOS/SCMessenger/SCMessenger/Generated/api.swift,FfiConverterTypeSwarmBridge_lower,swift,0.77,1.34,0.42,callee
iOS/SCMessengerCore.xcframework/ios-arm64-simulator/Headers/SCMessengerCore.swift,write,swift,0.81,1.34,0.42000000000000004,callee
iOS/SCMessengerCore.xcframework/ios-arm64/Headers/SCMessengerCore.swift,write,swift,0.82,1.34,0.41000000000000003,callee
iOS/SCMessengerCore.xcframework/ios-arm64/Headers/SCMessengerCore.swift,getRegistrationState,swift,0.78,1.34,0.42,callee
patch/if-watch-full/src/lib.rs,default,rust,0.72,1.34,0.44999999999999996,sibling
wasm/src/connection_state.rs,cleanup_callbacks,rust,0.78,1.34,0.39999999999999997,caller
wasm/src/connection_state.rs,test_connection_manager_close_all,rust,0.77,1.34,0.43,callee
wasm/src/transport.rs,test_wasm_transport_creation,rust,0.76,1.34,0.41000000000000003,callee
cli/tests/integration_message_requests.rs,rpc,rust,0.83,1.34,0.41,callee
core/src/mobile_bridge.rs,send_proximity_packet,rust,0.81,1.34,0.43000000000000005,callee
core/src/mobile_bridge.rs,on_ble_data_received,rust,0.83,1.34,0.42000000000000004,callee
core/tests/integration_backup.rs,backup_ratchet_sessions_roundtrip,rust,0.86,1.34,0.4,sibling
android/app/src/main/java/com/scmessenger/android/data/MeshRepository.kt,getMessage,kotlin,0.82,1.33,0.41,callee
android/app/src/main/java/com/scmessenger/android/data/MeshRepository.kt,markMessageDelivered,kotlin,0.8,1.33,0.38,callee
android/app/src/main/java/com/scmessenger/android/data/MeshRepository.kt,pruneBefore,kotlin,0.81,1.33,0.39,caller
android/app/src/main/java/com/scmessenger/android/transport/SmartTransportRouter.kt,getAvailableTransports,kotlin,0.75,1.33,0.39,sibling
android/app/src/main/java/com/scmessenger/android/transport/ble/BleL2capManager.kt,close,kotlin,0.82,1.33,0.4,callee
android/app/src/main/java/com/scmessenger/android/ui/viewmodels/IdentityViewModel.kt,readIdentityWithRetry,kotlin,0.82,1.33,0.39,caller
cli/src/ble_mesh.rs,get_active_peers,rust,0.79,1.33,0.41,caller
cli/src/ble_mesh.rs,drop,rust,0.79,1.33,0.4,sibling
cli/src/ledger.rs,new,rust,0.84,1.33,0.41000000000000003,sibling
cli/src/server.rs,invalid_envelope_key_does_not_win_over_valid_sender_id,rust,0.77,1.33,0.41000000000000003,sibling
core/src/abuse/reputation.rs,test_positive_signals_increase_score,rust,0.78,1.33,0.41,callee
core/src/iron_core.rs,stop,rust,0.81,1.33,0.39,callee
core/src/mobile_bridge.rs,compute_relay_adjustment,rust,0.82,1.33,0.41000000000000003,caller
core/src/notification.rs,base_message,rust,0.79,1.33,0.39,caller
core/src/notification.rs,foreground_direct_messages_follow_foreground_toggle,rust,0.76,1.33,0.43,callee
core/src/privacy/cover.rs,test_cover_message_creation,rust,0.81,1.33,0.39,sibling
core/src/relay/peer_exchange.rs,test_peer_message_conversion,rust,0.77,1.33,0.39999999999999997,callee
core/src/routing/local.rs,test_update_peer_hints,rust,0.79,1.33,0.38,sibling
core/src/routing/neighborhood.rs,update_gateway,rust,0.8,1.33,0.38,callee
core/src/store/ledger_entry.rs,annotate_identity,rust,0.81,1.33,0.39,callee
core/src/store/relay_custody.rs,synthetic_storage_snapshot,rust,0.79,1.33,0.4,caller
core/src/transport/ble/l2cap.rs,evict_expired,rust,0.8,1.33,0.37,caller
core/src/transport/diagnostics.rs,entries,rust,0.78,1.33,0.41,caller
core/src/transport/dial_policy.rs,complete_dial_attempt,rust,0.84,1.33,0.39,caller
core/src/transport/hint_store.rs,annotate_keeps_dialable_hints_and_strips_p2p_suffix,rust,0.82,1.33,0.43000000000000005,callee
core/src/transport/relay_health.rs,is_healthy,rust,0.79,1.33,0.37,caller
core/src/transport/relay_health.rs,reset_attempts,rust,0.75,1.33,0.38999999999999996,sibling
core/src/transport/swarm.rs,allow_failover_reexchange,rust,0.83,1.33,0.39,none
core/src/transport/wifi_aware.rs,get_active_data_paths,rust,0.83,1.33,0.38,caller
core/src/transport/wifi_direct.rs,set_group_info,rust,0.83,1.33,0.38,caller
core/tests/property/message_serialization.rs,arb_envelope,rust,0.78,1.33,0.39999999999999997,sibling
core/tests/test_mesh_routing.rs,test_bootstrap_capability,rust,0.83,1.33,0.41000000000000003,sibling
iOS/SCMessenger/SCMessenger/Data/MeshRepository.swift,isIdentityInitialized,swift,0.79,1.33,0.4,callee
iOS/SCMessenger/SCMessenger/Data/MeshRepository.swift,decodeMessageWithIdentityHints,swift,0.84,1.33,0.38,sibling
iOS/SCMessenger/SCMessenger/Data/MeshRepository.swift,setNotificationActiveConversation,swift,0.82,1.33,0.38,callee
iOS/SCMessenger/SCMessenger/Data/MeshRepository.swift,startCoverTrafficLoopIfEnabled,swift,0.87,1.33,0.38,caller
iOS/SCMessenger/SCMessenger/Generated/api.swift,getAuditEventsByType,swift,0.79,1.33,0.42,callee
iOS/SCMessenger/SCMessenger/Generated/api.swift,write,swift,0.81,1.33,0.42000000000000004,callee
iOS/SCMessenger/SCMessenger/Generated/api.swift,write,swift,0.82,1.33,0.4,callee
iOS/SCMessenger/SCMessenger/Services/IosPlatformBridge.swift,onBatteryChanged,swift,0.83,1.33,0.41,caller
iOS/SCMessenger/SCMessenger/Transport/MultipeerTransport.swift,clearInviteTracking,swift,0.84,1.33,0.39,caller
iOS/SCMessenger/SCMessenger/Transport/MultipeerTransport.swift,startAdvertising,swift,0.85,1.33,0.39,sibling
iOS/SCMessenger/SCMessenger/Transport/SmartTransportRouter.swift,getHealthSummary,swift,0.8,1.33,0.38,caller
iOS/SCMessenger/SCMessenger/Utils/NotificationLogger.swift,log,swift,0.83,1.33,0.37,callee
iOS/SCMessenger/SCMessenger/ViewModels/ContactsViewModel.swift,preferredContact,swift,0.76,1.33,0.39,caller
iOS/SCMessengerCore.xcframework/ios-arm64-simulator/Headers/SCMessengerCore.swift,count,swift,0.77,1.33,0.41,callee
iOS/SCMessengerCore.xcframework/ios-arm64-simulator/Headers/SCMessengerCore.swift,withStorageAndLogs,swift,0.83,1.33,0.41,callee
iOS/SCMessengerCore.xcframework/ios-arm64-simulator/Headers/SCMessengerCore.swift,markMessageSent,swift,0.81,1.33,0.41000000000000003,caller
iOS/SCMessengerCore.xcframework/ios-arm64/Headers/SCMessengerCore.swift,markMessageSent,swift,0.82,1.33,0.41000000000000003,caller
wasm/src/lib.rs,prepare_message,rust,0.83,1.33,0.38,caller
android/app/src/main/java/com/scmessenger/android/data/MeshRepository.kt,exportIdentityBackup,kotlin,0.83,1.33,0.38,caller
core/src/iron_core.rs,crypto01_spoofed_payload_sender_id_cannot_decide_attribution,rust,0.83,1.33,0.43,sibling
core/src/privacy/onion.rs,test_peel_layer_hybrid_relay,rust,0.82,1.33,0.39,callee
core/src/relay/findmy.rs,test_is_our_wakeup_match,rust,0.8,1.33,0.41,callee
core/src/store/contacts.rs,add_canonicalizes_self_certifying_binding,rust,0.82,1.33,0.41000000000000003,callee
core/tests/integration_ratchet_persistence.rs,ratchet_persistence_out_of_order_messages,rust,0.82,1.33,0.42,sibling
android/app/src/main/java/com/scmessenger/android/data/MeshRepository.kt,recordSuccess,kotlin,0.81,1.32,0.39,caller
android/app/src/main/java/com/scmessenger/android/data/MeshRepository.kt,ensureLocalIdentityFederation,kotlin,0.83,1.32,0.38,caller
android/app/src/main/java/com/scmessenger/android/data/MeshRepository.kt,recordConnectionFailure,kotlin,0.8,1.32,0.43,callee
android/app/src/main/java/com/scmessenger/android/service/MeshEventBus.kt,emitUiEvent,kotlin,0.84,1.32,0.38,caller
android/app/src/main/java/com/scmessenger/android/transport/TransportHealthMonitor.kt,getHealth,kotlin,0.79,1.32,0.42,callee
android/app/src/main/java/com/scmessenger/android/transport/WifiAwareTransport.kt,send,kotlin,0.82,1.32,0.4,sibling
android/app/src/main/java/com/scmessenger/android/transport/ble/BleScanner.kt,setBackgroundMode,kotlin,0.79,1.32,0.37,callee
android/app/src/main/java/com/scmessenger/android/utils/CircuitBreaker.kt,recordSuccess,kotlin,0.79,1.32,0.38,callee
android/app/src/main/java/com/scmessenger/android/utils/DeepLinkValidator.kt,isOnSameSubnet,kotlin,0.8,1.32,0.41000000000000003,caller
android/app/src/main/java/com/scmessenger/android/utils/PeerKeyUtils.kt,generateFallbackPeerId,kotlin,0.8,1.32,0.4,caller
android/app/src/test/java/com/scmessenger/android/data/NicknameAuthorityTest.kt,`synthetic incoming never beats real existing`,kotlin,0.75,1.32,0.41000000000000003,sibling
android/app/src/test/java/com/scmessenger/android/utils/DiagnosticsShareControllerTest.kt,setup,kotlin,0.79,1.32,0.39,callee
android/app/src/test/java/com/scmessenger/android/utils/NotificationGateTest.kt,updateSettings_reEnablesGlobalGate,kotlin,0.79,1.32,0.4,callee
cli/src/bootstrap.rs,merge_bootstrap_nodes,rust,0.8,1.32,0.38,sibling
core/src/abuse/spam_detection.rs,record_spam_signal,rust,0.83,1.32,0.37,caller
core/src/mobile_bridge.rs,wifi_direct_stop_discovery,rust,0.81,1.32,0.41000000000000003,callee
core/src/privacy/cover.rs,default,rust,0.77,1.32,0.39,sibling
core/src/relay/client.rs,connect_quic,rust,0.79,1.32,0.41,caller
core/src/relay/findmy.rs,test_beacon_manager_should_broadcast,rust,0.74,1.32,0.41000000000000003,callee
core/src/relay/protocol.rs,is_relay,rust,0.83,1.32,0.42,none
core/src/routing/adaptive_ttl.rs,record_activity,rust,0.77,1.32,0.38,callee
core/src/routing/engine.rs,test_tick_returns_maintenance,rust,0.73,1.32,0.4,callee
core/src/routing/multipath.rs,record_success,rust,0.8,1.32,0.38,callee
core/src/routing/negative_cache.rs,test_bloom_filter_basic,rust,0.74,1.32,0.43,callee
core/src/routing/optimized_engine.rs,current_discovery_phase,rust,0.74,1.32,0.4,caller
core/src/store/history.rs,flush,rust,0.81,1.32,0.41,caller
core/src/store/ledger_entry.rs,export_seed_entries,rust,0.83,1.32,0.42,callee
core/src/transport/ble/l2cap.rs,state,rust,0.77,1.32,0.43,caller
core/src/transport/health.rs,record_successful_connection,rust,0.81,1.32,0.39999999999999997,caller
core/src/transport/mesh_routing.rs,ranked_routes,rust,0.8,1.32,0.36000000000000004,caller
core/src/transport/reflection.rs,test_request_default,rust,0.72,1.32,0.39,callee
core/src/transport/swarm.rs,build_routable_relay_addrs,rust,0.81,1.32,0.38,caller
iOS/SCMessenger/SCMessenger/Data/MeshRepository.swift,persistIdentityBackupToKeychainAsync,swift,0.83,1.32,0.38999999999999996,callee
iOS/SCMessenger/SCMessenger/Data/MeshRepository.swift,clearNotificationRequestPending,swift,0.81,1.32,0.38,caller
iOS/SCMessenger/SCMessenger/Data/MeshRepository.swift,startPendingOutboxRetryLoop,swift,0.84,1.32,0.37,callee
iOS/SCMessenger/SCMessenger/Data/MeshRepository.swift,resetAllData,swift,0.83,1.32,0.38,caller
iOS/SCMessenger/SCMessenger/Generated/api.swift,seedAddresses,swift,0.79,1.32,0.38999999999999996,caller
iOS/SCMessenger/SCMessenger/Transport/BLEL2CAPManager.swift,openChannel,swift,0.83,1.32,0.37,sibling
iOS/SCMessengerCore.xcframework/ios-arm64-simulator/Headers/SCMessengerCore.swift,write,swift,0.8,1.32,0.41000000000000003,callee
iOS/SCMessengerTests/OutboxRetryPolicyTests.swift,testTransportSettingsPersistWithoutLiveActionsWhenServiceIsStopped,swift,0.76,1.32,0.41000000000000003,callee
wasm/src/mesh.rs,update_relay_stats,rust,0.82,1.32,0.37,caller
wasm/src/transport.rs,state,rust,0.78,1.32,0.4,callee
core/src/privacy/onion.rs,test_construct_onion_mixed_path,rust,0.81,1.32,0.41,callee
core/src/store/ledger_entry.rs,pair_gate_rejects_base58_case_variants,rust,0.79,1.32,0.42,sibling
core/tests/integration_backup.rs,backup_custom_salt_roundtrip,rust,0.83,1.32,0.43,callee
android/app/src/main/java/com/scmessenger/android/data/MeshRepository.kt,checkMeshParticipationEnabled,kotlin,0.75,1.31,0.43,callee
android/app/src/main/java/com/scmessenger/android/data/MeshRepository.kt,ensureServiceInitialized,kotlin,0.83,1.31,0.36000000000000004,callee
android/app/src/main/java/com/scmessenger/android/data/MeshRepository.kt,searchMessages,kotlin,0.79,1.31,0.36000000000000004,callee
android/app/src/main/java/com/scmessenger/android/data/MeshRepository.kt,readLedgerEntriesFromDiskUncached,kotlin,0.81,1.31,0.37,callee
android/app/src/main/java/com/scmessenger/android/notification/NotificationActionReceiver.kt,handleReply,kotlin,0.82,1.31,0.37,caller
android/app/src/main/java/com/scmessenger/android/transport/NetworkDetector.kt,redetectCurrentNetworkLocked,kotlin,0.8,1.31,0.36000000000000004,callee
android/app/src/main/java/com/scmessenger/android/transport/ble/BleScanner.kt,matchesMeshAdvertisement,kotlin,0.79,1.31,0.37,none
android/app/src/main/java/com/scmessenger/android/transport/ble/BleScanner.kt,pruneOldPeers,kotlin,0.8,1.31,0.37,caller
android/app/src/main/java/com/scmessenger/android/ui/dashboard/PeerListScreen.kt,TransportBadge,kotlin,0.74,1.31,0.39,caller
android/app/src/main/java/com/scmessenger/android/ui/screens/DashboardScreen.kt,PeerItem,kotlin,0.76,1.31,0.37,caller
android/app/src/main/java/com/scmessenger/android/ui/viewmodels/ConversationsViewModel.kt,blockPeer,kotlin,0.82,1.31,0.37,caller
android/app/src/main/java/com/scmessenger/android/ui/viewmodels/ConversationsViewModel.kt,clearError,kotlin,0.76,1.31,0.38,caller
android/app/src/main/java/com/scmessenger/android/ui/viewmodels/SettingsViewModel.kt,setNotifyDmInForeground,kotlin,0.8,1.31,0.38,callee
android/app/src/main/java/com/scmessenger/android/ui/viewmodels/SettingsViewModel.kt,setContactNickname,kotlin,0.83,1.31,0.37,caller
android/app/src/main/java/com/scmessenger/android/utils/NotificationHelper.kt,trackNotificationEvent,kotlin,0.79,1.31,0.36000000000000004,sibling
android/app/src/test/java/com/scmessenger/android/test/ChatViewModelTest.kt,`peer events update online status`,kotlin,0.83,1.31,0.42000000000000004,none
android/app/src/test/java/com/scmessenger/android/utils/ContactDisplayNameTest.kt,`only localNickname - rendered alone`,kotlin,0.77,1.31,0.42000000000000004,callee
android/app/src/test/java/com/scmessenger/android/utils/DeepLinkValidatorTest.kt,`octal-ambiguous leading zero octets are rejected`,kotlin,0.8,1.31,0.38,callee
core/src/abuse/spam_detection.rs,default,rust,0.79,1.31,0.39,sibling
core/src/abuse/spam_detection.rs,test_record_outbound_cold_contact,rust,0.77,1.31,0.41000000000000003,sibling
core/src/drift/store.rs,insert,rust,0.82,1.31,0.36000000000000004,callee
core/src/iron_core.rs,routing_clear_unreachable_peer,rust,0.79,1.31,0.38,callee
core/src/iron_core.rs,record_spam_signal,rust,0.83,1.31,0.38999999999999996,caller
core/src/mobile_bridge.rs,on_peer_disconnected,rust,0.83,1.31,0.39,caller
core/src/notification.rs,classify_notification,rust,0.78,1.31,0.37,caller
core/src/notification.rs,list_endpoints,rust,0.77,1.31,0.4,caller
core/src/notification.rs,known_contact_defaults_to_direct_message,rust,0.76,1.31,0.42000000000000004,callee
core/src/relay/bootstrap.rs,test_seed_peer,rust,0.77,1.31,0.41,caller
core/src/relay/invite.rs,test_invite_chain_creation,rust,0.74,1.31,0.41000000000000003,sibling
core/src/routing/adaptive_ttl.rs,default,rust,0.72,1.31,0.39999999999999997,callee
core/src/store/contacts.rs,contact_bundle_key,rust,0.77,1.31,0.37,caller
core/src/store/ledger_entry.rs,normalize_storage_path,rust,0.8,1.31,0.38,caller
core/src/store/relay_custody.rs,in_memory_with_probe,rust,0.83,1.31,0.38999999999999996,callee
core/src/store/relay_custody.rs,apply_registry_side_effect,rust,0.82,1.31,0.39,callee
core/src/transport/ble/scanner.rs,set_battery_state,rust,0.77,1.31,0.41,caller
core/src/transport/ble/scanner.rs,calculate_scan_duration_ms,rust,0.77,1.31,0.38,callee
core/src/transport/bootstrap.rs,test_bootstrap_manager_creation,rust,0.8,1.31,0.39,callee
core/src/transport/bootstrap.rs,test_env_bootstrap_override,rust,0.77,1.31,0.4,callee
core/src/transport/circuit_breaker.rs,new,rust,0.82,1.31,0.41,sibling
core/src/transport/circuit_breaker.rs,test_get_open_circuits,rust,0.75,1.31,0.38999999999999996,callee
core/src/transport/internet.rs,cleanup_stale_relays,rust,0.83,1.31,0.37,caller
core/src/transport/manager.rs,enqueue,rust,0.81,1.31,0.38,caller
core/src/transport/manager.rs,create_peer_id,rust,0.76,1.31,0.42,none
core/src/transport/relay_health.rs,record_attempt,rust,0.83,1.31,0.39999999999999997,sibling
core/src/transport/reputation.rs,is_abusive,rust,0.74,1.31,0.4,caller
core/src/transport/swarm.rs,prune_duplicate_window,rust,0.82,1.31,0.38,caller
core/src/transport/swarm.rs,mdns_filter_drops_circuit_addresses,rust,0.8,1.31,0.41000000000000003,callee
core/src/transport/swarm.rs,detect_and_log_port_mismatch,rust,0.85,1.31,0.38,callee
core/src/wasm_support/transport.rs,connected_relays,rust,0.82,1.31,0.38,sibling
core/tests/integration_dial_policy.rs,test_dial_policy_manager_concurrent_limit,rust,0.75,1.31,0.42000000000000004,sibling
iOS/SCMessenger/SCMessenger/Data/MeshRepository.swift,getIdentityInfo,swift,0.81,1.31,0.39,caller
iOS/SCMessenger/SCMessenger/Data/MeshRepository.swift,awaitPeerConnection,swift,0.82,1.31,0.38,caller
iOS/SCMessenger/SCMessenger/Generated/api.swift,write,swift,0.77,1.31,0.42000000000000004,callee
iOS/SCMessenger/SCMessenger/Services/IosPlatformBridge.swift,onBleDataReceived,swift,0.83,1.31,0.38,callee
iOS/SCMessenger/SCMessenger/Services/MeshBackgroundService.swift,simulateBackgroundRefresh,swift,0.81,1.31,0.37,callee
iOS/SCMessenger/SCMessenger/Transport/BLEPeripheralManager.swift,setIdentityData,swift,0.83,1.31,0.38,caller
iOS/SCMessenger/SCMessenger/Transport/SmartTransportRouter.swift,resetHealth,swift,0.82,1.31,0.36,sibling
iOS/SCMessenger/SCMessenger/Transport/mDNSServiceDiscovery.swift,netServiceDidResolveAddress,swift,0.82,1.31,0.37,sibling
iOS/SCMessenger/SCMessenger/Views/Dashboard/MeshDashboardView.swift,deduplicationPriority,swift,0.76,1.31,0.37,caller
iOS/SCMessengerCore.xcframework/ios-arm64/Headers/SCMessengerCore.swift,write,swift,0.81,1.31,0.4,callee
iOS/SCMessengerCore.xcframework/ios-arm64/Headers/SCMessengerCore.swift,write,swift,0.81,1.31,0.41000000000000003,callee
iOS/SCMessengerTests/NotificationVerificationTests.swift,testNotificationSettingsRetrieval,swift,0.75,1.31,0.4,sibling
wasm/src/connection_state.rs,set_onopen,rust,0.82,1.31,0.41,caller
wasm/src/daemon_bridge.rs,set_max_reconnect_attempts,rust,0.84,1.31,0.38,callee
wasm/src/worker.rs,last_sync,rust,0.81,1.31,0.38,caller
wasm/src/worker.rs,status,rust,0.8,1.31,0.39,sibling
wasm/src/worker.rs,test_push_notification_payload,rust,0.82,1.31,0.4,sibling
core/src/crypto/session_manager.rs,generate_signing_key,rust,0.76,1.31,0.39,callee
core/src/drift/relay.rs,test_rate_limiting,rust,0.82,1.31,0.41000000000000003,callee
core/src/identity/store.rs,test_store_persistence_across_instances,rust,0.84,1.31,0.39,sibling
core/tests/integration_backup.rs,iron_core_backup_export_and_import_emit_audit_events,rust,0.85,1.31,0.41000000000000003,callee
core/tests/integration_ratchet_persistence.rs,ratchet_session_persistence_roundtrip,rust,0.84,1.31,0.41,sibling
core/tests/integration_ratchet_persistence.rs,ratchet_session_multiple_peers_persist,rust,0.84,1.31,0.38,sibling
android/app/src/main/java/com/scmessenger/android/data/MeshRepository.kt,isSelfCertifyingKeyBinding,kotlin,0.8,1.3,0.37,callee
android/app/src/main/java/com/scmessenger/android/data/MeshRepository.kt,backupCorruptedDatabase,kotlin,0.85,1.3,0.36,caller
android/app/src/main/java/com/scmessenger/android/service/AndroidPlatformBridge.kt,onEnteringForeground,kotlin,0.79,1.3,0.39999999999999997,caller
android/app/src/main/java/com/scmessenger/android/service/MeshEventBus.kt,emitNetworkEvent,kotlin,0.84,1.3,0.37,callee
android/app/src/main/java/com/scmessenger/android/transport/WifiAwareTransport.kt,pump,kotlin,0.85,1.3,0.36000000000000004,caller
android/app/src/main/java/com/scmessenger/android/transport/WifiAwareTransport.kt,close,kotlin,0.83,1.3,0.38,sibling
android/app/src/main/java/com/scmessenger/android/ui/MainActivity.kt,checkPermissions,kotlin,0.83,1.3,0.36,caller
android/app/src/main/java/com/scmessenger/android/ui/viewmodels/ContactsViewModel.kt,scheduleNearbyRemoval,kotlin,0.8,1.3,0.36,caller
android/app/src/main/java/com/scmessenger/android/ui/viewmodels/SettingsViewModel.kt,setNotifyDmRequestInForeground,kotlin,0.8,1.3,0.37,callee
android/app/src/test/java/com/scmessenger/android/utils/ContactDisplayNameTest.kt,`resolveLocalNickname preserves real existing over different real incoming`,kotlin,0.77,1.3,0.37,callee
android/app/src/test/java/com/scmessenger/android/utils/DeepLinkValidatorTest.kt,`10-private off-subnet is rejected`,kotlin,0.78,1.3,0.39,callee
android/app/src/test/java/com/scmessenger/android/utils/NotificationGateTest.kt,nullArgs_leaveGatesUntouched,kotlin,0.71,1.3,0.39,callee
cli/src/ledger.rs,test_merge_shared_entries_and_topics_flow,rust,0.81,1.3,0.39999999999999997,callee
core/src/abuse/spam_detection.rs,test_no_contacts_is_not_spam,rust,0.8,1.3,0.4,callee
core/src/abuse/spam_detection.rs,test_record_spam_signal_accumulates,rust,0.75,1.3,0.38999999999999996,callee
core/src/drift/relay.rs,store,rust,0.81,1.3,0.41,caller
core/src/drift/sync.rs,test_merge_envelopes_into_store,rust,0.76,1.3,0.38,callee
core/src/iron_core.rs,test_only_identity_signing_key,rust,0.81,1.3,0.38,caller
core/src/message/identity_envelope.rs,sample_hints,rust,0.82,1.3,0.39,caller
core/src/privacy/timing.rs,test_compute_jitter_zero_min,rust,0.78,1.3,0.37,callee
core/src/relay/peer_exchange.rs,test_prune_stale,rust,0.74,1.3,0.39,callee
core/src/relay/server.rs,test_is_peer_connected,rust,0.77,1.3,0.41,callee
core/src/routing/global.rs,test_add_multiple_routes_same_destination,rust,0.74,1.3,0.42,sibling
core/src/routing/global.rs,test_remove_routes_via_peer,rust,0.76,1.3,0.41000000000000003,sibling
core/src/routing/negative_cache.rs,prune_below_confidence,rust,0.79,1.3,0.38,sibling
core/src/routing/resume_prefetch.rs,decay,rust,0.8,1.3,0.37,sibling
core/src/routing/resume_prefetch.rs,record_message,rust,0.78,1.3,0.36000000000000004,callee
core/src/routing/timeout_budget.rs,test_phase_estimated_durations,rust,0.76,1.3,0.38,sibling
core/src/store/ledger_entry.rs,public_key_hex_from_libp2p_peer_id,rust,0.79,1.3,0.36,caller
core/src/store/ledger_entry.rs,get_preferred_relays,rust,0.79,1.3,0.37,caller
core/src/store/outbox.rs,resolve_queue_key,rust,0.73,1.3,0.38,callee
core/src/store/storage.rs,test_disk_stats_default,rust,0.72,1.3,0.41000000000000003,sibling
core/src/store/transport_memory.rs,new,rust,0.78,1.3,0.4,sibling
core/src/transport/abstraction.rs,test_transport_type_hash,rust,0.69,1.3,0.41000000000000003,sibling
core/src/transport/discovery.rs,with_advertise_protocols,rust,0.81,1.3,0.36,caller
core/src/transport/nat.rs,get_relay_circuit,rust,0.83,1.3,0.38999999999999996,sibling
core/src/transport/relay_health.rs,add_fallback_relay,rust,0.81,1.3,0.37,caller
core/src/wasm_support/mesh.rs,get_identity_info,rust,0.81,1.3,0.38,sibling
core/tests/mocks/transport.rs,add_peer,rust,0.81,1.3,0.4,caller
desktop_bridge/src/tray.rs,test_tray_unread,rust,0.73,1.3,0.39,callee
iOS/SCMessenger/SCMessenger/Data/MeshRepository.swift,exportDiagnosticsInternal,swift,0.82,1.3,0.37,caller
iOS/SCMessenger/SCMessenger/Data/MeshRepository.swift,savePendingOutbox,swift,0.84,1.3,0.35000000000000003,caller
iOS/SCMessenger/SCMessenger/Generated/api.swift,withStorage,swift,0.82,1.3,0.39,callee
iOS/SCMessenger/SCMessenger/Generated/api.swift,getConnectionPathState,swift,0.76,1.3,0.38999999999999996,callee
iOS/SCMessenger/SCMessenger/Services/NotificationManager.swift,handleNotificationTap,swift,0.81,1.3,0.36,caller
iOS/SCMessenger/SCMessenger/Transport/BLECentralManager.swift,connectedPeripheralIds,swift,0.79,1.3,0.38,callee
iOS/SCMessenger/SCMessenger/Transport/BLECentralManager.swift,performScanCycle,swift,0.82,1.3,0.37,caller
iOS/SCMessenger/SCMessenger/Transport/BLEPeripheralManager.swift,setRotationInterval,swift,0.79,1.3,0.36000000000000004,callee
iOS/SCMessenger/SCMessenger/Transport/BLEPeripheralManager.swift,appendRepositoryDiagnostic,swift,0.8,1.3,0.38,callee
core/src/relay/findmy.rs,test_encode_decode_message_flag_false,rust,0.79,1.3,0.37,callee
android/app/src/main/java/com/scmessenger/android/data/MeshRepository.kt,notifyNetworkRecovered,kotlin,0.82,1.29,0.36000000000000004,caller
android/app/src/main/java/com/scmessenger/android/data/MeshRepository.kt,isIdentityInitialized,kotlin,0.85,1.29,0.38,caller
android/app/src/main/java/com/scmessenger/android/data/MeshRepository.kt,getPublicInternetRelayMultiaddrs,kotlin,0.78,1.29,0.39,callee
android/app/src/main/java/com/scmessenger/android/notification/NotificationActionReceiver.kt,handleOpenRequests,kotlin,0.82,1.29,0.34,caller
android/app/src/main/java/com/scmessenger/android/service/AndroidPlatformBridge.kt,cleanup,kotlin,0.84,1.29,0.37,caller
android/app/src/main/java/com/scmessenger/android/service/AndroidPlatformBridge.kt,updateNetworkState,kotlin,0.82,1.29,0.35000000000000003,caller
android/app/src/main/java/com/scmessenger/android/transport/ble/BleBackoffStrategy.kt,getCurrentDelay,kotlin,0.62,1.29,0.39,sibling
android/app/src/main/java/com/scmessenger/android/transport/ble/BleL2capManager.kt,handleIncomingConnection,kotlin,0.8,1.29,0.35000000000000003,callee
android/app/src/main/java/com/scmessenger/android/ui/MainActivity.kt,onPause,kotlin,0.79,1.29,0.36000000000000004,callee
android/app/src/main/java/com/scmessenger/android/ui/chat/MessageBubble.kt,MessageBubble,kotlin,0.75,1.29,0.34,callee
android/app/src/main/java/com/scmessenger/android/ui/components/StatusIndicator.kt,StatusIndicator,kotlin,0.74,1.29,0.35000000000000003,caller
android/app/src/main/java/com/scmessenger/android/ui/viewmodels/ContactsViewModel.kt,dismissNearbyPeer,kotlin,0.8,1.29,0.35000000000000003,sibling
android/app/src/main/java/com/scmessenger/android/ui/viewmodels/SettingsViewModel.kt,updateBatteryFloor,kotlin,0.78,1.29,0.36000000000000004,callee
android/app/src/main/java/com/scmessenger/android/ui/viewmodels/SettingsViewModel.kt,overrideBleScanInterval,kotlin,0.77,1.29,0.36,caller
android/app/src/main/java/com/scmessenger/android/ui/viewmodels/SettingsViewModel.kt,getNetworkDiagnosticsReport,kotlin,0.82,1.29,0.34,callee
android/app/src/main/java/com/scmessenger/android/ui/viewmodels/SettingsViewModel.kt,handleBleFailure,kotlin,0.78,1.29,0.37,caller
android/shared/src/desktopMain/kotlin/com/scmessenger/shared/desktop/Main.kt,MainWindowComposable,kotlin,0.86,1.29,0.33,sibling
core/src/mobile_bridge.rs,is_available,rust,0.74,1.29,0.38999999999999996,callee
core/src/mobile_bridge.rs,get_peers_blocking,rust,0.8,1.29,0.35000000000000003,callee
core/src/notification.rs,base_ui_state,rust,0.74,1.29,0.38,sibling
core/src/routing/local.rs,update_reliability,rust,0.79,1.29,0.34,caller
core/src/routing/resume_prefetch.rs,test_frequent_peer_tracking,rust,0.77,1.29,0.39,sibling
core/src/store/inbox.rs,test_deduplication,rust,0.79,1.29,0.39999999999999997,callee
core/src/store/outbox.rs,key_holds_messages,rust,0.79,1.29,0.36,caller
core/src/transport/bootstrap.rs,add_bootstrap_node,rust,0.84,1.29,0.35000000000000003,caller
core/src/transport/health.rs,record_message_failure,rust,0.79,1.29,0.38999999999999996,caller
core/src/transport/manager.rs,test_transports_for_peer,rust,0.79,1.29,0.4,callee
core/src/transport/multiport.rs,report,rust,0.79,1.29,0.38,caller
core/src/transport/nat.rs,get_active_circuits,rust,0.8,1.29,0.38,sibling
core/src/transport/observation.rs,all_observations,rust,0.77,1.29,0.37,caller
core/src/transport/swarm.rs,prune_peer_relay_use,rust,0.8,1.29,0.36000000000000004,caller
core/src/transport/swarm.rs,record_negotiation_failure_and_check_burst,rust,0.82,1.29,0.38999999999999996,callee
core/src/transport/swarm.rs,consume_global_token,rust,0.83,1.29,0.37,sibling
core/src/transport/swarm.rs,publish_delivery_convergence_marker,rust,0.83,1.29,0.35000000000000003,callee
core/src/wasm_support/transport.rs,remove_relay,rust,0.82,1.29,0.37,caller
core/tests/integration_offline_partition_matrix.rs,queued_message,rust,0.8,1.29,0.38,caller
iOS/SCMessenger/SCMessenger/Data/MeshRepository.swift,checkpointPersistentState,swift,0.83,1.29,0.36,callee
iOS/SCMessenger/SCMessenger/Data/MeshRepository.swift,discoverRoutePeersForPublicKey,swift,0.83,1.29,0.35000000000000003,caller
iOS/SCMessenger/SCMessenger/Data/MeshRepository.swift,buildBeacon,swift,0.81,1.29,0.35000000000000003,caller
iOS/SCMessenger/SCMessenger/Data/MeshRepository.swift,getTopics,swift,0.8,1.29,0.38,caller
iOS/SCMessenger/SCMessenger/Generated/api.swift,publicKeyHex,swift,0.79,1.29,0.38,callee
iOS/SCMessenger/SCMessenger/Transport/BLEL2CAPManager.swift,closeChannel,swift,0.81,1.29,0.36000000000000004,caller
iOS/SCMessenger/SCMessenger/Transport/MultipeerTransport.swift,identitySnippetForDisplayName,swift,0.8,1.29,0.36,callee
iOS/SCMessenger/SCMessenger/Transport/mDNSServiceDiscovery.swift,stopAdvertising,swift,0.82,1.29,0.34,callee
iOS/SCMessenger/SCMessenger/Views/Contacts/ContactsListView.swift,dataScanner,swift,0.85,1.29,0.36,callee
iOS/SCMessenger/SCMessenger/Views/Navigation/MainTabView.swift,preferredContact,swift,0.75,1.29,0.4,caller
iOS/SCMessengerCore.xcframework/ios-arm64-simulator/Headers/SCMessengerCore.swift,write,swift,0.83,1.29,0.38,callee
iOS/SCMessengerCore.xcframework/ios-arm64/Headers/SCMessengerCore.swift,write,swift,0.82,1.29,0.39,callee
iOS/SCMessengerCore.xcframework/ios-arm64/Headers/SCMessengerCore.swift,FfiConverterTypeContact_lower,swift,0.75,1.29,0.4,callee
iOS/SCMessengerTests/NotificationVerificationTests.swift,setUp,swift,0.76,1.29,0.38,caller
wasm/src/worker.rs,config,rust,0.79,1.29,0.4,caller
core/tests/integration_contact_block.rs,test_unblock_restores_hidden_message_visibility,rust,0.83,1.29,0.39,sibling
core/tests/integration_e00_ratchet_wiring.rs,test_ratchet_roundtrip_two_messages,rust,0.8,1.29,0.37,callee
core/tests/integration_wp1_identity_unification.rs,a_verified_recipient_still_encrypts,rust,0.8,1.29,0.4,callee
android/app/src/main/java/com/scmessenger/android/data/MeshRepository.kt,logRetryStormDetection,kotlin,0.81,1.28,0.36000000000000004,caller
android/app/src/main/java/com/scmessenger/android/data/MeshRepository.kt,getContactCount,kotlin,0.75,1.28,0.35000000000000003,callee
android/app/src/main/java/com/scmessenger/android/data/MeshRepository.kt,applyTransportSettings,kotlin,0.82,1.28,0.36,callee
android/app/src/main/java/com/scmessenger/android/data/MeshRepository.kt,setRelayBudget,kotlin,0.8,1.28,0.35000000000000003,caller
android/app/src/main/java/com/scmessenger/android/service/AnrWatchdog.kt,showBusyIndicator,kotlin,0.79,1.28,0.34,caller
android/app/src/main/java/com/scmessenger/android/transport/ble/BleQuotaManager.kt,checkQuota,kotlin,0.69,1.28,0.36000000000000004,caller
android/app/src/main/java/com/scmessenger/android/transport/ble/BleScanner.kt,stopScanning,kotlin,0.79,1.28,0.36,callee
android/app/src/main/java/com/scmessenger/android/ui/identity/IdentityProgressDisplay.kt,IdentityProgressDisplay,kotlin,0.79,1.28,0.37,caller
android/app/src/main/java/com/scmessenger/android/ui/viewmodels/ChatViewModel.kt,setPeer,kotlin,0.82,1.28,0.36,callee
android/app/src/main/java/com/scmessenger/android/ui/viewmodels/ConversationsViewModel.kt,blockAndDeletePeer,kotlin,0.8,1.28,0.35000000000000003,caller
android/app/src/main/java/com/scmessenger/android/utils/FileLoggingTree.kt,log,kotlin,0.81,1.28,0.36000000000000004,sibling
android/app/src/main/java/com/scmessenger/android/utils/NetworkFailureMetrics.kt,hasPortBlocking,kotlin,0.68,1.28,0.36,sibling
android/app/src/test/java/com/scmessenger/android/utils/ContactDisplayNameTest.kt,`resolveLocalNickname falls back to existing synthetic when nothing real`,kotlin,0.8,1.28,0.37,callee
android/app/src/test/java/com/scmessenger/android/utils/DeepLinkValidatorTest.kt,`valid public IPv6 multiaddr is accepted`,kotlin,0.8,1.28,0.39999999999999997,callee
android/app/src/test/java/com/scmessenger/android/utils/DeepLinkValidatorTest.kt,`multiaddr without tcp is dropped`,kotlin,0.79,1.28,0.36,callee
android/app/src/test/java/com/scmessenger/android/utils/NotificationGateTest.kt,perKindGates_areIndependent,kotlin,0.76,1.28,0.38,callee
android/app/src/test/java/com/scmessenger/android/utils/PeerIdValidatorCanonicalTest.kt,`empty and unknown ids stay stable`,kotlin,0.8,1.28,0.38,callee
cli/src/bootstrap.rs,default_bootstrap_nodes,rust,0.77,1.28,0.37,caller
cli/src/ledger.rs,is_known_good_key,rust,0.77,1.28,0.35000000000000003,caller
cli/tests/integration_peer_identified_gate.rs,identify_advertised_dns_never_becomes_a_dial_target,rust,0.8,1.28,0.4,sibling
core/src/abuse/auto_block.rs,exempt_peer,rust,0.83,1.28,0.37,caller
core/src/dspy/modules.rs,add_step,rust,0.79,1.28,0.36,sibling
core/src/mobile_bridge.rs,shutdown,rust,0.82,1.28,0.38999999999999996,callee
core/src/notification.rs,clear_message_notifications,rust,0.78,1.28,0.37,sibling
core/src/relay/client.rs,set_state,rust,0.81,1.28,0.36000000000000004,caller
core/src/relay/delegate_prewarm.rs,new,rust,0.8,1.28,0.37,sibling
core/src/relay/invite.rs,with_seed_ledger,rust,0.81,1.28,0.35000000000000003,caller
core/src/routing/global.rs,with_limits,rust,0.81,1.28,0.37,callee
core/src/routing/global.rs,test_unique_destination_count,rust,0.74,1.28,0.4,sibling
core/src/store/contacts.rs,count,rust,0.81,1.28,0.38,callee
core/src/store/outbox.rs,make_msg,rust,0.8,1.28,0.36000000000000004,sibling
core/src/store/storage.rs,make_storage_manager,rust,0.81,1.28,0.39,callee
core/src/transport/escalation.rs,escalation_score,rust,0.78,1.28,0.35000000000000003,caller
core/src/transport/health.rs,update_state,rust,0.79,1.28,0.36,caller
core/src/transport/health.rs,register_state_change_callback,rust,0.85,1.28,0.36000000000000004,sibling
core/src/transport/mesh_routing.rs,record_recipient_seen_via_relay_from_wire,rust,0.76,1.28,0.35000000000000003,callee
core/src/transport/observation.rs,external_addresses,rust,0.81,1.28,0.38,caller
core/src/transport/swarm.rs,negotiation_failure_counts,rust,0.82,1.28,0.39,caller
core/src/transport/swarm.rs,per_peer_budget_use_accumulates_and_reports_unknown_peers_as_unused,rust,0.74,1.28,0.41000000000000003,callee
core/src/wasm_support/rpc.rs,notif_mesh_topology,rust,0.79,1.28,0.36,callee
core/tests/integration_local_mesh_node3.rs,test_reputation_score_classification_and_math,rust,0.76,1.28,0.41,callee
core/tests/test_multiport.rs,test_requires_elevated_privileges,rust,0.72,1.28,0.41000000000000003,none
iOS/SCMessenger/SCMessenger/Data/MeshRepository.swift,resetServiceStats,swift,0.81,1.28,0.36000000000000004,callee
iOS/SCMessenger/SCMessenger/Data/MeshRepository.swift,clearDiagnostics,swift,0.81,1.28,0.34,caller
iOS/SCMessenger/SCMessenger/Services/IosPlatformBridge.swift,reportBatteryState,swift,0.8,1.28,0.35000000000000003,caller
iOS/SCMessenger/SCMessenger/Transport/MultipeerTransport.swift,disconnect,swift,0.82,1.28,0.35000000000000003,caller
iOS/SCMessenger/SCMessenger/ViewModels/ContactsViewModel.swift,isSameNearbyIdentity,swift,0.78,1.28,0.35000000000000003,callee
iOS/SCMessengerCore.xcframework/ios-arm64/Headers/SCMessengerCore.swift,FfiConverterTypeSwarmBridge_lower,swift,0.77,1.28,0.4,callee
iOS/SCMessengerCore.xcframework/ios-arm64/Headers/SCMessengerCore.swift,write,swift,0.8,1.28,0.38,callee
iOS/SCMessengerTests/OutboxRetryPolicyTests.swift,testAckedWithoutReceiptStopsAtPatientAgeCeiling,swift,0.74,1.28,0.37,sibling
wasm/src/lib.rs,stop,rust,0.81,1.28,0.4,caller
wasm/src/lib.rs,get_daemon_socket_url,rust,0.83,1.28,0.37,callee
cli/src/api_axum.rs,start_api_server,rust,0.85,1.28,0.35000000000000003,caller
cli/src/main.rs,main,rust,0.83,1.28,0.35,sibling
core/src/privacy/onion.rs,test_construct_onion_classical_only,rust,0.82,1.28,0.38,sibling
core/src/relay/invite.rs,sign_token,rust,0.83,1.28,0.35,callee
core/tests/integration_backup.rs,backup_empty_payload_roundtrip,rust,0.82,1.28,0.39,callee
android/app/src/main/java/com/scmessenger/android/data/MeshRepository.kt,syncNicknameFromDatastore,kotlin,0.79,1.27,0.36,callee
android/app/src/main/java/com/scmessenger/android/di/AppModule.kt,provideNetworkDiagnostics,kotlin,0.76,1.27,0.37,callee
android/app/src/main/java/com/scmessenger/android/service/MeshForegroundService.kt,clearStopRequestIfCurrent,kotlin,0.78,1.27,0.35000000000000003,caller
android/app/src/main/java/com/scmessenger/android/service/MeshVpnService.kt,stopVpn,kotlin,0.8,1.27,0.35000000000000003,sibling
android/app/src/main/java/com/scmessenger/android/transport/WifiDirectTransport.kt,stop,kotlin,0.82,1.27,0.34,callee
android/app/src/main/java/com/scmessenger/android/ui/viewmodels/ChatViewModel.kt,loadContact,kotlin,0.79,1.27,0.33,callee
android/app/src/main/java/com/scmessenger/android/ui/viewmodels/ContactsViewModel.kt,refreshDiscovery,kotlin,0.83,1.27,0.34,caller
android/app/src/main/java/com/scmessenger/android/ui/viewmodels/ContactsViewModel.kt,onCleared,kotlin,0.8,1.27,0.35000000000000003,callee
android/app/src/main/java/com/scmessenger/android/utils/NotificationHelper.kt,buildForegroundServiceNotification,kotlin,0.79,1.27,0.33,caller
android/app/src/test/java/com/scmessenger/android/test/MeshForegroundServiceTest.kt,`pause resolves to Pause when repository running`,kotlin,0.79,1.27,0.37,callee
android/app/src/test/java/com/scmessenger/android/transport/MdnsServiceDiscoveryTest.kt,setUp,kotlin,0.76,1.27,0.36,sibling
android/app/src/test/java/com/scmessenger/android/transport/MdnsServiceDiscoveryTest.kt,`onServiceLost with a different peer-id emits exactly one disconnect`,kotlin,0.8,1.27,0.39999999999999997,sibling
android/app/src/test/java/com/scmessenger/android/utils/ContactImportParserTest.kt,`listener list capped at six entries to match deep-link path`,kotlin,0.78,1.27,0.38,sibling
cli/src/cli.rs,test_cli_parse_send,rust,0.79,1.27,0.38,callee
cli/src/transport_bridge.rs,new,rust,0.8,1.27,0.38,callee
core/src/abuse/spam_detection.rs,new_heuristics_only,rust,0.79,1.27,0.37,callee
core/src/abuse/spam_detection.rs,spam_score,rust,0.77,1.27,0.38,callee
core/src/drift/store.rs,generate_proof,rust,0.79,1.27,0.37,callee
core/src/dspy/modules.rs,add_step,rust,0.8,1.27,0.36,sibling
core/src/dspy/signatures.rs,get_signature,rust,0.81,1.27,0.36,caller
core/src/iron_core.rs,get_libp2p_peer_id,rust,0.8,1.27,0.37,caller
core/src/iron_core.rs,get_disk_stats,rust,0.79,1.27,0.35,caller
core/src/relay/peer_exchange.rs,from_message,rust,0.8,1.27,0.38,caller
core/src/relay/server.rs,create_handshake_ack,rust,0.82,1.27,0.35,callee
core/src/routing/local.rs,new,rust,0.81,1.27,0.37,sibling
core/src/routing/local.rs,summarize,rust,0.78,1.27,0.35000000000000003,caller
core/src/routing/resume_prefetch.rs,complete_refresh,rust,0.75,1.27,0.35,caller
core/src/routing/resume_prefetch.rs,new,rust,0.8,1.27,0.37,sibling
core/src/store/relay_custody.rs,in_memory,rust,0.83,1.27,0.36,callee
core/src/store/relay_custody.rs,len,rust,0.79,1.27,0.37,callee
core/src/store/relay_custody.rs,for_local_peer_prefers_explicit_custody_dir_override,rust,0.79,1.27,0.37,callee
core/src/transport/circuit_breaker.rs,default,rust,0.77,1.27,0.36,sibling
core/src/transport/circuit_breaker.rs,reset_all,rust,0.78,1.27,0.36,caller
core/src/transport/diagnostics.rs,get_network_diagnostics_report_with_telemetry,rust,0.78,1.27,0.37,callee
core/src/transport/health.rs,record_successful_connection,rust,0.82,1.27,0.36000000000000004,caller
core/src/transport/manager.rs,test_peer_disconnected_event,rust,0.81,1.27,0.39,callee
core/src/transport/manager.rs,confirm_stale,rust,0.79,1.27,0.37,callee
core/src/transport/peer_broadcast.rs,peer_disconnected,rust,0.8,1.27,0.37,caller
core/src/transport/reflection.rs,requests_served,rust,0.83,1.27,0.37,sibling
core/src/transport/swarm.rs,build_mdns_dial_addr,rust,0.81,1.27,0.35000000000000003,caller
core/src/wasm_support/rpc.rs,notif_peer_discovered,rust,0.77,1.27,0.36,sibling
iOS/SCMessenger/SCMessenger/Data/MeshRepository.swift,receiptRetryDelaySeconds,swift,0.74,1.27,0.34,caller
iOS/SCMessenger/SCMessenger/Data/MeshRepository.swift,getPlatformSecuredPassphrase,swift,0.83,1.27,0.35000000000000003,caller
iOS/SCMessenger/SCMessenger/Data/MeshRepository.swift,selectCanonicalPeerId,swift,0.78,1.27,0.36000000000000004,caller
iOS/SCMessenger/SCMessenger/Transport/BLEPeripheralManager.swift,sendDataToCentral,swift,0.83,1.27,0.34,sibling
iOS/SCMessengerCore.xcframework/ios-arm64/Headers/SCMessengerCore.swift,write,swift,0.79,1.27,0.39,callee
wasm/src/connection_state.rs,close,rust,0.81,1.27,0.38,callee
wasm/src/notification_manager.rs,save_notification_settings,rust,0.81,1.27,0.35000000000000003,sibling
wasm/src/storage.rs,get_all_messages,rust,0.79,1.27,0.37,caller
core/src/identity/store.rs,test_persistent_store,rust,0.82,1.27,0.36,sibling
core/src/privacy/onion.rs,test_classical_circuit_unchanged,rust,0.81,1.27,0.37,callee
iOS/SCMessenger/SCMessenger/Generated/api.swift,swarmGetBestPaths,swift,0.8,1.27,0.37,callee
AgentSwarmCline/scmessenger_swarm/observability_tests.rs,test_partial_eq_works_correctly,rust,0.67,1.26,0.39,sibling
android/app/src/main/java/com/scmessenger/android/MeshApplication.kt,log,kotlin,0.79,1.26,0.39,sibling
android/app/src/main/java/com/scmessenger/android/data/MeshRepository.kt,loadPendingOutboxAsync,kotlin,0.82,1.26,0.33,callee
android/app/src/main/java/com/scmessenger/android/data/MeshRepository.kt,ownIdentityKeySet,kotlin,0.81,1.26,0.33,callee
android/app/src/main/java/com/scmessenger/android/service/MeshVpnService.kt,startVpn,kotlin,0.81,1.26,0.36,sibling
android/app/src/main/java/com/scmessenger/android/transport/NetworkDetector.kt,getTransportPriority,kotlin,0.76,1.26,0.34,sibling
android/app/src/main/java/com/scmessenger/android/transport/TransportManager.kt,startAll,kotlin,0.83,1.26,0.35000000000000003,caller
android/app/src/main/java/com/scmessenger/android/transport/TransportManager.kt,getAvailableTransports,kotlin,0.81,1.26,0.36000000000000004,caller
android/app/src/main/java/com/scmessenger/android/transport/TransportManager.kt,applyAdvertiseSettings,kotlin,0.82,1.26,0.35,caller
android/app/src/main/java/com/scmessenger/android/transport/ble/BleAdvertiser.kt,startRotation,kotlin,0.8,1.26,0.35000000000000003,callee
android/app/src/main/java/com/scmessenger/android/transport/ble/BleScanner.kt,setScanDutyCycle,kotlin,0.76,1.26,0.34,caller
android/app/src/main/java/com/scmessenger/android/ui/viewmodels/SettingsViewModel.kt,setNotifyDmEnabled,kotlin,0.78,1.26,0.34,callee
android/app/src/main/java/com/scmessenger/android/ui/viewmodels/SettingsViewModel.kt,setBadgeEnabled,kotlin,0.77,1.26,0.34,callee
android/app/src/test/java/com/scmessenger/android/test/MeshRepositoryTest.kt,`fresh install generates new passphrase and saves to encrypted store`,kotlin,0.83,1.26,0.37,sibling
android/app/src/test/java/com/scmessenger/android/transport/ble/BleScannerTest.kt,clearPeerCache_isIdempotentOnEmptyCache,kotlin,0.73,1.26,0.37,callee
android/app/src/test/java/com/scmessenger/android/utils/DeepLinkValidatorTest.kt,`loopback IPv4 range is rejected`,kotlin,0.77,1.26,0.36,callee
android/app/src/test/java/com/scmessenger/android/utils/DeepLinkValidatorTest.kt,`link-local IPv6 is rejected`,kotlin,0.78,1.26,0.36,callee
android/app/src/test/java/com/scmessenger/android/utils/DeepLinkValidatorTest.kt,`multiaddr with trailing slash but no port is dropped`,kotlin,0.78,1.26,0.38,callee
cli/tests/integration_peer_identified_gate.rs,identify_advertised_ssrf_addresses_never_become_dial_targets,rust,0.8,1.26,0.39,sibling
core/src/abuse/auto_block.rs,evaluate,rust,0.79,1.26,0.35000000000000003,callee
core/src/drift/policy.rs,to_relay_config,rust,0.76,1.26,0.34,sibling
core/src/drift/rate_limit.rs,cleanup_expired,rust,0.8,1.26,0.36000000000000004,caller
core/src/identity/keys.rs,test_strict_canonical_decoding_matches_rfc8032,rust,0.78,1.26,0.39,sibling
core/src/observability.rs,prune_before,rust,0.78,1.26,0.35000000000000003,sibling
core/src/relay/peer_exchange.rs,merge_peer_list,rust,0.79,1.26,0.34,callee
core/src/routing/global.rs,pending_requests,rust,0.76,1.26,0.35,caller
core/src/routing/optimized_engine.rs,adaptive_ttl,rust,0.8,1.26,0.38,caller
core/src/routing/timeout_budget.rs,current_phase,rust,0.72,1.26,0.39,sibling
core/src/store/inbox.rs,all_messages,rust,0.79,1.26,0.34,caller
core/src/store/ledger_entry.rs,all_known_topics,rust,0.79,1.26,0.33999999999999997,caller
core/src/store/ledger_entry.rs,dialable_candidates_include_operator_bootstraps_before_first_success,rust,0.79,1.26,0.37,callee
core/src/store/outbox.rs,default_true,rust,0.72,1.26,0.39,none
core/src/transport/ble/scanner.rs,default,rust,0.74,1.26,0.35,sibling
core/src/transport/discovery.rs,new,rust,0.81,1.26,0.35,sibling
core/src/transport/multiport.rs,test_generate_listen_addresses_custom_ports,rust,0.77,1.26,0.37,callee
core/src/transport/reputation.rs,neutral,rust,0.77,1.26,0.37,caller
core/src/transport/reputation.rs,is_suspicious,rust,0.75,1.26,0.36,caller
core/src/transport/swarm.rs,purge_custody_dispatches_for_message,rust,0.82,1.26,0.35000000000000003,caller
core/src/wasm_support/transport.rs,relay_state,rust,0.83,1.26,0.36,sibling
core/tests/integration_ironcore_roundtrip.rs,make_node_with_routing,rust,0.81,1.26,0.37,caller
desktop_bridge/src/desktop_bridge.rs,get_xdg_paths,rust,0.8,1.26,0.36,callee
iOS/SCMessenger/SCMessenger/Data/MeshRepository.swift,checkpointContactPersistence,swift,0.8,1.26,0.35,caller
iOS/SCMessenger/SCMessenger/Data/MeshRepository.swift,writeIdentityBackupToKeychain,swift,0.83,1.26,0.36,caller
iOS/SCMessenger/SCMessenger/Data/MeshRepository.swift,pruneDeliveredReceiptCache,swift,0.78,1.26,0.34,caller
iOS/SCMessenger/SCMessenger/Generated/api.swift,FfiConverterTypeMeshSettings_lower,swift,0.79,1.26,0.39,callee
iOS/SCMessenger/SCMessenger/Services/IosPlatformBridge.swift,sendProximityPacket,swift,0.8,1.26,0.35000000000000003,callee
iOS/SCMessenger/SCMessenger/Services/NotificationManager.swift,categoryIdentifier,swift,0.76,1.26,0.33999999999999997,caller
iOS/SCMessenger/SCMessenger/Transport/BLECentralManager.swift,disconnectAll,swift,0.78,1.26,0.34,caller
iOS/SCMessenger/SCMessenger/Transport/MultipeerTransport.swift,hasConnection,swift,0.8,1.26,0.36,sibling
iOS/SCMessenger/SCMessenger/Transport/mDNSServiceDiscovery.swift,netServiceBrowser,swift,0.81,1.26,0.35,callee
iOS/SCMessengerCore.xcframework/ios-arm64-simulator/Headers/SCMessengerCore.swift,getDeviceId,swift,0.78,1.26,0.37,callee
iOS/SCMessengerCore.xcframework/ios-arm64/Headers/SCMessengerCore.swift,getDeviceId,swift,0.76,1.26,0.37,callee
iOS/SCMessengerCore.xcframework/ios-arm64/Headers/SCMessengerCore.swift,write,swift,0.79,1.26,0.39,callee
wasm/src/connection_state.rs,ready_state,rust,0.76,1.26,0.38,callee
wasm/src/lib.rs,drain_received_messages,rust,0.8,1.26,0.35000000000000003,caller
wasm/src/notification_manager.rs,detect_browser,rust,0.76,1.26,0.36,callee
wasm/src/transport.rs,get_local_sdp,rust,0.82,1.26,0.35,sibling
cli/src/main.rs,serve_apk_stream,rust,0.85,1.26,0.37,caller
core/src/crypto/encrypt.rs,test_encrypt_decrypt_roundtrip,rust,0.8,1.26,0.36,callee
core/tests/integration_backup.rs,backup_identity_roundtrip,rust,0.84,1.26,0.36,sibling
core/tests/integration_wp1_identity_unification.rs,key_hex_uses_only_one_case_on_disk,rust,0.77,1.26,0.38,callee
core/tests/property/identity_roundtrip.rs,test_cross_verification,rust,0.81,1.26,0.37,callee
android/app/src/main/java/com/scmessenger/android/data/MeshRepository.kt,checkReinstallState,kotlin,0.85,1.25,0.35000000000000003,sibling
android/app/src/main/java/com/scmessenger/android/data/MeshRepository.kt,ensureTransportManager,kotlin,0.81,1.25,0.35000000000000003,caller
android/app/src/main/java/com/scmessenger/android/data/MeshRepository.kt,searchContacts,kotlin,0.79,1.25,0.34,callee
android/app/src/main/java/com/scmessenger/android/data/MeshRepository.kt,mergeNotes,kotlin,0.78,1.25,0.37,caller
android/app/src/main/java/com/scmessenger/android/data/MeshRepository.kt,routeCandidateMatchesRecipient,kotlin,0.78,1.25,0.34,callee
android/app/src/main/java/com/scmessenger/android/data/MeshRepository.kt,normalizeExternalAddressHints,kotlin,0.76,1.25,0.33999999999999997,callee
android/app/src/main/java/com/scmessenger/android/network/NetworkTypeDetector.kt,detectNetworkType,kotlin,0.79,1.25,0.32,callee
android/app/src/main/java/com/scmessenger/android/transport/TransportManager.kt,stopAll,kotlin,0.8,1.25,0.32,caller
android/app/src/main/java/com/scmessenger/android/transport/WifiAwareTransport.kt,onLost,kotlin,0.8,1.25,0.35000000000000003,callee
android/app/src/main/java/com/scmessenger/android/transport/WifiTransportManager.kt,sendData,kotlin,0.81,1.25,0.34,caller
android/app/src/main/java/com/scmessenger/android/transport/ble/BleAdvertiser.kt,sendData,kotlin,0.82,1.25,0.33,caller
android/app/src/main/java/com/scmessenger/android/transport/ble/BleGattServer.kt,stop,kotlin,0.81,1.25,0.32,caller
android/app/src/main/java/com/scmessenger/android/ui/MainActivity.kt,onCreate,kotlin,0.85,1.25,0.34,sibling
android/app/src/main/java/com/scmessenger/android/ui/viewmodels/MainViewModel.kt,clearImportState,kotlin,0.77,1.25,0.34,caller
android/app/src/main/java/com/scmessenger/android/ui/viewmodels/SettingsViewModel.kt,setVpnMode,kotlin,0.82,1.25,0.33,caller
android/app/src/main/java/com/scmessenger/android/ui/viewmodels/SettingsViewModel.kt,setNotifyDmRequestEnabled,kotlin,0.79,1.25,0.32,callee
android/app/src/main/java/com/scmessenger/android/ui/viewmodels/SettingsViewModel.kt,setBleRotationIntervalSec,kotlin,0.77,1.25,0.35000000000000003,sibling
android/app/src/test/java/com/scmessenger/android/network/DiagnosticsReporterRelayRecommendationTest.kt,stubHappyPath,kotlin,0.8,1.25,0.35,caller
android/app/src/test/java/com/scmessenger/android/test/MeshRepositoryTest.kt,`parseTransportsFromMultiaddrs detects BLE`,kotlin,0.81,1.25,0.38,callee
android/app/src/test/java/com/scmessenger/android/utils/DeepLinkValidatorTest.kt,`duplicates are removed`,kotlin,0.73,1.25,0.37,callee
android/app/src/test/java/com/scmessenger/android/utils/NotificationHelperGateTest.kt,`explicitly disabled gate suppresses message notification`,kotlin,0.78,1.25,0.37,callee
cli/src/ledger.rs,test_try_begin_dial_blocks_in_flight_reuse,rust,0.79,1.25,0.39,callee
core/src/abuse/reputation.rs,is_abusive,rust,0.75,1.25,0.37,sibling
core/src/crypto/negotiation.rs,test_negotiate_suite_singleton,rust,0.81,1.25,0.37,callee
core/src/drift/policy.rs,test_default_policy_engine,rust,0.76,1.25,0.36,sibling
core/src/drift/sync.rs,make_test_envelope,rust,0.73,1.25,0.35,caller
core/src/mobile_bridge.rs,test_device_state_from_profile,rust,0.77,1.25,0.36,callee
core/src/mobile_bridge.rs,send_ble_packet,rust,0.82,1.25,0.37,callee
core/src/relay/client.rs,set_capabilities,rust,0.82,1.25,0.37,caller
core/src/relay/invite.rs,record_invite,rust,0.82,1.25,0.32,caller
core/src/relay/invite.rs,get_direct_invitations,rust,0.8,1.25,0.36,caller
core/src/relay/invite.rs,test_create_invite_token,rust,0.76,1.25,0.37,callee
core/src/relay/peer_exchange.rs,exchange_peers,rust,0.83,1.25,0.34,callee
core/src/routing/engine.rs,test_routing_summary_structure,rust,0.73,1.25,0.37,sibling
core/src/routing/multipath.rs,prune_below,rust,0.76,1.25,0.31,caller
core/src/routing/negative_cache.rs,test_negative_cache_capacity,rust,0.73,1.25,0.38,callee
core/src/routing/neighborhood.rs,cleanup,rust,0.78,1.25,0.32,caller
core/src/routing/resume_prefetch.rs,next_refresh_hint,rust,0.74,1.25,0.35,caller
core/src/store/contacts.rs,migrate_unprefixed_contacts,rust,0.78,1.25,0.33,sibling
core/src/store/relay_custody.rs,store_compat_mode_defaults_to_phase_a,rust,0.79,1.25,0.35000000000000003,callee
core/src/transport/addr_filter.rs,dns_policy_defaults_to_reject,rust,0.78,1.25,0.39,none
core/src/transport/ble/gatt.rs,uuid,rust,0.78,1.25,0.35,sibling
core/src/transport/ble/l2cap.rs,feed_fragment,rust,0.8,1.25,0.33,caller
core/src/transport/health.rs,record_message_success,rust,0.8,1.25,0.34,caller
core/src/transport/health.rs,record_connection_failure,rust,0.8,1.25,0.35000000000000003,caller
core/src/transport/internet.rs,get_relay_peers,rust,0.82,1.25,0.35,caller
core/src/transport/mesh_routing.rs,calculate_delay,rust,0.75,1.25,0.35000000000000003,caller
core/src/transport/reputation.rs,with_backend,rust,0.8,1.25,0.35000000000000003,callee
core/src/transport/reputation.rs,rate_limit_multiplier,rust,0.8,1.25,0.34,caller
core/src/transport/swarm.rs,consume_peer_token,rust,0.77,1.25,0.33,caller
core/src/wasm_support/transport.rs,active_channels,rust,0.81,1.25,0.35000000000000003,sibling
core/tests/integration_dial_policy.rs,test_dial_policy_multiple_peers,rust,0.8,1.25,0.39,sibling
core/tests/integration_ironcore_roundtrip.rs,on_receipt_received,rust,0.84,1.25,0.36,sibling
iOS/SCMessenger/SCMessenger/Data/MeshRepository.swift,ledgerBootstrapEntries,swift,0.81,1.25,0.33,callee
iOS/SCMessenger/SCMessenger/Data/MeshRepository.swift,getListeningAddresses,swift,0.8,1.25,0.34,callee
iOS/SCMessenger/SCMessenger/Generated/api.swift,write,swift,0.82,1.25,0.37,callee
iOS/SCMessenger/SCMessenger/Services/IosPlatformBridge.swift,startMotionMonitoring,swift,0.8,1.25,0.32,callee
iOS/SCMessengerCore.xcframework/ios-arm64/Headers/SCMessengerCore.swift,blockedIdentityWithDeviceId,swift,0.72,1.25,0.35,sibling
iOS/SCMessengerTests/NotificationVerificationTests.swift,setUp,swift,0.75,1.25,0.32999999999999996,callee
iOS/SCMessengerTests/OutboxRetryPolicyTests.swift,testInternetOnOffOnPlansAStopThenFreshStart,swift,0.75,1.25,0.36,sibling
wasm/src/daemon_bridge.rs,set_reconnect_interval_ms,rust,0.84,1.25,0.32999999999999996,callee
wasm/src/notification_manager.rs,request_permission,rust,0.79,1.25,0.35000000000000003,sibling
core/src/drift/relay.rs,test_deliver_local,rust,0.83,1.25,0.36,callee
core/src/identity/keys.rs,test_safety_number_is_order_independent_and_deterministic,rust,0.76,1.25,0.38,callee
core/src/message/codec.rs,test_v2_signed_envelope_roundtrip,rust,0.82,1.25,0.33999999999999997,sibling
core/src/relay/findmy.rs,test_beacon_manager_process_beacon,rust,0.8,1.25,0.35,callee
android/app/src/main/java/com/scmessenger/android/data/MeshRepository.kt,getActiveTransports,kotlin,0.79,1.24,0.33999999999999997,caller
android/app/src/main/java/com/scmessenger/android/data/MeshRepository.kt,clearPeerCache,kotlin,0.79,1.24,0.32,caller
android/app/src/main/java/com/scmessenger/android/service/MeshForegroundService.kt,releaseWakeLock,kotlin,0.82,1.24,0.34,caller
android/app/src/main/java/com/scmessenger/android/transport/WifiTransportManager.kt,requestPeers,kotlin,0.82,1.24,0.33,sibling
android/app/src/main/java/com/scmessenger/android/transport/ble/BleGattClient.kt,getClientStats,kotlin,0.8,1.24,0.32,callee
android/app/src/main/java/com/scmessenger/android/transport/ble/BleL2capManager.kt,recordSuccess,kotlin,0.8,1.24,0.35,sibling
android/app/src/main/java/com/scmessenger/android/ui/viewmodels/ContactsViewModel.kt,isNearbyPeerContact,kotlin,0.76,1.24,0.34,callee
android/app/src/main/java/com/scmessenger/android/ui/viewmodels/MainViewModel.kt,refreshIdentityState,kotlin,0.82,1.24,0.34,caller
android/app/src/main/java/com/scmessenger/android/utils/PeerIdValidator.kt,isLibp2pPeerId,kotlin,0.73,1.24,0.33999999999999997,sibling
android/app/src/test/java/com/scmessenger/android/test/UniffiIntegrationTest.kt,setupLibraryPath,kotlin,0.76,1.24,0.35000000000000003,callee
cli/src/api_axum.rs,handle_get_discovery_status,rust,0.79,1.24,0.32,callee
cli/src/ble_daemon.rs,scan_for_advertisements,rust,0.76,1.24,0.36,callee
core/src/message/identity_envelope.rs,test_select_authoritative_nickname_semantics,rust,0.77,1.24,0.38,sibling
core/src/relay/invite.rs,with_signature,rust,0.84,1.24,0.33999999999999997,caller
core/src/relay/invite.rs,seed,rust,0.78,1.24,0.37,caller
core/src/routing/multipath.rs,mark_path_failed,rust,0.73,1.24,0.34,callee
core/src/routing/neighborhood.rs,update_gateway_with_energy,rust,0.8,1.24,0.33,callee
core/src/store/ledger_entry.rs,clamp_wire_last_seen_ms,rust,0.74,1.24,0.36,callee
core/src/store/relay_custody.rs,compat_mode_defaults_to_phase_a,rust,0.73,1.24,0.36,none
core/src/transport/ble/beacon.rs,test_beacon_service_uuid_constant,rust,0.74,1.24,0.36,sibling
core/src/transport/ble/scanner.rs,time_since_state_change_ms,rust,0.76,1.24,0.34,caller
core/src/transport/discovery.rs,default,rust,0.77,1.24,0.33999999999999997,sibling
core/src/transport/health.rs,new,rust,0.8,1.24,0.35,sibling
core/src/transport/relay_health.rs,new,rust,0.8,1.24,0.35,sibling
desktop_bridge/src/socket_activation.rs,handoff_complete,rust,0.78,1.24,0.33999999999999997,caller
iOS/SCMessenger/SCMessenger/Data/MeshRepository.swift,scheduleContactPersistenceCheckpoint,swift,0.81,1.24,0.32,callee
iOS/SCMessenger/SCMessenger/Data/MeshRepository.swift,effectiveTimestamp,swift,0.72,1.24,0.34,caller
iOS/SCMessenger/SCMessenger/Data/MeshRepository.swift,getLocalIpAddress,swift,0.8,1.24,0.31,caller
iOS/SCMessenger/SCMessenger/Generated/api.swift,write,swift,0.8,1.24,0.37,callee
iOS/SCMessenger/SCMessenger/Services/IosPlatformBridge.swift,startNetworkMonitoring,swift,0.79,1.24,0.31,callee
iOS/SCMessenger/SCMessenger/Transport/MultipeerTransport.swift,diagnosticsSnapshot,swift,0.79,1.24,0.34,callee
iOS/SCMessenger/SCMessenger/Transport/mDNSServiceDiscovery.swift,netService,swift,0.81,1.24,0.32,sibling
iOS/SCMessenger/SCMessenger/ViewModels/ChatViewModel.swift,subscribeToNewMessages,swift,0.81,1.24,0.31,callee
iOS/SCMessenger/SCMessenger/ViewModels/ContactsViewModel.swift,subscribeToNearbyPeers,swift,0.81,1.24,0.32,callee
iOS/SCMessenger/SCMessenger/Views/Settings/DiagnosticsView.swift,prepareExport,swift,0.84,1.24,0.33,callee
iOS/SCMessenger/SCMessenger/Views/Topics/JoinMeshView.swift,dataScanner,swift,0.84,1.24,0.32,callee
iOS/SCMessengerCore.xcframework/ios-arm64-simulator/Headers/SCMessengerCore.swift,FfiConverterTypeSwarmBridge_lower,swift,0.77,1.24,0.37,callee
iOS/SCMessengerCore.xcframework/ios-arm64/Headers/SCMessengerCore.swift,count,swift,0.77,1.24,0.37,callee
iOS/SCMessengerCore.xcframework/ios-arm64/Headers/SCMessengerCore.swift,inboxCount,swift,0.74,1.24,0.35,callee
wasm/src/worker.rs,set_last_sync,rust,0.82,1.24,0.33,caller
core/src/crypto/pq/hybrid.rs,test_tamper_mlkem_ciphertext,rust,0.76,1.24,0.36,sibling
core/src/crypto/pq/hybrid.rs,test_kat_stability,rust,0.79,1.24,0.37,sibling
core/src/crypto/ratchet.rs,test_init_as_receiver_then_decrypt,rust,0.8,1.24,0.37,callee
core/src/identity/mod.rs,test_with_path_hydrates_existing_identity_without_initialize,rust,0.82,1.24,0.37,callee
core/src/store/ledger_entry.rs,own_identity_is_never_recorded_but_relay_routes_are_kept,rust,0.82,1.24,0.37,callee
iOS/SCMessenger/SCMessenger/Generated/api.swift,safetyNumber,swift,0.76,1.24,0.35,callee
android/app/src/main/java/com/scmessenger/android/data/MeshRepository.kt,getInboxCount,kotlin,0.71,1.23,0.32999999999999996,callee
android/app/src/main/java/com/scmessenger/android/transport/ble/BleScanner.kt,getDiscoveryStats,kotlin,0.75,1.23,0.31,caller
android/app/src/main/java/com/scmessenger/android/ui/viewmodels/ContactsViewModel.kt,setSearchQuery,kotlin,0.8,1.23,0.32999999999999996,caller
android/app/src/main/java/com/scmessenger/android/ui/viewmodels/DashboardViewModel.kt,isNearby,kotlin,0.74,1.23,0.33,caller
android/app/src/main/java/com/scmessenger/android/ui/viewmodels/SettingsViewModel.kt,setAutoAdjust,kotlin,0.77,1.23,0.31,callee
android/app/src/test/java/com/scmessenger/android/test/MeshRepositoryTest.kt,`acked-without-receipt message stops after max age reached`,kotlin,0.78,1.23,0.36,callee
android/app/src/test/java/com/scmessenger/android/transport/ble/BleScannerTest.kt,clearPeerCache_preservesCounterStats,kotlin,0.74,1.23,0.37,sibling
android/app/src/test/java/com/scmessenger/android/ui/viewmodels/ContactsViewModelTest.kt,`refreshDiscovery calls meshRepository replayDiscoveredPeerEvents at least once`,kotlin,0.81,1.23,0.37,callee
android/app/src/test/java/com/scmessenger/android/utils/DeepLinkValidatorTest.kt,`multicast IPv6 is rejected`,kotlin,0.78,1.23,0.33,callee
android/app/src/test/java/com/scmessenger/android/utils/NotificationHelperGateTest.kt,showMessage,kotlin,0.85,1.23,0.36000000000000004,callee
cli/src/api.rs,handle_get_discovery_status,rust,0.81,1.23,0.33,callee
cli/src/ledger.rs,record_success,rust,0.83,1.23,0.32999999999999996,caller
cli/src/ledger.rs,run_legacy_migration,rust,0.8,1.23,0.31,caller
cli/src/main.rs,resolve_sender_peer_id,rust,0.78,1.23,0.34,callee
cli/src/server.rs,unresolvable_when_neither_flavor_is_a_valid_curve_point,rust,0.76,1.23,0.37,sibling
core/src/abuse/spam_detection.rs,test_heuristics_only_no_contacts_is_not_spam,rust,0.79,1.23,0.37,callee
core/src/iron_core.rs,routing_negative_cache_stats,rust,0.79,1.23,0.33,callee
core/src/mobile_bridge.rs,get_core,rust,0.79,1.23,0.35,caller
core/src/notification.rs,close_all_notifications,rust,0.78,1.23,0.33999999999999997,sibling
core/src/relay/invite.rs,signing_key,rust,0.73,1.23,0.33999999999999997,caller
core/src/relay/server.rs,with_config,rust,0.81,1.23,0.33999999999999997,caller
core/src/routing/global.rs,make_hint,rust,0.74,1.23,0.33999999999999997,caller
core/src/routing/local.rs,peer_seen,rust,0.78,1.23,0.31,callee
core/src/transport/ble/scanner.rs,set_battery_state,rust,0.8,1.23,0.32999999999999996,caller
core/src/transport/bootstrap.rs,get_healthy_relays,rust,0.81,1.23,0.35,caller
core/src/transport/circuit_breaker.rs,test_success_resets_closed_circuit,rust,0.77,1.23,0.37,callee
core/src/transport/health.rs,is_healthy,rust,0.78,1.23,0.33,sibling
core/src/transport/peer_broadcast.rs,create_peer_left_message,rust,0.74,1.23,0.32999999999999996,sibling
core/src/transport/reputation.rs,test_epoch_secs_recorded,rust,0.76,1.23,0.38,callee
core/src/transport/wifi_direct.rs,test_group_owner_intent_low_battery_prefers_client,rust,0.72,1.23,0.33999999999999997,sibling
core/tests/test_mesh_routing.rs,test_retry_strategy_attempt_limits,rust,0.76,1.23,0.37,sibling
core/tests/test_multiport.rs,test_default_multiport_config,rust,0.79,1.23,0.35,callee
desktop_bridge/src/desktop_bridge.rs,is_running,rust,0.75,1.23,0.32999999999999996,caller
desktop_bridge/src/desktop_bridge.rs,get_tray_status,rust,0.8,1.23,0.33999999999999997,none
desktop_bridge/tests/xdg_paths_test.rs,test_xdg_config_dir,rust,0.75,1.23,0.35,callee
iOS/SCMessenger/SCMessenger/Data/MeshRepository.swift,stopBleTransport,swift,0.84,1.23,0.3,caller
iOS/SCMessenger/SCMessenger/Data/MeshRepository.swift,stopMeshService,swift,0.83,1.23,0.31,callee
iOS/SCMessenger/SCMessenger/Data/MeshRepository.swift,updateStats,swift,0.81,1.23,0.31,callee
iOS/SCMessenger/SCMessenger/Data/MeshRepository.swift,setIdentityBeaconInternal,swift,0.83,1.23,0.3,caller
iOS/SCMessenger/SCMessenger/Services/MeshBackgroundService.swift,onEnteringBackground,swift,0.82,1.23,0.34,caller
iOS/SCMessenger/SCMessenger/Views/Settings/DiagnosticsView.swift,refreshLogs,swift,0.77,1.23,0.35,callee
iOS/SCMessengerCore.xcframework/ios-arm64-simulator/Headers/SCMessengerCore.swift,FfiConverterTypeNotificationUiState_lower,swift,0.76,1.23,0.38,callee
wasm/src/transport.rs,add_ice_candidate,rust,0.79,1.23,0.33,sibling
wasm/src/transport.rs,stop,rust,0.8,1.23,0.32,caller
core/src/crypto/ratchet.rs,test_init_as_sender_hybrid_and_encrypt,rust,0.84,1.23,0.35,callee
core/src/relay/findmy.rs,test_beacon_manager_generate_beacon,rust,0.77,1.23,0.32999999999999996,callee
android/app/src/main/java/com/scmessenger/android/data/MeshRepository.kt,markMessageCorrupted,kotlin,0.77,1.22,0.34,callee
android/app/src/main/java/com/scmessenger/android/data/MeshRepository.kt,getConversation,kotlin,0.81,1.22,0.33,callee
android/app/src/main/java/com/scmessenger/android/data/MeshRepository.kt,exportDiagnosticsAsync,kotlin,0.8,1.22,0.31,callee
android/app/src/main/java/com/scmessenger/android/data/MeshRepository.kt,getOwnLanAddrLiterals,kotlin,0.79,1.22,0.32,caller
android/app/src/main/java/com/scmessenger/android/network/NetworkDiagnostics.kt,testCommonPorts,kotlin,0.77,1.22,0.32,sibling
android/app/src/main/java/com/scmessenger/android/network/NetworkTypeDetector.kt,isPortBlocked,kotlin,0.75,1.22,0.31,caller
android/app/src/main/java/com/scmessenger/android/service/AnrWatchdog.kt,stop,kotlin,0.79,1.22,0.32,sibling
android/app/src/main/java/com/scmessenger/android/transport/ble/BleL2capManager.kt,recordFailure,kotlin,0.75,1.22,0.32,caller
android/app/src/main/java/com/scmessenger/android/ui/viewmodels/MainViewModel.kt,createIdentity,kotlin,0.82,1.22,0.33,caller
android/app/src/main/java/com/scmessenger/android/utils/CircuitBreaker.kt,getLastFailureReason,kotlin,0.73,1.22,0.33999999999999997,caller
android/app/src/main/java/com/scmessenger/android/utils/NotificationHelper.kt,createReplyIntent,kotlin,0.79,1.22,0.33999999999999997,caller
android/app/src/main/java/com/scmessenger/android/utils/NotificationHelper.kt,createMarkReadIntent,kotlin,0.81,1.22,0.33999999999999997,caller
android/app/src/test/java/com/scmessenger/android/network/DiagnosticsReporterRelayRecommendationTest.kt,`a reachable node suppresses the recommendation`,kotlin,0.74,1.22,0.37,sibling
android/app/src/test/java/com/scmessenger/android/test/MeshRepositoryTest.kt,`already-migrated passphrase returns immediately without reading legacy store`,kotlin,0.78,1.22,0.37,sibling
android/app/src/test/java/com/scmessenger/android/test/MockTestHelper.kt,createMockMeshSettings,kotlin,0.76,1.22,0.32,callee
android/app/src/test/java/com/scmessenger/android/test/ReceiptUnificationTest.kt,installRunningService,kotlin,0.82,1.22,0.33,sibling
android/app/src/test/java/com/scmessenger/android/utils/ContactDisplayNameTest.kt,`resolveLocalNickname fills when existing is blank`,kotlin,0.74,1.22,0.35,callee
android/app/src/test/java/com/scmessenger/android/utils/DeepLinkValidatorTest.kt,`multiaddr with invalid IPv4 octets is dropped`,kotlin,0.8,1.22,0.35,callee
cli/src/config.rs,latest_log_age_secs,rust,0.76,1.22,0.31,caller
cli/tests/integration.rs,test_ble_error_display_messages,rust,0.74,1.22,0.39,none
core/src/iron_core.rs,get_all_relay_stats,rust,0.83,1.22,0.33999999999999997,caller
core/src/mobile_bridge.rs,get_external_addresses,rust,0.79,1.22,0.35,caller
core/src/relay/peer_exchange.rs,new,rust,0.81,1.22,0.33999999999999997,sibling
core/src/relay/protocol.rs,is_store,rust,0.8,1.22,0.33999999999999997,caller
core/src/routing/smart_retry.rs,test_backoff_strategy_equality,rust,0.71,1.22,0.37,sibling
core/src/store/history.rs,new_sent,rust,0.76,1.22,0.32,callee
core/src/store/inbox.rs,is_duplicate,rust,0.8,1.22,0.35000000000000003,caller
core/src/store/inbox.rs,messages_from,rust,0.8,1.22,0.31,callee
core/src/transport/bootstrap.rs,test_exponential_backoff,rust,0.74,1.22,0.33999999999999997,callee
core/src/transport/dial_policy.rs,maybe_revive,rust,0.81,1.22,0.31,caller
core/src/transport/health.rs,get_connection_stats,rust,0.8,1.22,0.32999999999999996,caller
core/src/transport/manager.rs,backoff_interval,rust,0.71,1.22,0.31999999999999995,caller
core/src/transport/reflection.rs,handle_request,rust,0.79,1.22,0.32,caller
core/src/transport/reputation.rs,remove_peer_from_storage,rust,0.82,1.22,0.31,sibling
core/src/transport/swarm.rs,record_accepted,rust,0.79,1.22,0.34,caller
core/src/transport/swarm.rs,log_route_decision,rust,0.76,1.22,0.32,none
core/src/transport/wifi_direct.rs,get_discovered_peers,rust,0.79,1.22,0.33,caller
core/tests/integration_relay_diagnostics.rs,get_fallback_relays_returns_empty_by_default,rust,0.75,1.22,0.38,callee
core/tests/mocks/identity.rs,test_generate_multiple_identities,rust,0.71,1.22,0.35,callee
iOS/SCMessenger/SCMessenger/Data/MeshRepository.swift,validateSettings,swift,0.81,1.22,0.31,callee
iOS/SCMessenger/SCMessenger/Data/MeshRepository.swift,defaultMultipeerPeerId,swift,0.8,1.22,0.33,callee
iOS/SCMessenger/SCMessenger/SCMessengerApp.swift,handleEnteringBackground,swift,0.79,1.22,0.32,sibling
iOS/SCMessenger/SCMessenger/Views/Navigation/MainTabView.swift,openConversation,swift,0.78,1.22,0.32999999999999996,caller
iOS/SCMessengerTests/NotificationVerificationTests.swift,testPermissionStatusReturnsValidValue,swift,0.76,1.22,0.32,callee
wasm/src/connection_state.rs,drop,rust,0.77,1.22,0.36,callee
wasm/src/storage.rs,get_messages_for_hint,rust,0.81,1.22,0.33,caller
core/src/identity/keys.rs,test_signing,rust,0.78,1.22,0.35,callee
android/app/src/main/java/com/scmessenger/android/data/MeshRepository.kt,parseTransportsFromMultiaddrs,kotlin,0.8,1.21,0.31,caller
android/app/src/main/java/com/scmessenger/android/data/MeshRepository.kt,canonicalContactId,kotlin,0.8,1.21,0.32,callee
android/app/src/main/java/com/scmessenger/android/data/MeshRepository.kt,getDefaultSettings,kotlin,0.77,1.21,0.30000000000000004,caller
android/app/src/main/java/com/scmessenger/android/service/AndroidPlatformBridge.kt,onMotionChanged,kotlin,0.74,1.21,0.35,callee
android/app/src/main/java/com/scmessenger/android/transport/ble/BleQuotaManager.kt,recordScanStart,kotlin,0.67,1.21,0.31,sibling
android/app/src/main/java/com/scmessenger/android/ui/viewmodels/ChatViewModel.kt,clearError,kotlin,0.76,1.21,0.32,caller
android/app/src/main/java/com/scmessenger/android/ui/viewmodels/DashboardViewModel.kt,isSyntheticFallbackNickname,kotlin,0.73,1.21,0.31999999999999995,sibling
android/app/src/main/java/com/scmessenger/android/ui/viewmodels/MeshServiceViewModel.kt,setAutoStart,kotlin,0.82,1.21,0.3,callee
android/app/src/main/java/com/scmessenger/android/utils/ApkShareManager.kt,stopLocalApkHost,kotlin,0.81,1.21,0.32,sibling
android/app/src/test/java/com/scmessenger/android/test/RoleNavigationPolicyTest.kt,`relay only role hides conversations and contacts`,kotlin,0.76,1.21,0.32,sibling
android/app/src/test/java/com/scmessenger/android/test/SettingsViewModelTest.kt,setup,kotlin,0.7,1.21,0.33999999999999997,callee
android/app/src/test/java/com/scmessenger/android/utils/DeepLinkValidatorTest.kt,`loopback IPv4 is rejected`,kotlin,0.74,1.21,0.35,callee
android/app/src/test/java/com/scmessenger/android/utils/PeerIdValidatorTest.kt,`rejects base64 plus slash characters`,kotlin,0.73,1.21,0.36,callee
cli/tests/integration_mesh_acceptance.rs,queued_message,rust,0.79,1.21,0.33,caller
core/src/drift/relay.rs,make_test_envelope,rust,0.77,1.21,0.33,caller
core/src/relay/bootstrap.rs,is_unexpired_and_shaped,rust,0.73,1.21,0.32,sibling
core/src/routing/engine.rs,make_hint,rust,0.76,1.21,0.32999999999999996,caller
core/src/routing/negative_cache.rs,test_negative_cache_basic,rust,0.75,1.21,0.38,callee
core/src/routing/neighborhood.rs,test_cleanup_removes_stale_entries,rust,0.76,1.21,0.35,callee
core/src/store/ledger_entry.rs,ledger_state_registry,rust,0.84,1.21,0.33999999999999997,caller
core/src/transport/dial_policy.rs,reset_peer_backoff,rust,0.8,1.21,0.32,caller
core/src/transport/mesh_routing.rs,tracked_recency_routes,rust,0.8,1.21,0.33999999999999997,sibling
core/src/transport/mesh_routing.rs,pending_attempts,rust,0.79,1.21,0.32999999999999996,caller
core/src/transport/reputation.rs,record_signal,rust,0.81,1.21,0.31999999999999995,callee
core/src/transport/reputation.rs,all_reputations,rust,0.79,1.21,0.31,caller
core/src/transport/swarm.rs,is_recent_duplicate,rust,0.75,1.21,0.33,callee
core/src/wasm_support/mesh.rs,test_mesh_node_creation,rust,0.75,1.21,0.33999999999999997,callee
core/tests/mocks/routing.rs,reset,rust,0.76,1.21,0.33999999999999997,caller
iOS/SCMessenger/SCMessenger/ContactManagerFix.swift,flush,swift,0.8,1.21,0.36000000000000004,callee
iOS/SCMessenger/SCMessenger/Generated/api.swift,write,swift,0.78,1.21,0.37,callee
iOS/SCMessenger/SCMessenger/Services/NotificationManager.swift,userNotificationCenter,swift,0.8,1.21,0.36,sibling
iOS/SCMessenger/SCMessenger/Transport/mDNSServiceDiscovery.swift,startBrowsing,swift,0.82,1.21,0.3,caller
iOS/SCMessenger/SCMessenger/Views/Navigation/MainTabView.swift,deduplicateContactsByPublicKey,swift,0.79,1.21,0.29000000000000004,sibling
iOS/SCMessengerCore.xcframework/ios-arm64-simulator/Headers/SCMessengerCore.swift,write,swift,0.82,1.21,0.34,callee
iOS/SCMessengerCore.xcframework/ios-arm64-simulator/Headers/SCMessengerCore.swift,FfiConverterTypeBlockedIdentity_lower,swift,0.76,1.21,0.35000000000000003,callee
wasm/src/storage.rs,get_unread_messages,rust,0.79,1.21,0.33,sibling
core/tests/integration_backup.rs,iron_core_fast_backup_tracks_bridge_contact_removals,rust,0.8,1.21,0.37,sibling
core/tests/integration_wp1_identity_unification.rs,own_peer_topic_hex_is_the_local_ed25519_key,rust,0.79,1.21,0.35,callee
core/tests/integration_wp1_identity_unification.rs,own_topic_subscribe_is_registered_on_the_running_node,rust,0.79,1.21,0.35,sibling
core/tests/test_v1_legacy_envelope_forgery_is_rejected.rs,test_v1_legacy_honest_sender_succeeds,rust,0.83,1.21,0.36,sibling
android/app/src/main/java/com/scmessenger/android/data/MeshRepository.kt,getBlockedCount,kotlin,0.75,1.2,0.31,callee
android/app/src/main/java/com/scmessenger/android/data/MeshRepository.kt,upsertRoutingListeners,kotlin,0.78,1.2,0.29000000000000004,caller
android/app/src/main/java/com/scmessenger/android/data/MeshRepository.kt,shouldAttemptDial,kotlin,0.8,1.2,0.31,callee
android/app/src/main/java/com/scmessenger/android/service/AnrWatchdog.kt,triggerAnrRecovery,kotlin,0.81,1.2,0.32,caller
android/app/src/main/java/com/scmessenger/android/service/MeshEventBus.kt,emitStatusEvent,kotlin,0.81,1.2,0.3,sibling
android/app/src/main/java/com/scmessenger/android/service/MeshForegroundService.kt,decideCommand,kotlin,0.77,1.2,0.36,caller
android/app/src/main/java/com/scmessenger/android/transport/SubnetProbe.kt,stop,kotlin,0.8,1.2,0.3,caller
android/app/src/main/java/com/scmessenger/android/transport/SubnetProbe.kt,enumerateCandidateSubnets,kotlin,0.75,1.2,0.3,sibling
android/app/src/main/java/com/scmessenger/android/transport/ble/BleAdvertiser.kt,stopAdvertising,kotlin,0.71,1.2,0.30000000000000004,callee
android/app/src/main/java/com/scmessenger/android/ui/MainActivity.kt,onDestroy,kotlin,0.79,1.2,0.31,callee
android/app/src/main/java/com/scmessenger/android/ui/screens/BlockedPeersScreen.kt,BlockedPeersScreen,kotlin,0.79,1.2,0.29000000000000004,callee
android/app/src/main/java/com/scmessenger/android/ui/viewmodels/DashboardViewModel.kt,clearError,kotlin,0.77,1.2,0.33999999999999997,caller
android/app/src/main/java/com/scmessenger/android/ui/viewmodels/MeshServiceViewModel.kt,toggleService,kotlin,0.81,1.2,0.32,callee
android/app/src/main/java/com/scmessenger/android/ui/viewmodels/SettingsViewModel.kt,loadIdentity,kotlin,0.82,1.2,0.31,callee
android/app/src/test/java/com/scmessenger/android/utils/DeepLinkValidatorTest.kt,`valid public IPv4 multiaddr is accepted`,kotlin,0.79,1.2,0.35,callee
cli/src/bin/heartbeat-probe.rs,main,rust,0.8,1.2,0.33,callee
cli/src/transport_bridge.rs,get_path_reliability,rust,0.76,1.2,0.31,caller
core/src/abuse/reputation.rs,record_spam_signal,rust,0.81,1.2,0.33,sibling
core/src/drift/sketch.rs,with_cells,rust,0.74,1.2,0.32,caller
core/src/iron_core.rs,relay_jitter_delay,rust,0.79,1.2,0.32,caller
core/src/iron_core.rs,get_audit_events_by_type,rust,0.79,1.2,0.32,caller
core/src/iron_core.rs,routing_is_prefetch_in_progress,rust,0.79,1.2,0.35,callee
core/src/mobile_bridge.rs,set_relay_budget,rust,0.82,1.2,0.33,callee
core/src/mobile_bridge.rs,get_listeners,rust,0.77,1.2,0.32,caller
core/src/mobile_bridge.rs,get_topics,rust,0.8,1.2,0.33,callee
core/src/notification.rs,clear_all_request_notifications,rust,0.75,1.2,0.33,sibling
core/src/relay/bootstrap.rs,test_bootstrap_manager,rust,0.77,1.2,0.34,caller
core/src/relay/client.rs,default,rust,0.79,1.2,0.32999999999999996,callee
core/src/relay/client.rs,test_relay_client_creation,rust,0.77,1.2,0.35,callee
core/src/relay/peer_exchange.rs,prune_stale,rust,0.78,1.2,0.32,caller
core/src/routing/engine.rs,test_next_hop_route_discovery,rust,0.74,1.2,0.35,callee
core/src/routing/optimized_engine.rs,new,rust,0.82,1.2,0.32999999999999996,caller
core/src/routing/optimized_engine.rs,prefetch_manager,rust,0.74,1.2,0.34,caller
core/src/routing/optimized_engine.rs,run_optimization,rust,0.82,1.2,0.3,callee
core/src/store/outbox.rs,new,rust,0.83,1.2,0.32999999999999996,sibling
core/src/transport/dial_policy.rs,on_connection_established,rust,0.82,1.2,0.31,caller
core/src/transport/dial_policy.rs,register_dial_attempt,rust,0.78,1.2,0.29000000000000004,callee
core/src/transport/health.rs,record_connection_attempt,rust,0.8,1.2,0.32,caller
core/src/wasm_support/storage.rs,new,rust,0.83,1.2,0.33999999999999997,sibling
iOS/SCMessenger/SCMessenger/Data/MeshRepository.swift,migrateLegacyContactStoreIfNeeded,swift,0.77,1.2,0.32,callee
iOS/SCMessenger/SCMessenger/Generated/api.swift,getPeers,swift,0.76,1.2,0.32999999999999996,callee
iOS/SCMessenger/SCMessenger/Generated/api.swift,write,swift,0.79,1.2,0.35,callee
iOS/SCMessenger/SCMessenger/Services/IosPlatformBridge.swift,startBatteryMonitoring,swift,0.78,1.2,0.29000000000000004,callee
iOS/SCMessenger/SCMessenger/Transport/BLEPeripheralManager.swift,setRotationEnabled,swift,0.79,1.2,0.3,callee
iOS/SCMessenger/SCMessenger/Transport/BLEPeripheralManager.swift,subscribedCentralIds,swift,0.79,1.2,0.3,caller
iOS/SCMessenger/SCMessenger/Transport/MultipeerTransport.swift,browser,swift,0.85,1.2,0.33999999999999997,sibling
iOS/SCMessengerCore.xcframework/ios-arm64/Headers/SCMessengerCore.swift,getExternalAddresses,swift,0.74,1.2,0.31999999999999995,callee
iOS/SCMessengerCore.xcframework/ios-arm64/Headers/SCMessengerCore.swift,write,swift,0.83,1.2,0.33999999999999997,callee
iOS/SCMessengerTests/NotificationVerificationTests.swift,setUp,swift,0.75,1.2,0.32999999999999996,caller
patch/if-watch/src/lib.rs,new,rust,0.65,1.2,0.37,sibling
wasm/src/connection_state.rs,cleanup_callbacks,rust,0.78,1.2,0.33999999999999997,caller
wasm/src/connection_state.rs,drop,rust,0.8,1.2,0.33,callee
wasm/src/notification_manager.rs,from,rust,0.74,1.2,0.32999999999999996,caller
core/src/crypto/pq/mldsa.rs,test_mldsa65_sign_verify,rust,0.79,1.2,0.32999999999999996,sibling
core/tests/integration_ironcore_roundtrip.rs,test_multiple_messages_roundtrip,rust,0.8,1.2,0.32999999999999996,callee
android/app/src/main/java/com/scmessenger/android/transport/WifiDirectTransport.kt,startReading,kotlin,0.82,1.19,0.29000000000000004,callee
android/app/src/main/java/com/scmessenger/android/ui/viewmodels/DashboardViewModel.kt,snapshot,kotlin,0.75,1.19,0.31,caller
android/app/src/main/java/com/scmessenger/android/utils/NetworkFailureMetrics.kt,hasDnsFailures,kotlin,0.69,1.19,0.31000000000000005,sibling
android/app/src/main/java/com/scmessenger/android/utils/StorageManager.kt,pruneOldFiles,kotlin,0.8,1.19,0.28,caller
android/app/src/test/java/com/scmessenger/android/data/NicknameAuthorityTest.kt,`real incoming cannot steal real existing`,kotlin,0.73,1.19,0.34,callee
android/app/src/test/java/com/scmessenger/android/test/DropAtCapRetentionTest.kt,"`at-cap entry that later gets delivered is REMOVED, not parked`",kotlin,0.74,1.19,0.36,sibling
android/app/src/test/java/com/scmessenger/android/ui/identity/IdentityViewModelTest.kt,`createIdentity delegates to coordinator`,kotlin,0.79,1.19,0.32,sibling
android/app/src/test/java/com/scmessenger/android/utils/DeepLinkValidatorTest.kt,`wildcard address 0000 is rejected`,kotlin,0.76,1.19,0.34,callee
cli/src/bootstrap.rs,promiscuous_bootstrap_addrs,rust,0.79,1.19,0.31000000000000005,callee
core/src/drift/store.rs,persistent,rust,0.8,1.19,0.31,callee
core/src/message/types.rs,text,rust,0.82,1.19,0.32999999999999996,caller
core/src/relay/delegate_prewarm.rs,new,rust,0.8,1.19,0.33999999999999997,sibling
core/src/routing/global.rs,make_route,rust,0.77,1.19,0.30000000000000004,caller
core/src/routing/multipath.rs,active_paths,rust,0.73,1.19,0.29000000000000004,caller
core/src/routing/optimized_engine.rs,is_discovery_in_progress,rust,0.73,1.19,0.35000000000000003,sibling
core/src/store/relay_custody.rs,get_registration_state_info,rust,0.79,1.19,0.32999999999999996,callee
core/src/store/relay_custody.rs,audit_count,rust,0.75,1.19,0.31,callee
core/src/transport/addr_filter.rs,disclosure_always_drops_private_ranges,rust,0.78,1.19,0.36,sibling
core/src/transport/escalation.rs,current_transport,rust,0.81,1.19,0.32999999999999996,caller
core/src/transport/manager.rs,test_reconnection_backoff_increases,rust,0.69,1.19,0.33,callee
core/src/transport/swarm.rs,targets_self,rust,0.76,1.19,0.30000000000000004,callee
core/src/transport/wifi_aware.rs,get_discovered_peers,rust,0.79,1.19,0.30000000000000004,caller
core/tests/integration_ledger_seeding_hardening.rs,select_dialable_tcp_loopback,rust,0.78,1.19,0.32,caller
core/tests/seam_freeze_onion.rs,seam_freeze_onion_default_disabled,rust,0.7,1.19,0.37,callee
iOS/SCMessenger/SCMessenger/Generated/api.swift,FfiConverterTypeNotificationMessageContext_lower,swift,0.77,1.19,0.33999999999999997,callee
iOS/SCMessenger/SCMessenger/Generated/api.swift,blockedIdentityWithNotes,swift,0.72,1.19,0.33999999999999997,callee
iOS/SCMessenger/SCMessenger/Services/IosPlatformBridge.swift,configure,swift,0.81,1.19,0.31,caller
iOS/SCMessenger/SCMessenger/Transport/SmartTransportRouter.swift,getDedupStats,swift,0.76,1.19,0.31,sibling
iOS/SCMessengerTests/NotificationVerificationTests.swift,setUp,swift,0.74,1.19,0.33,caller
patch/if-watch/src/lib.rs,watch,rust,0.7,1.19,0.35,sibling
cli/tests/integration_message_requests.rs,message_request_lifecycle_accept,rust,0.82,1.19,0.32999999999999996,sibling
core/src/crypto/backup.rs,test_fast_encrypt_decrypt_roundtrip,rust,0.82,1.19,0.32999999999999996,callee
core/src/mobile_bridge.rs,test_handle_data_path_confirmed_resolves_ipv6_link_local,rust,0.77,1.19,0.35000000000000003,callee
android/app/src/main/java/com/scmessenger/android/data/MeshRepository.kt,getBootstrapNodesForSettings,kotlin,0.78,1.18,0.27,callee
android/app/src/main/java/com/scmessenger/android/data/MeshRepository.kt,toDialableRoutePeerId,kotlin,0.75,1.18,0.31,caller
android/app/src/main/java/com/scmessenger/android/di/AppModule.kt,provideNetworkTypeDetector,kotlin,0.71,1.18,0.32,callee
android/app/src/main/java/com/scmessenger/android/service/AndroidPlatformBridge.kt,dispatchNetworkStateUpdate,kotlin,0.76,1.18,0.3,callee
android/app/src/main/java/com/scmessenger/android/transport/ble/BleAdvertiser.kt,startAdvertisingInternal,kotlin,0.82,1.18,0.27,caller
android/app/src/main/java/com/scmessenger/android/transport/ble/BleBackoffStrategy.kt,reset,kotlin,0.74,1.18,0.30000000000000004,sibling
android/app/src/main/java/com/scmessenger/android/ui/components/QrCode.kt,QrCodeImage,kotlin,0.8,1.18,0.28,sibling
android/app/src/main/java/com/scmessenger/android/ui/viewmodels/MainViewModel.kt,consumeDeepLink,kotlin,0.8,1.18,0.30000000000000004,sibling
android/app/src/main/java/com/scmessenger/android/ui/viewmodels/SettingsViewModel.kt,clearPeerCache,kotlin,0.78,1.18,0.30000000000000004,caller
android/app/src/main/java/com/scmessenger/android/utils/StorageManager.kt,rotateLogsOnStartup,kotlin,0.78,1.18,0.27,caller
android/app/src/test/java/com/scmessenger/android/test/MeshRepositoryTest.kt,`isStorageDegraded initial state is false`,kotlin,0.8,1.18,0.34,sibling
android/app/src/test/java/com/scmessenger/android/ui/viewmodels/ConversationsViewModelTest.kt,`clearConversation delegates to repository and refreshes list`,kotlin,0.75,1.18,0.33999999999999997,sibling
android/app/src/test/java/com/scmessenger/android/ui/viewmodels/MeshServiceViewModelTest.kt,`isStorageDegraded reflects repository state`,kotlin,0.74,1.18,0.34,callee
android/app/src/test/java/com/scmessenger/android/utils/DeepLinkValidatorTest.kt,`broadcast address is rejected`,kotlin,0.75,1.18,0.32,callee
android/app/src/test/java/com/scmessenger/android/utils/DeepLinkValidatorTest.kt,`valid tcp port at boundaries is accepted`,kotlin,0.77,1.18,0.34,sibling
core/src/message/ephemeral.rs,is_expired,rust,0.73,1.18,0.31,sibling
core/src/message/identity_envelope.rs,test_parse_rejects_bare_text_and_foreign_schemas,rust,0.76,1.18,0.35,sibling
core/src/mobile_bridge.rs,from_profile,rust,0.74,1.18,0.30000000000000004,caller
core/src/mobile_bridge.rs,with_platform,rust,0.8,1.18,0.31000000000000005,caller
core/src/mobile_bridge.rs,stored_at_millis,rust,0.76,1.18,0.29000000000000004,caller
core/src/relay/delegate_prewarm.rs,test_stats,rust,0.73,1.18,0.33999999999999997,callee
core/src/routing/engine.rs,global_routes,rust,0.77,1.18,0.33,caller
core/src/store/ledger_entry.rs,record_identified_peer,rust,0.77,1.18,0.30000000000000004,sibling
core/src/store/storage.rs,new,rust,0.76,1.18,0.32999999999999996,sibling
core/src/transport/addr_filter.rs,strip_peer_id,rust,0.75,1.18,0.30000000000000004,callee
core/src/transport/health.rs,record_connection_attempt,rust,0.75,1.18,0.32,caller
core/src/transport/observation.rs,new,rust,0.81,1.18,0.33999999999999997,sibling
core/src/transport/relay_health.rs,get_backoff_delay,rust,0.78,1.18,0.30000000000000004,caller
core/src/transport/swarm.rs,inbound_exchange_entry_cap_is_symmetric_and_small,rust,0.76,1.18,0.32,none
core/src/transport/wifi_aware.rs,default,rust,0.76,1.18,0.31999999999999995,callee
core/src/transport/wifi_direct.rs,stop_discovery,rust,0.77,1.18,0.29000000000000004,caller
core/src/wasm_support/storage.rs,default,rust,0.74,1.18,0.33999999999999997,callee
iOS/SCMessenger/SCMessenger/Data/MeshRepository.swift,isSameLanAddress,swift,0.72,1.18,0.31000000000000005,callee
iOS/SCMessenger/SCMessenger/Data/MeshRepository.swift,getExternalAddresses,swift,0.77,1.18,0.32999999999999996,callee
iOS/SCMessenger/SCMessenger/Services/CoreDelegateImpl.swift,onServiceStateChanged,swift,0.74,1.18,0.28,sibling
iOS/SCMessenger/SCMessenger/Transport/LocalTransportFallback.swift,attemptMultipeerThenBle,swift,0.78,1.18,0.31,callee
iOS/SCMessenger/SCMessenger/Transport/MultipeerTransport.swift,browser,swift,0.82,1.18,0.31000000000000005,sibling
iOS/SCMessenger/SCMessenger/ViewModels/SettingsViewModel.swift,updateDiscoveryMode,swift,0.77,1.18,0.29000000000000004,callee
wasm/src/connection_state.rs,set_ondatachannel,rust,0.81,1.18,0.31,caller
wasm/src/lib.rs,outbox_count,rust,0.8,1.18,0.33,caller
wasm/src/worker.rs,should_sync,rust,0.77,1.18,0.29000000000000004,callee
core/tests/integration_ratchet_persistence.rs,ratchet_persistence_with_message_exchange,rust,0.85,1.18,0.33,sibling
core/tests/property/encryption_roundtrip.rs,test_empty_plaintext_roundtrip,rust,0.76,1.18,0.32,callee
AgentSwarmCline/scmessenger_swarm/observability_tests.rs,test_error_display_messages,rust,0.76,1.17,0.35,sibling
android/app/src/main/java/com/scmessenger/android/data/MeshRepository.kt,setNickname,kotlin,0.82,1.17,0.28,caller
android/app/src/main/java/com/scmessenger/android/data/MeshRepository.kt,getPendingTerminalFailureCode,kotlin,0.74,1.17,0.27,caller
android/app/src/main/java/com/scmessenger/android/service/MeshForegroundService.kt,createNotification,kotlin,0.78,1.17,0.26,sibling
android/app/src/main/java/com/scmessenger/android/service/MeshVpnService.kt,onStartCommand,kotlin,0.8,1.17,0.31999999999999995,caller
android/app/src/main/java/com/scmessenger/android/transport/TransportHealthMonitor.kt,recordSuccess,kotlin,0.75,1.17,0.28,callee
android/app/src/main/java/com/scmessenger/android/ui/components/CopyableText.kt,LabeledCopyableText,kotlin,0.77,1.17,0.29000000000000004,sibling
android/app/src/main/java/com/scmessenger/android/ui/identity/IdentityScreen.kt,IdentityNotInitializedView,kotlin,0.8,1.17,0.29000000000000004,caller
android/app/src/main/java/com/scmessenger/android/ui/viewmodels/RequestsInboxViewModel.kt,clearError,kotlin,0.74,1.17,0.30000000000000004,caller
android/app/src/main/java/com/scmessenger/android/ui/viewmodels/SettingsViewModel.kt,clearAdjustmentOverrides,kotlin,0.71,1.17,0.29000000000000004,caller
android/app/src/test/java/com/scmessenger/android/test/MeshForegroundServiceTest.kt,`pause resolves to NoOp when service not running`,kotlin,0.75,1.17,0.33,callee
android/app/src/test/java/com/scmessenger/android/test/MeshRepositoryTest.kt,`acked-without-receipt message is not stopped before max age`,kotlin,0.78,1.17,0.35,callee
android/app/src/test/java/com/scmessenger/android/test/ReceiptUnificationTest.kt,awaitSlotCapture,kotlin,0.78,1.17,0.30000000000000004,caller
android/app/src/test/java/com/scmessenger/android/utils/DeepLinkValidatorTest.kt,`reserved class E range is rejected`,kotlin,0.74,1.17,0.32,callee
cli/src/ledger.rs,to_base58_peer_id,rust,0.78,1.17,0.29000000000000004,caller
core/src/abuse/reputation.rs,make_manager,rust,0.82,1.17,0.31000000000000005,callee
core/src/drift/store.rs,test_merge_idempotency,rust,0.72,1.17,0.32999999999999996,callee
core/src/iron_core.rs,contact_federated_nickname,rust,0.8,1.17,0.30000000000000004,callee
core/src/iron_core.rs,swarm_get_bootstrap_candidates,rust,0.81,1.17,0.3,callee
core/src/relay/invite.rs,get_invitees,rust,0.75,1.17,0.33,caller
core/src/relay/peer_exchange.rs,record_failure,rust,0.79,1.17,0.31,caller
core/src/relay/peer_exchange.rs,with_config,rust,0.76,1.17,0.31999999999999995,callee
core/src/relay/peer_exchange.rs,test_relay_peer_info_creation,rust,0.67,1.17,0.35000000000000003,callee
core/src/routing/global.rs,routes_for_hint,rust,0.75,1.17,0.30000000000000004,caller
core/src/routing/global.rs,remove_routes_via,rust,0.78,1.17,0.29000000000000004,caller
core/src/routing/negative_cache.rs,is_expired,rust,0.71,1.17,0.31999999999999995,caller
core/src/routing/neighborhood.rs,all_reachable_hints,rust,0.76,1.17,0.29000000000000004,caller
core/src/routing/smart_retry.rs,test_first_attempt_no_delay,rust,0.74,1.17,0.33999999999999997,callee
core/src/routing/timeout_budget.rs,test_budget_completion,rust,0.57,1.17,0.33999999999999997,callee
core/src/store/ledger_entry.rs,record_observed_peer_id_locked,rust,0.77,1.17,0.27,sibling
core/src/store/ledger_entry.rs,is_own_identity,rust,0.73,1.17,0.29000000000000004,sibling
core/src/store/ledger_entry.rs,wire_supplied_identity_cannot_make_the_node_its_own_peer,rust,0.8,1.17,0.35,callee
core/src/transport/dial_policy.rs,is_eligible,rust,0.78,1.17,0.32,caller
core/src/transport/dial_policy.rs,on_dial_failure,rust,0.79,1.17,0.29000000000000004,caller
core/src/transport/manager.rs,dequeue,rust,0.76,1.17,0.31,caller
core/src/transport/manager.rs,multi_hop_recall,rust,0.82,1.17,0.36000000000000004,callee
core/src/transport/nat.rs,test_nat_config_defaults,rust,0.69,1.17,0.33,callee
core/src/transport/observation.rs,recalculate_consensus,rust,0.76,1.17,0.31,caller
core/src/transport/observation.rs,test_set_listen_ports_re_filters_stored_observations,rust,0.76,1.17,0.33999999999999997,sibling
core/src/transport/relay_health.rs,priority_score,rust,0.76,1.17,0.28,caller
core/src/transport/swarm.rs,is_ghost_peer_topic,rust,0.78,1.17,0.34,none
iOS/SCMessenger/SCMessenger/Data/MeshRepository.swift,broadcastIdentityBeacon,swift,0.85,1.17,0.28,callee
iOS/SCMessenger/SCMessenger/Transport/MultipeerTransport.swift,startBrowsing,swift,0.79,1.17,0.28,sibling
iOS/SCMessenger/SCMessenger/Transport/MultipeerTransport.swift,sendDataToAll,swift,0.83,1.17,0.27,callee
iOS/SCMessenger/SCMessenger/Transport/mDNSServiceDiscovery.swift,netServiceBrowserDidStopSearch,swift,0.8,1.17,0.28,sibling
iOS/SCMessenger/SCMessenger/ViewModels/SettingsViewModel.swift,updateOnionRouting,swift,0.81,1.17,0.28,callee
iOS/SCMessenger/SCMessenger/ViewModels/SettingsViewModel.swift,stopService,swift,0.79,1.17,0.32999999999999996,callee
iOS/SCMessengerTests/MeshBackgroundServiceTests.swift,setUp,swift,0.74,1.17,0.31999999999999995,callee
wasm/src/connection_state.rs,drop,rust,0.77,1.17,0.31,callee
wasm/src/notification_manager.rs,get_notification_settings,rust,0.78,1.17,0.29000000000000004,sibling
wasm/src/storage.rs,create_test_message,rust,0.73,1.17,0.32,sibling
wasm/src/worker.rs,test_service_worker_status_enum,rust,0.7,1.17,0.33,sibling
core/src/crypto/backup.rs,test_encrypt_decrypt_roundtrip,rust,0.82,1.17,0.32,sibling
core/src/drift/relay.rs,test_network_dormant_drop,rust,0.78,1.17,0.33999999999999997,sibling
core/src/message/codec.rs,test_v1_wire_disambiguation,rust,0.78,1.17,0.31000000000000005,callee
android/app/src/main/java/com/scmessenger/android/data/MeshRepository.kt,publishIdentityInfo,kotlin,0.8,1.16,0.28,callee
android/app/src/main/java/com/scmessenger/android/data/MeshRepository.kt,readCachedIdentityFields,kotlin,0.83,1.16,0.28,caller
android/app/src/main/java/com/scmessenger/android/service/ServiceHealthMonitor.kt,getServiceUptimeSeconds,kotlin,0.73,1.16,0.27,sibling
android/app/src/main/java/com/scmessenger/android/transport/ble/BleScanner.kt,restartActiveScan,kotlin,0.8,1.16,0.28,caller
android/app/src/main/java/com/scmessenger/android/ui/viewmodels/SettingsViewModel.kt,updateDiscoveryMode,kotlin,0.77,1.16,0.27,callee
android/app/src/main/java/com/scmessenger/android/utils/CircuitBreaker.kt,getFailureCount,kotlin,0.73,1.16,0.30000000000000004,sibling
android/app/src/main/java/com/scmessenger/android/utils/PeerKeyUtils.kt,extractPeerIdFromPublicKey,kotlin,0.7,1.16,0.34,callee
android/app/src/test/java/com/scmessenger/android/test/DeliveryStateMapperTest.kt,`maps delivered flag to delivered state`,kotlin,0.75,1.16,0.32,sibling
android/app/src/test/java/com/scmessenger/android/test/OrderingAndNotificationRoutingTest.kt,`legacy rows without an insertion fact still render the trigger first`,kotlin,0.72,1.16,0.34,callee
android/app/src/test/java/com/scmessenger/android/test/SettingsViewModelTest.kt,`setManualProfile persists preference`,kotlin,0.76,1.16,0.32999999999999996,sibling
android/app/src/test/java/com/scmessenger/android/transport/MdnsDnsaddrInteropTest.kt,`registration is deferred while the local peer id is unavailable`,kotlin,0.8,1.16,0.32,sibling
core/src/abuse/reputation.rs,with_backend,rust,0.8,1.16,0.31999999999999995,caller
core/src/identity/keys.rs,public_key_hex_prefixed,rust,0.76,1.16,0.30000000000000004,sibling
core/src/relay/delegate_prewarm.rs,default,rust,0.75,1.16,0.29000000000000004,sibling
core/src/routing/negative_cache.rs,false_positive_rate,rust,0.71,1.16,0.32999999999999996,caller
core/src/routing/negative_cache.rs,stats,rust,0.71,1.16,0.31,sibling
core/src/routing/negative_cache.rs,test_negative_cache_stats,rust,0.75,1.16,0.33999999999999997,callee
core/src/store/dedup.rs,new,rust,0.76,1.16,0.30000000000000004,sibling
core/src/store/ledger_entry.rs,dialable_addresses,rust,0.8,1.16,0.31000000000000005,caller
core/src/transport/addr_filter.rs,rfc1918_disclosure_rejects_cgnat_requester_same_subnet_collision,rust,0.8,1.16,0.34,sibling
core/src/transport/bootstrap.rs,discover_websocket_bootstrap,rust,0.78,1.16,0.33999999999999997,caller
core/src/transport/escalation.rs,all_states,rust,0.78,1.16,0.29000000000000004,caller
core/src/transport/manager.rs,get_global_metrics,rust,0.76,1.16,0.31000000000000005,caller
core/src/transport/manager.rs,disable_transport,rust,0.79,1.16,0.28,caller
core/src/transport/manager.rs,test_register_transport,rust,0.8,1.16,0.32999999999999996,callee
core/src/transport/mesh_routing.rs,test_converge_delivery_clears_pending_retry_attempt,rust,0.73,1.16,0.33999999999999997,callee
core/src/transport/reputation.rs,persist_peer,rust,0.79,1.16,0.26,caller
core/src/transport/swarm.rs,extract_ip_component_parses_both_families_and_rejects_the_rest,rust,0.83,1.16,0.37,none
core/src/wasm_support/storage.rs,test_store_creation,rust,0.7,1.16,0.33,callee
core/src/wasm_support/storage.rs,test_custom_config,rust,0.74,1.16,0.32,callee
core/tests/integration_dial_policy.rs,test_connection_resets_backoff,rust,0.75,1.16,0.33,sibling
core/tests/integration_mycorrhizal_routing.rs,make_hint,rust,0.72,1.16,0.33,caller
core/tests/mocks/identity.rs,inner,rust,0.74,1.16,0.33,sibling
core/tests/test_mesh_routing.rs,test_bootstrap_no_duplicates,rust,0.77,1.16,0.34,callee
desktop_bridge/src/lib.rs,test_xdg_config_dir_returns_path,rust,0.76,1.16,0.31,callee
iOS/SCMessenger/SCMessenger/Data/MeshRepository.swift,normalizeExternalAddressHints,swift,0.75,1.16,0.28,callee
iOS/SCMessenger/SCMessenger/Data/MeshRepository.swift,updateRelayAvailability,swift,0.79,1.16,0.28,caller
iOS/SCMessenger/SCMessenger/Generated/api.swift,write,swift,0.8,1.16,0.34,callee
iOS/SCMessenger/SCMessenger/Services/CoreDelegateImpl.swift,onMessageDelivered,swift,0.77,1.16,0.26,sibling
iOS/SCMessenger/SCMessenger/Transport/BLECentralManager.swift,centralManagerDidUpdateState,swift,0.83,1.16,0.28,callee
iOS/SCMessenger/SCMessenger/ViewModels/SettingsViewModel.swift,updateBatteryFloor,swift,0.76,1.16,0.27,callee
iOS/SCMessengerTests/NotificationVerificationTests.swift,setUp,swift,0.75,1.16,0.32,caller
core/src/identity/keys.rs,test_libp2p_peer_id_derivation,rust,0.79,1.16,0.31999999999999995,callee
core/src/transport/behaviour.rs,signed_registration_request_verifies_against_matching_public_key,rust,0.76,1.16,0.33,sibling
android/app/src/main/java/com/scmessenger/android/service/AndroidPlatformBridge.kt,updateBatteryState,kotlin,0.78,1.15,0.29000000000000004,callee
android/app/src/main/java/com/scmessenger/android/ui/MeshApp.kt,roleBasedBottomNavItems,kotlin,0.72,1.15,0.34,sibling
android/app/src/main/java/com/scmessenger/android/ui/components/CopyableText.kt,TruncatedCopyableText,kotlin,0.77,1.15,0.27,sibling
android/app/src/main/java/com/scmessenger/android/ui/screens/ConversationsScreen.kt,ConversationItem,kotlin,0.78,1.15,0.26,sibling
android/app/src/main/java/com/scmessenger/android/ui/viewmodels/ContactsViewModel.kt,selectAuthoritativeNickname,kotlin,0.75,1.15,0.28,callee
android/app/src/main/java/com/scmessenger/android/utils/DiagnosticsShareController.kt,resolveShareTarget,kotlin,0.81,1.15,0.28,caller
android/app/src/test/java/com/scmessenger/android/test/DropAtCapRetentionTest.kt,`below the cap keeps normal retry path`,kotlin,0.76,1.15,0.31,sibling
android/app/src/test/java/com/scmessenger/android/test/MeshRepositoryTest.kt,nativeCoreAvailable,kotlin,0.8,1.15,0.30000000000000004,callee
android/app/src/test/java/com/scmessenger/android/transport/MdnsDnsaddrInteropTest.kt,`our own peer id advertised by a Rust-style record is filtered as self`,kotlin,0.78,1.15,0.34,sibling
android/app/src/test/java/com/scmessenger/android/utils/NotificationHelperGateTest.kt,`group summary is only posted when one person has both children`,kotlin,0.7,1.15,0.35,callee
cli/src/api_axum.rs,export_diagnostics,rust,0.82,1.15,0.25,caller
cli/src/bootstrap.rs,test_parse_bootstrap_addr,rust,0.76,1.15,0.34,callee
cli/src/config.rs,get,rust,0.81,1.15,0.32,none
cli/src/config.rs,list,rust,0.78,1.15,0.3,caller
core/src/dspy/modules.rs,test_module_metadata_fingerprint,rust,0.74,1.15,0.32,callee
core/src/mobile_bridge.rs,test_mesh_service_config,rust,0.75,1.15,0.3,caller
core/src/relay/peer_exchange.rs,record_success,rust,0.79,1.15,0.27,caller
core/src/routing/global.rs,get_advertisements,rust,0.75,1.15,0.29000000000000004,caller
core/src/routing/neighborhood.rs,gateway_cost,rust,0.71,1.15,0.27,caller
core/src/routing/timeout_budget.rs,phase_elapsed,rust,0.75,1.15,0.30000000000000004,caller
core/src/store/contacts.rs,derive_never_invents_a_key_from_an_identity_id,rust,0.73,1.15,0.32,callee
core/src/store/dedup.rs,record_received,rust,0.74,1.15,0.28,caller
core/src/store/dedup.rs,get_dedup_stats_returns_none_for_unknown,rust,0.73,1.15,0.32,sibling
core/src/store/storage.rs,test_update_disk_stats,rust,0.73,1.15,0.33999999999999997,callee
core/src/transport/addr_filter.rs,same_private_subnet,rust,0.77,1.15,0.30000000000000004,callee
core/src/transport/circuit_breaker.rs,get_state,rust,0.76,1.15,0.30000000000000004,sibling
core/src/transport/diagnostics.rs,compute_avg_latency,rust,0.74,1.15,0.29000000000000004,caller
core/src/transport/observation.rs,configured_external_wins_over_consensus,rust,0.8,1.15,0.36,sibling
core/src/transport/swarm.rs,is_self_endpoint,rust,0.76,1.15,0.30000000000000004,caller
desktop_bridge/src/desktop_bridge.rs,start_ble_scan,rust,0.67,1.15,0.33999999999999997,sibling
iOS/SCMessenger/SCMessenger/Data/MeshRepository.swift,ensureBootstrapRelayConnected,swift,0.81,1.15,0.27,caller
iOS/SCMessenger/SCMessenger/Data/MeshRepository.swift,upsertRoutingListeners,swift,0.81,1.15,0.26,caller
iOS/SCMessenger/SCMessenger/Transport/BLECentralManager.swift,applyScanSettings,swift,0.79,1.15,0.30000000000000004,caller
iOS/SCMessenger/SCMessenger/Views/Settings/DiagnosticsView.swift,clearLogs,swift,0.79,1.15,0.29000000000000004,callee
iOS/SCMessengerTests/NotificationVerificationTests.swift,setUp,swift,0.74,1.15,0.31,caller
wasm/src/connection_state.rs,set_onicecandidate,rust,0.81,1.15,0.30000000000000004,caller
wasm/src/notification_manager.rs,show_notification,rust,0.71,1.15,0.3,sibling
core/src/crypto/ratchet.rs,generate_keypair,rust,0.7,1.15,0.31,callee
android/app/src/main/java/com/scmessenger/android/data/MeshRepository.kt,awaitPeerConnection,kotlin,0.8,1.14,0.26,caller
android/app/src/main/java/com/scmessenger/android/data/MeshRepository.kt,normalizeOutboundListenerHints,kotlin,0.78,1.14,0.27,callee
android/app/src/main/java/com/scmessenger/android/service/AnrWatchdog.kt,buildAnrDiagnostics,kotlin,0.82,1.14,0.26,sibling
android/app/src/main/java/com/scmessenger/android/service/ServiceHealthMonitor.kt,getHealthSummary,kotlin,0.76,1.14,0.27,callee
android/app/src/main/java/com/scmessenger/android/ui/viewmodels/SettingsViewModel.kt,clearError,kotlin,0.76,1.14,0.28,caller
android/app/src/main/java/com/scmessenger/android/utils/NotificationHelper.kt,showPeerDiscoveredNotification,kotlin,0.76,1.14,0.27,sibling
android/app/src/test/java/com/scmessenger/android/data/CellTransportBurnDownTest.kt,throttleKeyTrimsWhitespaceAndDefaultsBlankPurpose,kotlin,0.77,1.14,0.32,callee
android/app/src/test/java/com/scmessenger/android/utils/DeepLinkValidatorTest.kt,`link-local IPv4 is rejected`,kotlin,0.76,1.14,0.32999999999999996,callee
cli/src/ble_mesh.rs,run_ble_peripheral_advertising,rust,0.8,1.14,0.31,callee
cli/src/transport_bridge.rs,get_cli_capabilities,rust,0.79,1.14,0.3,sibling
core/src/abuse/reputation.rs,is_suspicious,rust,0.76,1.14,0.31000000000000005,callee
core/src/abuse/spam_detection.rs,make_engine,rust,0.83,1.14,0.31999999999999995,callee
core/src/drift/rate_limit.rs,new,rust,0.8,1.14,0.32,sibling
core/src/drift/sketch.rs,is_pure,rust,0.76,1.14,0.3,caller
core/src/drift/sketch.rs,xor_in,rust,0.76,1.14,0.28,caller
core/src/mobile_bridge.rs,clear_handle_if_unhealthy,rust,0.77,1.14,0.28,callee
core/src/notification.rs,default,rust,0.66,1.14,0.36,callee
core/src/observability.rs,append,rust,0.8,1.14,0.29000000000000004,callee
core/src/relay/peer_exchange.rs,get_all_peers,rust,0.72,1.14,0.29000000000000004,caller
core/src/routing/engine.rs,local_cell_mut,rust,0.72,1.14,0.31,caller
core/src/routing/engine.rs,global_routes_mut,rust,0.76,1.14,0.31,caller
core/src/routing/local.rs,with_timeouts,rust,0.78,1.14,0.29000000000000004,callee
core/src/routing/neighborhood.rs,new,rust,0.79,1.14,0.29000000000000004,sibling
core/src/routing/resume_prefetch.rs,default,rust,0.68,1.14,0.27,callee
core/src/routing/resume_prefetch.rs,test_get_route_early,rust,0.75,1.14,0.32999999999999996,callee
core/src/transport/abstraction.rs,for_transport,rust,0.79,1.14,0.28,sibling
core/src/transport/circuit_breaker.rs,get_stats,rust,0.75,1.14,0.28,caller
core/src/transport/circuit_breaker.rs,test_last_failure_reason,rust,0.73,1.14,0.31999999999999995,callee
core/src/transport/escalation.rs,create_peer_id,rust,0.74,1.14,0.30000000000000004,none
core/src/transport/manager.rs,get_unhealthy_connections,rust,0.79,1.14,0.29000000000000004,caller
core/src/transport/mesh_routing.rs,prune_recipient_recency,rust,0.72,1.14,0.26,sibling
core/src/transport/mesh_routing.rs,get_best_paths,rust,0.73,1.14,0.30000000000000004,callee
core/src/transport/swarm.rs,select_drift_fallback_carrier,rust,0.82,1.14,0.31,none
core/tests/property/identity_roundtrip.rs,test_property_test_strategies_compile,rust,0.65,1.14,0.37,none
iOS/SCMessenger/SCMessenger/Data/MeshRepository.swift,shouldAttemptDial,swift,0.79,1.14,0.26,caller
iOS/SCMessenger/SCMessenger/Views/Navigation/MainTabView.swift,handleNotificationRoute,swift,0.78,1.14,0.29000000000000004,callee
iOS/SCMessenger/SCMessenger/Views/Navigation/MainTabView.swift,openRequestsInbox,swift,0.77,1.14,0.30000000000000004,caller
core/src/transport/observation.rs,record_observation,rust,0.78,1.14,0.27,caller
core/tests/integration_ws13_migration.rs,identity_hydrate_does_not_rotate_key_material,rust,0.81,1.14,0.33,sibling
android/app/src/main/java/com/scmessenger/android/data/MeshRepository.kt,migrateContactsFromOldLocation,kotlin,0.77,1.13,0.27,caller
android/app/src/main/java/com/scmessenger/android/data/MeshRepository.kt,getRecentMessages,kotlin,0.81,1.13,0.26,callee
android/app/src/main/java/com/scmessenger/android/network/NetworkDiagnostics.kt,isPortOpen,kotlin,0.74,1.13,0.27,sibling
android/app/src/main/java/com/scmessenger/android/transport/SubnetProbe.kt,expandSubnet,kotlin,0.75,1.13,0.28,sibling
android/app/src/main/java/com/scmessenger/android/transport/WifiAwareTransport.kt,sendData,kotlin,0.77,1.13,0.32999999999999996,callee
android/app/src/main/java/com/scmessenger/android/transport/ble/BleScanner.kt,startScanningInternal,kotlin,0.82,1.13,0.28,caller
android/app/src/main/java/com/scmessenger/android/ui/dashboard/PeerListScreen.kt,isSyntheticFallbackNickname,kotlin,0.74,1.13,0.28,caller
android/app/src/main/java/com/scmessenger/android/ui/screens/ContactsScreen.kt,NearbyPeerItem,kotlin,0.81,1.13,0.28,caller
android/app/src/main/java/com/scmessenger/android/ui/viewmodels/MainViewModel.kt,navigateToChat,kotlin,0.79,1.13,0.31,sibling
android/app/src/main/java/com/scmessenger/android/utils/ApkShareManager.kt,handleHttpClient,kotlin,0.83,1.13,0.27,caller
android/app/src/main/java/com/scmessenger/android/utils/SecurityUtils.kt,quarantineCorruptPreferences,kotlin,0.81,1.13,0.26,caller
android/app/src/test/java/com/scmessenger/android/test/ContactsViewModelTest.kt,setup,kotlin,0.73,1.13,0.29000000000000004,callee
android/app/src/test/java/com/scmessenger/android/utils/DeepLinkValidatorTest.kt,`malformed multiaddr without ip prefix is dropped`,kotlin,0.77,1.13,0.32,callee
android/shared/src/androidMain/kotlin/com/scmessenger/shared/platform/PlatformStorage.android.kt,getBoolean,kotlin,0.68,1.13,0.32,sibling
core/src/abuse/auto_block.rs,default,rust,0.74,1.13,0.28,callee
core/src/abuse/reputation.rs,spam_detector,rust,0.77,1.13,0.31,caller
core/src/drift/policy.rs,test_battery_floor_maximum,rust,0.65,1.13,0.33,callee
core/src/drift/rate_limit.rs,test_cleanup_preserves_active,rust,0.75,1.13,0.32999999999999996,callee
core/src/drift/sync.rs,test_merge_envelopes_idempotent,rust,0.72,1.13,0.31000000000000005,callee
core/src/iron_core.rs,ratchet_sessions_handle,rust,0.79,1.13,0.31,caller
core/src/mobile_bridge.rs,dispatch_proximity_packet,rust,0.77,1.13,0.27,callee
core/src/relay/invite.rs,other_signing_key,rust,0.78,1.13,0.3,caller
core/src/routing/engine.rs,test_maintenance_structure,rust,0.74,1.13,0.32,sibling
core/src/routing/global.rs,test_add_route_basic,rust,0.73,1.13,0.3,sibling
core/src/routing/negative_cache.rs,clear,rust,0.75,1.13,0.31,callee
core/src/routing/negative_cache.rs,record_unreachable_with_reputation,rust,0.77,1.13,0.31000000000000005,callee
core/src/routing/negative_cache.rs,test_negative_cache_cleanup,rust,0.74,1.13,0.30000000000000004,callee
core/src/routing/neighborhood.rs,from_battery,rust,0.77,1.13,0.32,none
core/src/routing/resume_prefetch.rs,record_message,rust,0.76,1.13,0.29000000000000004,callee
core/src/routing/resume_prefetch.rs,create_test_route,rust,0.71,1.13,0.29000000000000004,callee
core/src/store/dedup.rs,with_max_entries,rust,0.77,1.13,0.29000000000000004,caller
core/src/store/inbox.rs,test_drain_received_messages,rust,0.76,1.13,0.32,callee
core/src/transport/abstraction.rs,test_transport_capabilities_clone,rust,0.67,1.13,0.3,callee
core/src/transport/dial_policy.rs,get_backoff_state,rust,0.78,1.13,0.29000000000000004,caller
core/src/transport/discovery.rs,with_accept_unknown_peers,rust,0.83,1.13,0.29000000000000004,caller
core/src/transport/manager.rs,is_exhausted,rust,0.71,1.13,0.29,caller
core/src/transport/reflection.rs,new,rust,0.8,1.13,0.28,sibling
core/src/transport/relay_health.rs,get_fallback_relays,rust,0.77,1.13,0.30000000000000004,caller
core/src/transport/swarm.rs,per_peer_share_bounds_a_single_peer_by_default,rust,0.74,1.13,0.33,sibling
core/src/wasm_support/mesh.rs,default,rust,0.72,1.13,0.31,sibling
core/tests/integration_ledger_seeding_hardening.rs,in_memory_core_has_no_on_disk_ledger,rust,0.79,1.13,0.33,none
core/tests/integration_ws13_migration.rs,ws13_contact_roundtrips_with_last_known_device_id,rust,0.79,1.13,0.31,sibling
core/tests/test_and06_public_key_vector_parity.rs,uppercase_hex_is_accepted,rust,0.76,1.13,0.31,sibling
iOS/SCMessenger/SCMessenger/Data/MeshRepository.swift,getIdentityQrPayload,swift,0.8,1.13,0.26,callee
iOS/SCMessenger/SCMessenger/Services/IosPlatformBridge.swift,wifiAwareStop,swift,0.78,1.13,0.29000000000000004,sibling
iOS/SCMessenger/SCMessenger/Transport/BLEL2CAPManager.swift,sendData,swift,0.81,1.13,0.28,sibling
iOS/SCMessenger/SCMessenger/Transport/BLEPeripheralManager.swift,processPendingNotifications,swift,0.78,1.13,0.25,caller
iOS/SCMessenger/SCMessenger/ViewModels/SettingsViewModel.swift,clearBackupImportResult,swift,0.76,1.13,0.29000000000000004,sibling
iOS/SCMessengerCore.xcframework/ios-arm64-simulator/Headers/SCMessengerCore.swift,blockedIdentityWithDeviceId,swift,0.72,1.13,0.30000000000000004,sibling
wasm/src/transport.rs,remove_peer,rust,0.79,1.13,0.27,caller
core/src/crypto/encrypt.rs,generate_keypair,rust,0.69,1.13,0.29000000000000004,callee
core/src/crypto/pq/hybrid.rs,test_tamper_x25519_ephemeral_public,rust,0.74,1.13,0.29000000000000004,sibling
android/app/src/main/java/com/scmessenger/android/data/TopicManager.kt,isSubscribed,kotlin,0.75,1.12,0.26,sibling
android/app/src/main/java/com/scmessenger/android/transport/WifiAwareTransport.kt,cleanup,kotlin,0.74,1.12,0.29000000000000004,callee
android/app/src/main/java/com/scmessenger/android/transport/ble/BleBackoffStrategy.kt,nextDelay,kotlin,0.72,1.12,0.25,sibling
android/app/src/main/java/com/scmessenger/android/transport/ble/BleL2capManager.kt,closeServerSocket,kotlin,0.72,1.12,0.26,caller
android/app/src/main/java/com/scmessenger/android/transport/ble/BleScanner.kt,currentFilters,kotlin,0.67,1.12,0.28,caller
android/app/src/main/java/com/scmessenger/android/utils/CircuitBreaker.kt,getState,kotlin,0.78,1.12,0.28,sibling
android/app/src/test/java/com/scmessenger/android/data/ReceiptUnificationTest.kt,awaitSlotCapture,kotlin,0.79,1.12,0.27,caller
android/app/src/test/java/com/scmessenger/android/test/ChatViewModelTest.kt,`same-millisecond local stamp still keeps the trigger first`,kotlin,0.73,1.12,0.32,sibling
android/app/src/test/java/com/scmessenger/android/test/OrderingAndNotificationRoutingTest.kt,`sound off routes messages to muted twin channels`,kotlin,0.72,1.12,0.27,sibling
android/app/src/test/java/com/scmessenger/android/test/SettingsViewModelTest.kt,`setAutoAdjust true clears overrides`,kotlin,0.74,1.12,0.3,sibling
android/app/src/test/java/com/scmessenger/android/ui/viewmodels/MainViewModelTest.kt,setup,kotlin,0.73,1.12,0.29000000000000004,callee
android/app/src/test/java/com/scmessenger/android/utils/PeerIdValidatorCurveVectorTest.kt,`y values at or above p are rejected`,kotlin,0.69,1.12,0.31,sibling
android/shared/src/desktopMain/kotlin/com/scmessenger/shared/desktop/Main.kt,TrayComposable,kotlin,0.8,1.12,0.29000000000000004,callee
cli/src/bin/stress-test.rs,simulate_send,rust,0.81,1.12,0.30000000000000004,caller
cli/src/ledger.rs,test_stale_address_reaping_via_wrapper,rust,0.79,1.12,0.3,callee
cli/src/main.rs,resolve_auto_reply_body,rust,0.75,1.12,0.27,caller
core/src/dspy/teleprompt.rs,build_auditor_prompt,rust,0.82,1.12,0.31,caller
core/src/iron_core.rs,get_privacy_config,rust,0.72,1.12,0.26,callee
core/src/iron_core.rs,privacy_config,rust,0.74,1.12,0.30000000000000004,caller
core/src/iron_core.rs,get_healthy_relays,rust,0.78,1.12,0.27,caller
core/src/notification_defaults.rs,notifications_enabled,rust,0.77,1.12,0.32,caller
core/src/privacy/timing.rs,test_compute_jitter_uniform,rust,0.76,1.12,0.28,callee
core/src/relay/client.rs,test_relay_connection_state_transitions,rust,0.72,1.12,0.30000000000000004,callee
core/src/routing/adaptive_ttl.rs,cleanup,rust,0.77,1.12,0.25,sibling
core/src/routing/engine.rs,test_routing_decision_structure,rust,0.74,1.12,0.3,sibling
core/src/routing/global.rs,new,rust,0.78,1.12,0.28,sibling
core/src/routing/global.rs,has_route_for,rust,0.74,1.12,0.27,sibling
core/src/routing/negative_cache.rs,test_negative_cache_clear,rust,0.72,1.12,0.31000000000000005,callee
core/src/routing/neighborhood.rs,test_update_gateway,rust,0.78,1.12,0.31,callee
core/src/routing/resume_prefetch.rs,test_prefetch_basic,rust,0.74,1.12,0.31,callee
core/src/store/ledger_entry.rs,find_by_peer_id,rust,0.77,1.12,0.26,caller
core/src/transport/dial_policy.rs,build_relay_addresses,rust,0.78,1.12,0.28,caller
core/src/transport/health.rs,record_bytes_received,rust,0.78,1.12,0.27,caller
core/src/transport/observation.rs,tracker_keeps_direct_and_relayed_connections_separate,rust,0.8,1.12,0.34,callee
core/src/transport/reputation.rs,flush_to_storage,rust,0.79,1.12,0.26,callee
iOS/SCMessenger/SCMessenger/Data/MeshRepository.swift,isTerminalIdentityFailure,swift,0.74,1.12,0.28,caller
iOS/SCMessenger/SCMessenger/Data/MeshRepository.swift,diagnosticsSnapshot,swift,0.79,1.12,0.27,caller
iOS/SCMessenger/SCMessenger/Transport/BLECentralManager.swift,startScan,swift,0.8,1.12,0.25,caller
iOS/SCMessenger/SCMessenger/ViewModels/ContactsViewModel.swift,isSyntheticFallbackNickname,swift,0.74,1.12,0.28,caller
wasm/src/lib.rs,initialize_identity_from_daemon,rust,0.86,1.12,0.28,sibling
android/app/src/main/java/com/scmessenger/android/data/MeshRepository.kt,canonicalContactIdPublic,kotlin,0.73,1.11,0.28,callee
android/app/src/main/java/com/scmessenger/android/service/AnrWatchdog.kt,writeAnrDiagnostics,kotlin,0.8,1.11,0.25,sibling
android/app/src/main/java/com/scmessenger/android/transport/TransportManager.kt,getActiveTransports,kotlin,0.73,1.11,0.25,caller
android/app/src/main/java/com/scmessenger/android/transport/ble/BleGattServer.kt,onMtuChanged,kotlin,0.76,1.11,0.26,sibling
android/app/src/test/java/com/scmessenger/android/transport/MdnsDnsaddrInteropTest.kt,setUp,kotlin,0.75,1.11,0.28,sibling
android/app/src/test/java/com/scmessenger/android/transport/SubnetProbeDialCandidateTest.kt,`no probed port ever yields a websocket multiaddr`,kotlin,0.73,1.11,0.32,callee
android/app/src/test/java/com/scmessenger/android/ui/identity/IdentityViewModelTest.kt,setup,kotlin,0.68,1.11,0.28,sibling
android/app/src/test/java/com/scmessenger/android/ui/viewmodels/ContactsViewModelTest.kt,setup,kotlin,0.74,1.11,0.29000000000000004,sibling
core/src/abuse/spam_detection.rs,test_record_outbound_message,rust,0.74,1.11,0.29,sibling
core/src/crypto/backup.rs,try_decrypt,rust,0.81,1.11,0.25,caller
core/src/drift/sketch.rs,insert,rust,0.77,1.11,0.28,caller
core/src/drift/store.rs,new,rust,0.79,1.11,0.3,sibling
core/src/dspy/modules.rs,create_optimizer,rust,0.76,1.11,0.3,callee
core/src/mobile_bridge.rs,max_payload_size,rust,0.76,1.11,0.27,caller
core/src/relay/server.rs,add_bytes_relayed,rust,0.81,1.11,0.28,caller
core/src/routing/global.rs,test_route_request_resolution,rust,0.64,1.11,0.3,callee
core/src/store/inbox.rs,test_is_duplicate,rust,0.71,1.11,0.35,callee
core/src/store/ledger_entry.rs,is_cgnat,rust,0.75,1.11,0.28,caller
core/src/store/relay_custody.rs,pending_for_destination,rust,0.74,1.11,0.29000000000000004,caller
core/src/transport/abstraction.rs,test_transport_capabilities_for_ble,rust,0.68,1.11,0.3,callee
core/src/transport/ble/beacon.rs,test_beacon_builder_default_rotation,rust,0.67,1.11,0.31,callee
core/src/transport/discovery.rs,test_discovery_mode_properties,rust,0.75,1.11,0.3,sibling
core/src/transport/health.rs,record_bytes_received,rust,0.79,1.11,0.28,sibling
core/src/transport/reflection.rs,enable,rust,0.81,1.11,0.27,caller
core/src/transport/swarm.rs,tracker_with_one_connection,rust,0.75,1.11,0.31,caller
core/tests/integration_dial_policy.rs,test_dial_policy_concurrent_limit_per_peer,rust,0.77,1.11,0.33,callee
desktop_bridge/src/power.rs,power_state_for_event,rust,0.73,1.11,0.29000000000000004,callee
iOS/SCMessenger/SCMessenger/Data/MeshRepository.swift,contactCount,swift,0.77,1.11,0.26,callee
iOS/SCMessenger/SCMessenger/Data/MeshRepository.swift,peerIdStrippedMultiaddr,swift,0.77,1.11,0.25,caller
iOS/SCMessenger/SCMessenger/Data/MeshRepository.swift,displayNameForPeer,swift,0.78,1.11,0.27,callee
iOS/SCMessenger/SCMessenger/Services/IosPlatformBridge.swift,coalesceMotionReport,swift,0.76,1.11,0.23,callee
iOS/SCMessenger/SCMessenger/Transport/BLEPeripheralManager.swift,setupService,swift,0.81,1.11,0.24000000000000002,caller
iOS/SCMessenger/SCMessenger/Utils/NotificationLogger.swift,clearLogs,swift,0.78,1.11,0.24000000000000002,caller
iOS/SCMessengerTests/OutboxRetryPolicyTests.swift,testAckedWithoutReceiptContinuesBeforeAgeCeiling,swift,0.72,1.11,0.29,sibling
wasm/src/lib.rs,get_disk_stats,rust,0.74,1.11,0.26,caller
wasm/src/storage.rs,get_message,rust,0.77,1.11,0.29000000000000004,caller
core/src/crypto/pq/mod.rs,test_tampered_ciphertext,rust,0.7,1.11,0.29000000000000004,callee
core/src/privacy/onion.rs,test_tampered_hybrid_layer_fails_cleanly,rust,0.79,1.11,0.29000000000000004,sibling
iOS/SCMessenger/SCMessenger/Generated/api.swift,ratchetHasSession,swift,0.75,1.11,0.3,callee
android/app/src/main/java/com/scmessenger/android/data/MeshRepository.kt,ensureBootstrapRelayConnected,kotlin,0.79,1.1,0.23,callee
android/app/src/main/java/com/scmessenger/android/service/AndroidPlatformBridge.kt,notifyBackground,kotlin,0.73,1.1,0.33,callee
android/app/src/main/java/com/scmessenger/android/service/PerformanceMonitor.kt,recordServiceStart,kotlin,0.78,1.1,0.24000000000000002,sibling
android/app/src/main/java/com/scmessenger/android/ui/viewmodels/DashboardViewModel.kt,selectAuthoritativeNickname,kotlin,0.72,1.1,0.28,caller
android/app/src/main/java/com/scmessenger/android/ui/viewmodels/SettingsViewModel.kt,clearBackupExportResult,kotlin,0.75,1.1,0.28,caller
android/app/src/main/java/com/scmessenger/android/ui/viewmodels/SettingsViewModel.kt,forceRestartScanning,kotlin,0.76,1.1,0.25,caller
android/app/src/main/java/com/scmessenger/android/ui/viewmodels/SettingsViewModel.kt,setBleRotationEnabled,kotlin,0.78,1.1,0.25,sibling
android/app/src/test/java/com/scmessenger/android/test/OrderingAndNotificationRoutingTest.kt,`sound on routes messages to the normal channels`,kotlin,0.74,1.1,0.28,sibling
android/app/src/test/java/com/scmessenger/android/ui/viewmodels/ConversationsViewModelTest.kt,`blockPeer delegates to repository`,kotlin,0.7,1.1,0.28,callee
android/app/src/test/java/com/scmessenger/android/ui/viewmodels/MainViewModelTest.kt,`invite deep link with absent routePeerId does not dial`,kotlin,0.78,1.1,0.29,sibling
android/app/src/test/java/com/scmessenger/android/utils/ContactDisplayNameTest.kt,`resolveLocalNickname ignores synthetic existing and takes real incoming`,kotlin,0.76,1.1,0.31,sibling
core/src/abuse/spam_detection.rs,is_content_suspicious,rust,0.74,1.1,0.29000000000000004,sibling
core/src/crypto/ratchet.rs,receiving_chain_state,rust,0.81,1.1,0.27,caller
core/src/drift/rate_limit.rs,allow_sync,rust,0.72,1.1,0.28,callee
core/src/relay/peer_exchange.rs,record_success,rust,0.78,1.1,0.28,callee
core/src/relay/peer_exchange.rs,test_peer,rust,0.74,1.1,0.3,callee
core/src/routing/neighborhood.rs,with_max_staleness,rust,0.74,1.1,0.28,callee
core/src/store/ledger_entry.rs,entry_count_with_known_topics,rust,0.73,1.1,0.27,caller
core/src/store/ledger_entry.rs,strip_peer_id_component_does_not_collapse_circuit_to_relay_address,rust,0.71,1.1,0.32,callee
core/src/transport/diagnostics.rs,default,rust,0.66,1.1,0.32999999999999996,callee
core/src/transport/hint_store.rs,prune_older_than,rust,0.67,1.1,0.24000000000000002,callee
core/src/transport/manager.rs,get_healthy_connections,rust,0.78,1.1,0.28,caller
core/src/transport/manager.rs,get_all_connection_stats,rust,0.81,1.1,0.27,callee
core/src/transport/nat.rs,default,rust,0.79,1.1,0.29000000000000004,sibling
core/src/transport/reputation.rs,value,rust,0.62,1.1,0.31,caller
core/src/transport/swarm.rs,note_connection_closed,rust,0.79,1.1,0.29000000000000004,caller
core/src/transport/wifi_direct.rs,with_platform,rust,0.79,1.1,0.26,caller
core/tests/integration_ironcore_roundtrip.rs,on_message_received,rust,0.81,1.1,0.29000000000000004,caller
iOS/SCMessenger/SCMessenger/Data/MeshRepository.swift,getConnectionPathState,swift,0.79,1.1,0.29000000000000004,callee
iOS/SCMessenger/SCMessenger/Services/CoreDelegateImpl.swift,onMessageSent,swift,0.78,1.1,0.24000000000000002,sibling
iOS/SCMessenger/SCMessenger/Transport/BLECentralManager.swift,startScanning,swift,0.79,1.1,0.25,callee
iOS/SCMessengerCore.xcframework/ios-arm64-simulator/Headers/SCMessengerCore.swift,write,swift,0.81,1.1,0.29,callee
core/src/identity/keys.rs,test_v2_keys_non_derivation,rust,0.75,1.1,0.31,callee
android/app/src/main/java/com/scmessenger/android/data/MeshRepository.kt,listContacts,kotlin,0.82,1.09,0.22,caller
android/app/src/main/java/com/scmessenger/android/service/AndroidPlatformBridge.kt,notifyForeground,kotlin,0.74,1.09,0.3,callee
android/app/src/main/java/com/scmessenger/android/service/AnrWatchdog.kt,recordRecoveryEvent,kotlin,0.79,1.09,0.26,caller
android/app/src/main/java/com/scmessenger/android/transport/ble/BleGattClient.kt,disconnect,kotlin,0.8,1.09,0.23,caller
android/app/src/main/java/com/scmessenger/android/ui/MainActivity.kt,showPermissionRationale,kotlin,0.81,1.09,0.24000000000000002,caller
android/app/src/main/java/com/scmessenger/android/ui/join/JoinMeshScreen.kt,SuccessView,kotlin,0.77,1.09,0.21000000000000002,caller
android/app/src/test/java/com/scmessenger/android/test/ReceiptUnificationTest.kt,capturingRouter,kotlin,0.72,1.09,0.26,caller
android/app/src/test/java/com/scmessenger/android/transport/MdnsDnsaddrInteropTest.kt,`explicit peer-id keys still take precedence over dnsaddr`,kotlin,0.8,1.09,0.3,sibling
android/app/src/test/java/com/scmessenger/android/ui/viewmodels/ConversationsViewModelTest.kt,`unblockPeer delegates to repository`,kotlin,0.73,1.09,0.29,sibling
android/app/src/test/java/com/scmessenger/android/utils/NotificationHelperGateTest.kt,setUp,kotlin,0.72,1.09,0.27,sibling
cli/src/ble_mesh.rs,note_macos_btleplug_gatt_unavailable,rust,0.71,1.09,0.25,caller
cli/src/ledger.rs,ready,rust,0.76,1.09,0.26,caller
cli/src/transport_bridge.rs,estimate_path_latency,rust,0.78,1.09,0.23,caller
cli/tests/integration_mesh_acceptance.rs,shared_entries,rust,0.7,1.09,0.25,caller
core/src/drift/envelope.rs,is_expired,rust,0.74,1.09,0.25,caller
core/src/drift/policy.rs,compute_profile,rust,0.71,1.09,0.24000000000000002,sibling
core/src/error.rs,test_mesh_error_display,rust,0.75,1.09,0.31,sibling
core/src/mobile_bridge.rs,on_entering_foreground,rust,0.71,1.09,0.27,callee
core/src/relay/server.rs,get_stats,rust,0.8,1.09,0.27,sibling
core/src/transport/circuit_breaker.rs,test_half_open_failure_reopens_circuit,rust,0.77,1.09,0.31,callee
core/src/transport/manager.rs,test_outgoing_queue_len,rust,0.66,1.09,0.32,callee
core/src/transport/multiport.rs,default,rust,0.76,1.09,0.28,sibling
core/src/transport/observation.rs,remove_connection_by_id,rust,0.78,1.09,0.27,caller
core/src/transport/swarm.rs,infer_seed_network_mode,rust,0.76,1.09,0.26,callee
core/src/transport/swarm.rs,resolve_dns_multiaddr,rust,0.8,1.09,0.29000000000000004,none
core/src/transport/swarm.rs,relay_id,rust,0.74,1.09,0.28,callee
core/tests/mocks/routing.rs,with_decisions,rust,0.7,1.09,0.28,caller
core/tests/mocks/transport.rs,test_mock_swarm_with_peers,rust,0.71,1.09,0.29,callee
core/tests/property/message_serialization.rs,arb_signed_envelope,rust,0.73,1.09,0.29000000000000004,callee
iOS/SCMessenger/SCMessenger/ViewModels/ContactsViewModel.swift,deduplicateByPublicKey,swift,0.77,1.09,0.24000000000000002,sibling
wasm/src/transport.rs,set_remote_answer,rust,0.82,1.09,0.25,sibling
core/src/identity/keys.rs,test_key_generation,rust,0.78,1.09,0.30000000000000004,callee
core/tests/integration_ratchet_persistence.rs,x25519_public_from_signing,rust,0.77,1.09,0.29000000000000004,callee
android/app/src/main/java/com/scmessenger/android/data/MeshRepository.kt,getNatStatus,kotlin,0.75,1.08,0.24000000000000002,caller
android/app/src/main/java/com/scmessenger/android/ui/contacts/AddContactScreen.kt,PermissionRationaleCard,kotlin,0.82,1.08,0.23,caller
android/app/src/main/java/com/scmessenger/android/ui/dashboard/PeerListScreen.kt,PeerCard,kotlin,0.74,1.08,0.22,sibling
android/app/src/main/java/com/scmessenger/android/ui/screens/RequestsInboxScreen.kt,formatTimestamp,kotlin,0.72,1.08,0.23,caller
android/app/src/main/java/com/scmessenger/android/utils/BackoffStrategy.kt,isAtMaxDelay,kotlin,0.68,1.08,0.27,callee
android/app/src/test/java/com/scmessenger/android/data/NicknameAuthorityTest.kt,`real incoming replaces synthetic existing`,kotlin,0.73,1.08,0.30000000000000004,callee
android/app/src/test/java/com/scmessenger/android/transport/MdnsDnsaddrInteropTest.kt,`a Rust node advertising only dnsaddr is discovered`,kotlin,0.79,1.08,0.29,sibling
core/src/crypto/ratchet.rs,skipped_keys_snapshot,rust,0.75,1.08,0.25,caller
core/src/drift/policy.rs,test_battery_floor_override,rust,0.69,1.08,0.30000000000000004,sibling
core/src/mobile_bridge.rs,compute_profile,rust,0.77,1.08,0.27,caller
core/src/notification.rs,disabled_notifications_suppress_delivery,rust,0.72,1.08,0.31,callee
core/src/notification_defaults.rs,sound_enabled,rust,0.74,1.08,0.27999999999999997,caller
core/src/relay/invite.rs,test_record_invitation,rust,0.75,1.08,0.3,callee
core/src/routing/global.rs,best_route_for_hint,rust,0.75,1.08,0.24000000000000002,caller
core/src/store/relay_custody.rs,get_state_info,rust,0.72,1.08,0.25,callee
core/src/transport/circuit_breaker.rs,test_reset_specific_relay,rust,0.71,1.08,0.28,callee
core/src/transport/dial_policy.rs,record_dial_failure,rust,0.79,1.08,0.27,callee
core/src/transport/reflection.rs,test_service_multiple_requests,rust,0.78,1.08,0.30000000000000004,callee
core/src/transport/reflection.rs,test_service_default,rust,0.79,1.08,0.27,callee
core/tests/integration_mycorrhizal_routing.rs,peer_hint,rust,0.75,1.08,0.25,caller
desktop_bridge/src/desktop_bridge.rs,get_ble_adapter_info,rust,0.64,1.08,0.29000000000000004,callee
desktop_bridge/tests/xdg_paths_test.rs,test_xdg_data_dir,rust,0.75,1.08,0.27999999999999997,callee
iOS/SCMessenger/SCMessenger/Data/MeshRepository.swift,clearPublishedIdentity,swift,0.71,1.08,0.24000000000000002,caller
iOS/SCMessenger/SCMessenger/Data/MeshRepository.swift,prioritizeAddressesForCurrentNetwork,swift,0.77,1.08,0.22,callee
iOS/SCMessenger/SCMessenger/Data/MeshRepository.swift,extractIpv6FromMultiaddr,swift,0.78,1.08,0.24000000000000002,caller
iOS/SCMessenger/SCMessenger/Generated/api.swift,getExternalAddresses,swift,0.74,1.08,0.27,callee
iOS/SCMessenger/SCMessenger/Generated/api.swift,write,swift,0.77,1.08,0.27999999999999997,callee
iOS/SCMessenger/SCMessenger/Services/NotificationManager.swift,verifyPermissionFlow,swift,0.75,1.08,0.23,callee
iOS/SCMessenger/SCMessenger/Transport/MultipeerTransport.swift,stopAdvertising,swift,0.77,1.08,0.23,caller
wasm/src/transport.rs,peer_id,rust,0.7,1.08,0.31,caller
core/src/crypto/encrypt.rs,test_large_plaintext,rust,0.79,1.08,0.27,callee
core/src/crypto/kani_proofs.rs,ed25519_conversion_produces_32_bytes,rust,0.76,1.08,0.3,callee
core/tests/integration_pq_session.rs,generate_identities,rust,0.76,1.08,0.27,callee
android/app/src/main/java/com/scmessenger/android/data/MeshRepository.kt,persistIdentityBackup,kotlin,0.81,1.07,0.24000000000000002,caller
android/app/src/main/java/com/scmessenger/android/data/MeshRepository.kt,isBlocked,kotlin,0.76,1.07,0.23,callee
android/app/src/main/java/com/scmessenger/android/service/MeshEventBus.kt,emitPeerEvent,kotlin,0.82,1.07,0.25,sibling
android/app/src/main/java/com/scmessenger/android/service/ServiceHealthMonitor.kt,resetHealth,kotlin,0.65,1.07,0.28,callee
android/app/src/main/java/com/scmessenger/android/service/ServiceHealthMonitor.kt,updateHeartbeat,kotlin,0.79,1.07,0.24000000000000002,sibling
android/app/src/main/java/com/scmessenger/android/transport/WifiAwareTransport.kt,acceptAndPump,kotlin,0.78,1.07,0.22,sibling
android/app/src/main/java/com/scmessenger/android/transport/WifiDirectTransport.kt,onFailure,kotlin,0.83,1.07,0.27,sibling
android/app/src/main/java/com/scmessenger/android/transport/WifiDirectTransport.kt,removeGroup,kotlin,0.78,1.07,0.23,caller
android/app/src/main/java/com/scmessenger/android/ui/contacts/VerifySafetyNumberScreen.kt,VerificationStatusRow,kotlin,0.72,1.07,0.23,caller
android/app/src/main/java/com/scmessenger/android/ui/screens/ChatScreen.kt,formatTimestamp,kotlin,0.74,1.07,0.22,caller
android/app/src/main/java/com/scmessenger/android/ui/screens/SettingsScreen.kt,AdvancedSettingsSection,kotlin,0.82,1.07,0.23,caller
android/app/src/main/java/com/scmessenger/android/utils/SecurityUtils.kt,getSharedPrefsDir,kotlin,0.74,1.07,0.24000000000000002,caller
cli/src/ble_daemon.rs,test_ble_status_disabled,rust,0.7,1.07,0.27,sibling
cli/tests/integration_mesh_acceptance.rs,fixture_nodes,rust,0.65,1.07,0.25,caller
core/src/relay/bootstrap.rs,with_expiry,rust,0.8,1.07,0.25,caller
core/src/relay/bootstrap.rs,get_addresses,rust,0.8,1.07,0.26,sibling
core/src/relay/delegate_prewarm.rs,create_test_delegate,rust,0.73,1.07,0.27,caller
core/src/routing/multipath.rs,new,rust,0.78,1.07,0.26,sibling
core/src/routing/neighborhood.rs,gateways_for_hint,rust,0.74,1.07,0.25,caller
core/src/routing/timeout_budget.rs,test_budget_summary,rust,0.65,1.07,0.27999999999999997,callee
core/src/store/ledger_entry.rs,truncate_tail_for_log,rust,0.74,1.07,0.25,none
core/src/transport/ble/scanner.rs,calculate_pause_duration_ms,rust,0.72,1.07,0.23,caller
core/src/transport/bootstrap.rs,default,rust,0.77,1.07,0.28,sibling
core/src/wasm_support/transport.rs,test_connection_state_transitions,rust,0.67,1.07,0.33,none
core/tests/integration_retry_lifecycle.rs,make_msg,rust,0.75,1.07,0.25,caller
desktop_bridge/tests/xdg_paths_test.rs,test_desktop_version_non_empty,rust,0.69,1.07,0.29,callee
iOS/SCMessenger/SCMessenger/ContactManagerFix.swift,flush,swift,0.75,1.07,0.26,callee
iOS/SCMessenger/SCMessenger/Services/IosPlatformBridge.swift,wifiDirectRemoveGroup,swift,0.78,1.07,0.28,sibling
iOS/SCMessenger/SCMessenger/Services/NotificationManager.swift,title,swift,0.73,1.07,0.25,caller
iOS/SCMessenger/SCMessenger/Transport/BLEPeripheralManager.swift,cleanupReconnectionState,swift,0.77,1.07,0.23,caller
iOS/SCMessenger/SCMessenger/Transport/mDNSServiceDiscovery.swift,stopBrowsing,swift,0.77,1.07,0.2,caller
iOS/SCMessenger/SCMessenger/Utils/Theme.swift,themedCard,swift,0.66,1.07,0.23,sibling
iOS/SCMessenger/SCMessenger/Views/Settings/DiagnosticsView.swift,startAutoRefresh,swift,0.78,1.07,0.23,sibling
wasm/src/daemon_bridge.rs,response_roundtrip,rust,0.7,1.07,0.29000000000000004,callee
wasm/src/transport.rs,state,rust,0.74,1.07,0.28,callee
core/src/crypto/encrypt.rs,test_sender_public_key_in_envelope,rust,0.74,1.07,0.27,callee
core/src/crypto/pq/hybrid.rs,test_roundtrip,rust,0.76,1.07,0.27,sibling
core/src/privacy/onion.rs,derive_layer_key,rust,0.78,1.07,0.23,caller
android/app/src/main/java/com/scmessenger/android/data/MeshRepository.kt,stopNetworkChangeWatch,kotlin,0.76,1.06,0.23,caller
android/app/src/main/java/com/scmessenger/android/data/MeshRepository.kt,getLocalIpAddress,kotlin,0.75,1.06,0.23,caller
android/app/src/main/java/com/scmessenger/android/service/MeshEventBus.kt,emitMessageEvent,kotlin,0.8,1.06,0.22,sibling
android/app/src/main/java/com/scmessenger/android/service/PerformanceMonitor.kt,recordServiceStop,kotlin,0.76,1.06,0.23,callee
android/app/src/main/java/com/scmessenger/android/service/ServiceHealthMonitor.kt,stopMonitoring,kotlin,0.78,1.06,0.22,caller
android/app/src/main/java/com/scmessenger/android/ui/MainActivity.kt,requestNotificationPermissionIfNeeded,kotlin,0.82,1.06,0.23,caller
android/app/src/main/java/com/scmessenger/android/ui/screens/RequestsInboxScreen.kt,RequestList,kotlin,0.77,1.06,0.23,caller
android/app/src/main/java/com/scmessenger/android/ui/viewmodels/DashboardViewModel.kt,determineTransport,kotlin,0.75,1.06,0.22,caller
android/app/src/test/java/com/scmessenger/android/data/CellTransportBurnDownTest.kt,rfc1918AndLoopbackAreNotAdmitted,kotlin,0.73,1.06,0.30000000000000004,callee
android/app/src/test/java/com/scmessenger/android/test/ReceiptWindowTest.kt,fakeContext,kotlin,0.76,1.06,0.22999999999999998,sibling
android/app/src/test/java/com/scmessenger/android/transport/MdnsDnsaddrInteropTest.kt,`a dnsaddr carrying an invalid peer id is ignored rather than synthesised`,kotlin,0.76,1.06,0.31,sibling
core/src/crypto/ratchet.rs,as_bytes,rust,0.72,1.06,0.27,caller
core/src/drift/rate_limit.rs,test_window_expiry,rust,0.72,1.06,0.28,sibling
core/src/drift/store.rs,by_priority,rust,0.7,1.06,0.25,callee
core/src/iron_core.rs,drift_store_size,rust,0.75,1.06,0.24,caller
core/src/privacy/mod.rs,full,rust,0.76,1.06,0.25,sibling
core/src/relay/invite.rs,with_metadata,rust,0.79,1.06,0.26,caller
core/src/routing/engine.rs,local_cell,rust,0.7,1.06,0.25,caller
core/src/routing/local.rs,make_hint,rust,0.7,1.06,0.25,caller
core/src/routing/local.rs,test_peer_seen_creates_active_peer,rust,0.74,1.06,0.30000000000000004,callee
core/src/store/dedup.rs,record_duplicate,rust,0.73,1.06,0.24,sibling
core/src/store/inbox.rs,make_received,rust,0.79,1.06,0.22,sibling
core/src/transport/addr_filter.rs,teredo_ipv4s,rust,0.77,1.06,0.27,caller
core/src/transport/bootstrap.rs,discover_fallback_nodes,rust,0.77,1.06,0.27,caller
core/src/transport/bootstrap.rs,test_bootstrap_manager_add_node,rust,0.76,1.06,0.28,callee
core/src/transport/manager.rs,clear,rust,0.74,1.06,0.28,caller
core/src/transport/manager.rs,is_peer_connected,rust,0.74,1.06,0.24000000000000002,caller
core/src/transport/manager.rs,reconnection_queue_len,rust,0.79,1.06,0.25,sibling
core/tests/mocks/identity.rs,generate_mock_identities,rust,0.77,1.06,0.24,callee
desktop_bridge/src/tray.rs,test_tray_connected_with_peers,rust,0.66,1.06,0.27,callee
desktop_bridge/src/xdg_paths.rs,resolve_xdg_paths,rust,0.74,1.06,0.22,caller
iOS/SCMessenger/SCMessenger/Data/MeshRepository.swift,validatePublishedIdentityAfterHydration,swift,0.79,1.06,0.22,callee
iOS/SCMessenger/SCMessenger/Data/MeshRepository.swift,selectAuthoritativeNickname,swift,0.72,1.06,0.23,callee
iOS/SCMessenger/SCMessenger/Data/MeshRepository.swift,pauseService,swift,0.78,1.06,0.27,callee
iOS/SCMessenger/SCMessenger/Transport/BLECentralManager.swift,cleanupReconnectionState,swift,0.76,1.06,0.22,caller
iOS/SCMessenger/SCMessenger/Transport/MultipeerTransport.swift,setupPeerID,swift,0.8,1.06,0.23,callee
iOS/SCMessenger/SCMessenger/Transport/mDNSServiceDiscovery.swift,cleanup,swift,0.81,1.06,0.26,callee
iOS/SCMessenger/SCMessenger/Views/Dashboard/MeshDashboardView.swift,isRecentlyOnline,swift,0.68,1.06,0.23,caller
iOS/SCMessengerCore.xcframework/ios-arm64/Headers/SCMessengerCore.swift,write,swift,0.81,1.06,0.27999999999999997,callee
core/src/relay/findmy.rs,test_different_keys_produce_different_output,rust,0.77,1.06,0.27999999999999997,callee
core/tests/integration_e00_drift_v2_diag.rs,node_keys,rust,0.72,1.06,0.26,callee
core/tests/integration_ironcore_roundtrip.rs,make_node,rust,0.76,1.06,0.27,caller
AgentSwarmCline/scmessenger_swarm/observability_tests.rs,valid_payload_with_zero_latency,rust,0.71,1.05,0.27,caller
android/app/src/main/java/com/scmessenger/android/data/MeshRepository.kt,mutePeer,kotlin,0.77,1.05,0.24000000000000002,callee
android/app/src/main/java/com/scmessenger/android/data/MeshRepository.kt,getDiagnosticsLogs,kotlin,0.76,1.05,0.22,callee
android/app/src/main/java/com/scmessenger/android/service/MeshForegroundService.kt,isCurrentLifecycleCommand,kotlin,0.72,1.05,0.24,sibling
android/app/src/main/java/com/scmessenger/android/transport/NetworkDetector.kt,probePorts,kotlin,0.81,1.05,0.21,caller
android/app/src/main/java/com/scmessenger/android/transport/ble/BleAdvertiser.kt,setIdentityData,kotlin,0.77,1.05,0.2,caller
android/app/src/main/java/com/scmessenger/android/transport/ble/BleL2capManager.kt,sendData,kotlin,0.79,1.05,0.23,callee
android/app/src/main/java/com/scmessenger/android/ui/screens/DashboardScreen.kt,formatDuration,kotlin,0.73,1.05,0.23,sibling
android/app/src/main/java/com/scmessenger/android/ui/viewmodels/SettingsViewModel.kt,setShowPeerCount,kotlin,0.74,1.05,0.23,sibling
android/app/src/test/java/com/scmessenger/android/data/CellTransportBurnDownTest.kt,differentAddressesGetDifferentKeysEvenSamePurpose,kotlin,0.7,1.05,0.26,callee
android/app/src/test/java/com/scmessenger/android/transport/SubnetProbeDialCandidateTest.kt,`default probe targets keep the websocket port out of dials`,kotlin,0.73,1.05,0.29000000000000004,sibling
android/app/src/test/java/com/scmessenger/android/utils/PeerIdValidatorCurveVectorTest.kt,`y equals one is a valid point only with sign bit zero`,kotlin,0.73,1.05,0.27,sibling
android/app/src/test/java/com/scmessenger/android/utils/SecurityUtilsTest.kt,setUp,kotlin,0.67,1.05,0.27,sibling
android/shared/src/desktopMain/kotlin/com/scmessenger/shared/desktop/Main.kt,MasterDetailLayout,kotlin,0.8,1.05,0.21000000000000002,caller
cli/src/ledger.rs,extract_ip_port,rust,0.75,1.05,0.26,caller
cli/src/ledger.rs,test_add_bootstrap_marks_verified_and_skips_self,rust,0.76,1.05,0.29,callee
core/src/drift/frame.rs,test_frame_length_calculation,rust,0.71,1.05,0.3,callee
core/src/drift/rate_limit.rs,test_deny_sync_over_limit,rust,0.75,1.05,0.28,sibling
core/src/drift/store.rs,merge,rust,0.73,1.05,0.27,callee
core/src/notification_defaults.rs,notify_dm_enabled,rust,0.78,1.05,0.27,caller
core/src/privacy/circuit.rs,test_circuit_path_hop_count,rust,0.7,1.05,0.31,sibling
core/src/privacy/onion.rs,create_classical_hop,rust,0.75,1.05,0.24,sibling
core/src/relay/delegate_prewarm.rs,select_best_delegates,rust,0.72,1.05,0.2,caller
core/src/relay/invite.rs,is_direct_connection,rust,0.77,1.05,0.26,sibling
core/src/routing/local.rs,active_peers,rust,0.75,1.05,0.24000000000000002,callee
core/src/routing/optimized_engine.rs,base_engine,rust,0.71,1.05,0.27,caller
core/src/routing/resume_prefetch.rs,top_frequent_peers,rust,0.7,1.05,0.23,caller
core/src/transport/dial_policy.rs,multiaddr_to_key,rust,0.73,1.05,0.23,sibling
core/src/transport/health.rs,quality_score,rust,0.77,1.05,0.22,caller
core/src/transport/manager.rs,test_transport_manager_creation,rust,0.74,1.05,0.27,callee
core/src/transport/swarm.rs,is_canonical_reservation_addr,rust,0.79,1.05,0.27,callee
core/src/transport/swarm.rs,is_event_loop_alive,rust,0.77,1.05,0.26,caller
core/src/transport/swarm.rs,extract_tcp_port_from_multiaddr,rust,0.74,1.05,0.28,caller
core/src/wasm_support/storage.rs,messages_for_hint,rust,0.75,1.05,0.24000000000000002,caller
desktop_bridge/src/power.rs,detect_linux_power_state,rust,0.75,1.05,0.21000000000000002,sibling
desktop_bridge/tests/xdg_paths_test.rs,test_xdg_data_dir_contains_scmessenger,rust,0.7,1.05,0.27,callee
iOS/SCMessenger/SCMessenger/Transport/BLEPeripheralManager.swift,payloadFingerprint,swift,0.77,1.05,0.26,caller
iOS/SCMessenger/SCMessenger/ViewModels/SettingsViewModel.swift,exportDiagnostics,swift,0.77,1.05,0.26,caller
iOS/SCMessengerTests/BackupPassphraseValidatorTests.swift,testMatchingPassphraseOfSufficientLengthIsValid,swift,0.7,1.05,0.27,callee
wasm/src/lib.rs,temp_storage_path,rust,0.71,1.05,0.24000000000000002,caller
wasm/src/transport.rs,state,rust,0.75,1.05,0.27,caller
wasm/src/transport.rs,test_transport_state_enum,rust,0.6,1.05,0.28,none
core/src/mobile_bridge.rs,make_keypair_pubkey_and_identity_id,rust,0.79,1.05,0.24,callee
iOS/SCMessenger/SCMessenger/Generated/api.swift,ratchetHasSession,swift,0.73,1.05,0.27,callee
android/app/src/main/java/com/scmessenger/android/data/MeshRepository.kt,listBlockedPeers,kotlin,0.77,1.04,0.22,callee
android/app/src/main/java/com/scmessenger/android/transport/ble/BleGattClient.kt,enqueueGattOp,kotlin,0.75,1.04,0.22,callee
android/app/src/main/java/com/scmessenger/android/ui/components/StorageWarningBanner.kt,StorageWarningBanner,kotlin,0.72,1.04,0.2,sibling
android/app/src/test/java/com/scmessenger/android/data/NicknameAuthorityTest.kt,`real incoming fills empty existing`,kotlin,0.72,1.04,0.26,callee
android/app/src/test/java/com/scmessenger/android/test/ReceiptUnificationTest.kt,cleanup,kotlin,0.77,1.04,0.23,callee
android/app/src/test/java/com/scmessenger/android/utils/ContactDisplayNameTest.kt,`both present - primary with secondary in parentheses`,kotlin,0.72,1.04,0.28,callee
cli/src/ble_mesh.rs,peer_suffix,rust,0.7,1.04,0.23,sibling
cli/src/ledger.rs,entry_count,rust,0.75,1.04,0.27,callee
cli/src/ledger.rs,test_try_begin_dial_allows_concurrent_dials_to_different_addresses,rust,0.78,1.04,0.29,callee
core/src/drift/rate_limit.rs,test_different_peers_independent,rust,0.76,1.04,0.29,sibling
core/src/relay/bootstrap.rs,test_bootstrap_method_enum,rust,0.66,1.04,0.28,none
core/src/relay/peer_exchange.rs,mark_seen,rust,0.71,1.04,0.22,caller
core/src/routing/global.rs,test_max_total_routes,rust,0.7,1.04,0.25,sibling
core/src/routing/global.rs,test_pending_requests_getter,rust,0.67,1.04,0.27,sibling
core/src/store/contacts.rs,identity_id_index_key,rust,0.73,1.04,0.22,caller
core/src/store/inbox.rs,total_count,rust,0.73,1.04,0.24000000000000002,callee
core/src/store/logs.rs,init_install_time,rust,0.77,1.04,0.2,sibling
core/src/store/outbox.rs,total_count,rust,0.74,1.04,0.23,callee
core/src/transport/addr_filter.rs,ipv4_permitted,rust,0.67,1.04,0.25,callee
core/src/transport/dial_policy.rs,record_permanent_failure,rust,0.75,1.04,0.24000000000000002,callee
core/src/transport/health.rs,record_message_failure,rust,0.76,1.04,0.24000000000000002,caller
core/src/transport/manager.rs,peers_on_transport,rust,0.79,1.04,0.23,caller
core/src/transport/manager.rs,transports_for_peer,rust,0.79,1.04,0.22,caller
core/tests/integration_retry_lifecycle.rs,recipient_hint_hex,rust,0.79,1.04,0.25,caller
iOS/SCMessenger/SCMessenger/Data/MeshRepository.swift,isLibp2pPeerId,swift,0.76,1.04,0.23,sibling
iOS/SCMessenger/SCMessenger/Generated/api.swift,write,swift,0.78,1.04,0.27,callee
iOS/SCMessenger/SCMessenger/Views/Contacts/ContactsListView.swift,makeUIViewController,swift,0.79,1.04,0.21000000000000002,sibling
core/tests/integration_e00_ratchet_wiring.rs,make_node,rust,0.78,1.04,0.26,caller
android/app/src/main/java/com/scmessenger/android/data/MeshRepository.kt,getMessageIdTracking,kotlin,0.74,1.03,0.21000000000000002,callee
android/app/src/main/java/com/scmessenger/android/network/NetworkDiagnostics.kt,testDnsResolution,kotlin,0.78,1.03,0.2,caller
android/app/src/main/java/com/scmessenger/android/ui/viewmodels/ChatViewModel.kt,clearInput,kotlin,0.74,1.03,0.22,caller
android/app/src/main/java/com/scmessenger/android/ui/viewmodels/ContactsViewModel.kt,isDismissed,kotlin,0.72,1.03,0.23,callee
android/app/src/main/java/com/scmessenger/android/ui/viewmodels/DashboardViewModel.kt,sortPeersForUnifiedView,kotlin,0.65,1.03,0.21000000000000002,caller
android/app/src/test/java/com/scmessenger/android/transport/MdnsServiceDiscoveryTest.kt,tearDown,kotlin,0.74,1.03,0.24,callee
android/app/src/test/java/com/scmessenger/android/ui/viewmodels/ConversationsViewModelTest.kt,`blockAndDeletePeer delegates to repository`,kotlin,0.72,1.03,0.26,sibling
cli/src/api.rs,generate_run_id,rust,0.66,1.03,0.18,caller
core/src/drift/store.rs,priority_score,rust,0.71,1.03,0.2,caller
core/src/drift/store.rs,test_merge_commutativity,rust,0.68,1.03,0.27,callee
core/src/dspy/teleprompt.rs,build_verifier_prompt,rust,0.78,1.03,0.28,caller
core/src/identity/keys.rs,peer_id_triad_accepts_prefixes_and_rejects_junk,rust,0.7,1.03,0.26,callee
core/src/mobile_bridge.rs,is_running,rust,0.75,1.03,0.22999999999999998,caller
core/src/relay/bootstrap.rs,test_invite_payload_with_group_key,rust,0.71,1.03,0.29,callee
core/src/relay/invite.rs,with_expiry,rust,0.8,1.03,0.25,caller
core/src/relay/protocol.rs,mobile,rust,0.77,1.03,0.22999999999999998,caller
core/src/routing/timeout_budget.rs,is_final_phase,rust,0.53,1.03,0.25,callee
core/src/store/ledger_entry.rs,is_dns_multiaddr,rust,0.78,1.03,0.24,caller
core/src/store/ledger_entry.rs,peer,rust,0.72,1.03,0.26,sibling
core/src/store/ledger_entry.rs,ledger_entry_to_shared_never_binds_target_peer_id_to_relay_address,rust,0.69,1.03,0.26,callee
core/src/transport/circuit_breaker.rs,get_open_circuits,rust,0.76,1.03,0.24000000000000002,caller
core/src/transport/health.rs,record_message_success,rust,0.77,1.03,0.25,caller
core/src/transport/hint_store.rs,peer_hint_dial_candidates,rust,0.75,1.03,0.22,callee
core/src/transport/mesh_routing.rs,calculate_score,rust,0.76,1.03,0.22,caller
core/src/transport/observation.rs,get_connection_by_id,rust,0.78,1.03,0.25,sibling
core/src/transport/relay_health.rs,get_all_metrics,rust,0.69,1.03,0.24,caller
iOS/SCMessenger/SCMessenger/Data/MeshRepository.swift,isSyntheticFallbackNickname,swift,0.69,1.03,0.24000000000000002,caller
iOS/SCMessenger/SCMessenger/Data/MeshRepository.swift,getNatStatus,swift,0.79,1.03,0.25,caller
iOS/SCMessenger/SCMessenger/Data/MeshRepository.swift,loadPendingOutbox,swift,0.8,1.03,0.2,caller
iOS/SCMessenger/SCMessenger/Transport/BLEPeripheralManager.swift,stopAdvertising,swift,0.76,1.03,0.21000000000000002,caller
wasm/src/connection_state.rs,connection_count,rust,0.74,1.03,0.24,callee
cli/tests/integration_message_requests.rs,message_request_lifecycle_reject,rust,0.79,1.03,0.24,sibling
android/app/src/main/java/com/scmessenger/android/transport/NetworkDetector.kt,startMonitoring,kotlin,0.8,1.02,0.23,callee
android/app/src/main/java/com/scmessenger/android/ui/screens/SettingsScreen.kt,ServiceControlSection,kotlin,0.77,1.02,0.2,caller
android/app/src/main/java/com/scmessenger/android/ui/viewmodels/ContactsViewModel.kt,isSyntheticFallbackNickname,kotlin,0.72,1.02,0.22,caller
android/app/src/test/java/com/scmessenger/android/data/IdentityUnificationCanonicalIdTest.kt,fakeContext,kotlin,0.78,1.02,0.24,caller
android/app/src/test/java/com/scmessenger/android/test/DropAtCapRetentionTest.kt,`below-cap entries keep the normal gates`,kotlin,0.74,1.02,0.25,sibling
android/app/src/test/java/com/scmessenger/android/test/MeshRepositoryTest.kt,`mesh participation helper is deterministic`,kotlin,0.68,1.02,0.28,callee
android/app/src/test/java/com/scmessenger/android/utils/DeepLinkValidatorTest.kt,`empty string is dropped`,kotlin,0.73,1.02,0.28,callee
android/shared/src/commonMain/kotlin/com/scmessenger/shared/viewmodel/ChatViewModel.kt,updateInput,kotlin,0.7,1.02,0.22,sibling
core/src/dspy/teleprompt.rs,add_golden_examples,rust,0.75,1.02,0.21000000000000002,caller
core/src/notification_defaults.rs,notify_dm_request_enabled,rust,0.78,1.02,0.25,sibling
core/src/relay/bootstrap.rs,test_bootstrap_manager_creation,rust,0.72,1.02,0.27,callee
core/src/relay/protocol.rs,full_relay,rust,0.77,1.02,0.25,caller
core/src/routing/engine.rs,test_routing_layer_enum,rust,0.69,1.02,0.28,none
core/src/routing/negative_cache.rs,hash_positions,rust,0.71,1.02,0.23,caller
core/src/store/dedup.rs,clear,rust,0.68,1.02,0.27,callee
core/src/store/relay_custody.rs,has_message_for_destination,rust,0.67,1.02,0.23,callee
core/src/transport/ble/gatt.rs,test_gatt_fragment_payload_size,rust,0.67,1.02,0.25,callee
core/src/transport/discovery.rs,test_discovery_mode_lan_only,rust,0.75,1.02,0.25,sibling
core/src/transport/mesh_routing.rs,record_recipient_seen_now,rust,0.73,1.02,0.25,callee
core/src/transport/wifi_direct.rs,test_group_owner_intent_charging_prefers_owner,rust,0.71,1.02,0.27,sibling
core/src/transport/wifi_direct.rs,test_group_owner_intent_high_battery_prefers_owner,rust,0.67,1.02,0.25,sibling
core/src/wasm_support/mesh.rs,get_libp2p_peer_id,rust,0.74,1.02,0.23,sibling
core/tests/integration_wan_swarm_node2.rs,mock_capabilities,rust,0.76,1.02,0.22999999999999998,caller
core/tests/mocks/transport.rs,remove_peer,rust,0.74,1.02,0.25,caller
desktop_bridge/src/lib.rs,xdg_config_dir,rust,0.72,1.02,0.23,caller
desktop_bridge/src/power.rs,set_idle_inhibited,rust,0.77,1.02,0.25,caller
iOS/SCMessenger/SCMessenger/Data/MeshRepository.swift,parseRoutingHintsFromNotes,swift,0.8,1.02,0.21000000000000002,callee
iOS/SCMessenger/SCMessenger/Views/Dashboard/MeshDashboardView.swift,transportFromMultiaddr,swift,0.78,1.02,0.24000000000000002,caller
patch/if-watch/src/lib.rs,poll,rust,0.57,1.02,0.28,sibling
wasm/src/notification_manager.rs,default,rust,0.73,1.02,0.28,callee
android/app/src/main/java/com/scmessenger/android/data/MeshRepository.kt,performStartupDialSweep,kotlin,0.78,1.01,0.17,callee
android/app/src/main/java/com/scmessenger/android/transport/NetworkDetector.kt,toLogString,kotlin,0.69,1.01,0.21000000000000002,sibling
android/app/src/main/java/com/scmessenger/android/ui/dashboard/PeerListScreen.kt,formatTimestamp,kotlin,0.69,1.01,0.23,caller
android/app/src/main/java/com/scmessenger/android/ui/screens/RequestsInboxScreen.kt,RequestItem,kotlin,0.78,1.01,0.18000000000000002,caller
android/app/src/main/java/com/scmessenger/android/ui/viewmodels/SettingsViewModel.kt,setThemeMode,kotlin,0.73,1.01,0.21000000000000002,caller
android/app/src/main/java/com/scmessenger/android/utils/StorageManager.kt,getDirSize,kotlin,0.73,1.01,0.2,caller
android/app/src/test/java/com/scmessenger/android/test/DeliveryStateMapperTest.kt,`exhausted flag does not override a delivered receipt`,kotlin,0.77,1.01,0.25,sibling
android/app/src/test/java/com/scmessenger/android/test/MeshApplicationScheduleTest.kt,`mesh sync work request runs every 15 minutes`,kotlin,0.73,1.01,0.26,callee
android/app/src/test/java/com/scmessenger/android/test/MeshForegroundServiceTest.kt,`explicit start resolves to Start`,kotlin,0.77,1.01,0.27,callee
android/app/src/test/java/com/scmessenger/android/ui/viewmodels/MainViewModelTest.kt,`invite deep link when sanitisation yields empty list does not dial`,kotlin,0.76,1.01,0.25,sibling
android/app/src/test/java/com/scmessenger/android/utils/ContactDisplayNameTest.kt,`localNickname beats synthetic fallback`,kotlin,0.75,1.01,0.26,sibling
android/app/src/test/java/com/scmessenger/android/utils/DeepLinkValidatorTest.kt,`multicast IPv4 is rejected`,kotlin,0.77,1.01,0.26,callee
cli/src/ble_mesh.rs,diagnostic_message_hash,rust,0.73,1.01,0.23,callee
cli/src/main.rs,self_certifying_peer,rust,0.73,1.01,0.21000000000000002,caller
core/src/drift/rate_limit.rs,test_allow_sync_under_limit,rust,0.73,1.01,0.26,sibling
core/src/drift/rate_limit.rs,test_cleanup_expired,rust,0.72,1.01,0.25,callee
core/src/drift/rate_limit.rs,test_zero_limit,rust,0.67,1.01,0.28,callee
core/src/drift/relay.rs,test_messages_for_recipient,rust,0.78,1.01,0.24,callee
core/src/dspy/modules.rs,build_security_audit_pipeline,rust,0.82,1.01,0.24,callee
core/src/iron_core.rs,drift_network_state,rust,0.74,1.01,0.23,caller
core/src/relay/findmy.rs,test_find_my_config_default,rust,0.68,1.01,0.25,sibling
core/src/relay/peer_exchange.rs,get_peers_by_reliability,rust,0.72,1.01,0.2,caller
core/src/relay/server.rs,stored_count_for_peer,rust,0.74,1.01,0.24000000000000002,sibling
core/src/store/contacts.rs,with_nickname,rust,0.76,1.01,0.22,caller
core/src/store/contacts.rs,display_name,rust,0.67,1.01,0.21000000000000002,caller
core/src/transport/bootstrap.rs,state,rust,0.71,1.01,0.27,caller
core/src/transport/circuit_breaker.rs,get_failure_count,rust,0.73,1.01,0.21000000000000002,sibling
desktop_bridge/src/desktop_bridge.rs,stop_ble_scan,rust,0.6,1.01,0.26,sibling
iOS/SCMessenger/SCMessenger/Data/MeshRepository.swift,currentNotificationSettings,swift,0.78,1.01,0.21000000000000002,callee
iOS/SCMessenger/SCMessenger/Data/MeshRepository.swift,setAutoAdjustEnabled,swift,0.79,1.01,0.2,callee
iOS/SCMessenger/SCMessenger/Generated/api.swift,getListeners,swift,0.69,1.01,0.26,callee
iOS/SCMessenger/SCMessenger/Services/NotificationManager.swift,markMessageRead,swift,0.73,1.01,0.19,caller
wasm/src/transport.rs,get_peer,rust,0.76,1.01,0.23,caller
core/tests/integration_e00_drift_v2_diag.rs,make_node,rust,0.78,1.01,0.25,caller
core/tests/property/identity_roundtrip.rs,test_export_format,rust,0.78,1.01,0.24,sibling
android/app/src/androidTest/java/com/scmessenger/android/ui/identity/IdentityCreationFlowTest.kt,contentDescription_helpers_resolve,kotlin,0.6,1.0,0.28,sibling
android/app/src/main/java/com/scmessenger/android/data/MeshRepository.kt,retainUndeliveredAtAttemptCap,kotlin,0.73,1.0,0.22,caller
android/app/src/main/java/com/scmessenger/android/data/TopicManager.kt,filterMessagesByTopic,kotlin,0.66,1.0,0.23,caller
android/app/src/main/java/com/scmessenger/android/service/MeshForegroundService.kt,tryStartForeground,kotlin,0.78,1.0,0.2,callee
android/app/src/main/java/com/scmessenger/android/transport/WifiDirectTransport.kt,stopDiscovery,kotlin,0.77,1.0,0.18000000000000002,callee
android/app/src/main/java/com/scmessenger/android/transport/ble/BleQuotaManager.kt,pruneOldTimestamps,kotlin,0.63,1.0,0.21000000000000002,caller
android/app/src/main/java/com/scmessenger/android/ui/components/CopyableText.kt,CopyableText,kotlin,0.77,1.0,0.22,sibling
android/app/src/main/java/com/scmessenger/android/ui/viewmodels/ChatViewModel.kt,observePeerEvents,kotlin,0.82,1.0,0.21000000000000002,callee
android/app/src/test/java/com/scmessenger/android/data/BootstrapCandidateMergeTest.kt,provenCandidatesPassThroughInOrderWithNoSeeds,kotlin,0.73,1.0,0.24000000000000002,callee
android/app/src/test/java/com/scmessenger/android/transport/SubnetProbeDialCandidateTest.kt,`websocket port yields no dial candidate`,kotlin,0.75,1.0,0.24000000000000002,sibling
android/shared/src/desktopMain/kotlin/com/scmessenger/shared/desktop/ContactList.kt,ContactList,kotlin,0.75,1.0,0.15,sibling
cli/src/cli.rs,test_cli_parse_status,rust,0.74,1.0,0.25,callee
core/src/abuse/reputation.rs,test_neutral_peer_has_neutral_score,rust,0.74,1.0,0.24,callee
core/src/contacts_bridge.rs,display_name,rust,0.7,1.0,0.22,caller
core/src/crypto/ratchet.rs,sending_chain_state,rust,0.77,1.0,0.21000000000000002,caller
core/src/crypto/ratchet.rs,test_chain_ratchet_advances,rust,0.74,1.0,0.27,callee
core/src/drift/policy.rs,test_scan_interval_override,rust,0.66,1.0,0.25,sibling
core/src/drift/rate_limit.rs,allow_sync_at,rust,0.73,1.0,0.2,sibling
core/src/drift/relay.rs,network_state,rust,0.72,1.0,0.24,sibling
core/src/dspy/modules.rs,build_rust_feature_pipeline,rust,0.78,1.0,0.24,caller
core/src/iron_core.rs,blocked_only_peer_ids_set,rust,0.7,1.0,0.21000000000000002,callee
core/src/mobile_bridge.rs,history_peer_matches,rust,0.74,1.0,0.21000000000000002,sibling
core/src/relay/client.rs,test_create_handshake,rust,0.72,1.0,0.22999999999999998,callee
core/src/relay/server.rs,is_peer_connected,rust,0.74,1.0,0.24000000000000002,caller
core/src/routing/engine.rs,test_routing_engine_creation,rust,0.63,1.0,0.25,callee
core/src/routing/optimized_engine.rs,base_engine_mut,rust,0.73,1.0,0.25,caller
core/src/routing/timeout_budget.rs,should_advance,rust,0.64,1.0,0.19,sibling
core/src/routing/timeout_budget.rs,complete,rust,0.66,1.0,0.23,sibling
core/src/transport/abstraction.rs,test_transport_type_display,rust,0.68,1.0,0.25,sibling
core/src/transport/addr_filter.rs,strip_peer_id_multiaddr,rust,0.69,1.0,0.2,caller
core/src/transport/ble/l2cap.rs,with_mtu,rust,0.77,1.0,0.22999999999999998,caller
core/src/transport/ble/l2cap.rs,active_count,rust,0.68,1.0,0.23,callee
core/src/transport/ble/scanner.rs,from_percentage,rust,0.71,1.0,0.24000000000000002,sibling
core/src/transport/manager.rs,ensure_transport_registered,rust,0.78,1.0,0.22,caller
core/tests/property/message_serialization.rs,test_property_test_strategies_compile,rust,0.7,1.0,0.28,callee
desktop_bridge/src/desktop_bridge.rs,get_identity_info,rust,0.76,1.0,0.22,callee
desktop_bridge/src/lib.rs,xdg_data_dir,rust,0.73,1.0,0.22,caller
desktop_bridge/src/lib.rs,test_xdg_data_dir_returns_path,rust,0.73,1.0,0.22999999999999998,callee
iOS/SCMessenger/SCMessenger/Data/MeshRepository.swift,parseRoutingInfo,swift,0.79,1.0,0.22,sibling
iOS/SCMessenger/SCMessenger/Data/MeshRepository.swift,parseBootstrapRelay,swift,0.77,1.0,0.21000000000000002,caller
iOS/SCMessenger/SCMessenger/Transport/BLECentralManager.swift,stopScanning,swift,0.74,1.0,0.2,callee
iOS/SCMessenger/SCMessenger/Transport/BLECentralManager.swift,fragmentData,swift,0.79,1.0,0.2,caller
core/src/drift/relay.rs,test_duplicate_detection,rust,0.79,1.0,0.26,callee
android/app/src/main/java/com/scmessenger/android/transport/ble/BleL2capManager.kt,isSupported,kotlin,0.71,0.99,0.28,none
android/app/src/main/java/com/scmessenger/android/ui/dashboard/TopologyScreen.kt,TopologyLegend,kotlin,0.68,0.99,0.17,callee
android/app/src/main/java/com/scmessenger/android/ui/screens/DashboardScreen.kt,TransportItem,kotlin,0.68,0.99,0.21000000000000002,caller
android/app/src/main/java/com/scmessenger/android/ui/screens/SettingsScreen.kt,PrivacySection,kotlin,0.77,0.99,0.2,caller
android/app/src/main/java/com/scmessenger/android/ui/viewmodels/ConversationsViewModel.kt,isBlocked,kotlin,0.75,0.99,0.2,caller
android/app/src/main/java/com/scmessenger/android/utils/PeerIdValidator.kt,isTransportPeerId,kotlin,0.7,0.99,0.22999999999999998,callee
android/app/src/test/java/com/scmessenger/android/test/MeshRepositoryTest.kt,meshSettings,kotlin,0.74,0.99,0.24,callee
android/app/src/test/java/com/scmessenger/android/test/ReceiptUnificationTest.kt,cancelRepoScope,kotlin,0.76,0.99,0.22,caller
cli/src/transport_bridge.rs,create_test_peer_id,rust,0.67,0.99,0.26,callee
core/src/abuse/spam_detection.rs,content_fingerprint,rust,0.79,0.99,0.22,caller
core/src/crypto/ratchet.rs,has_identity_secret,rust,0.76,0.99,0.22999999999999998,caller
core/src/drift/sketch.rs,make_test_id,rust,0.61,0.99,0.25,caller
core/src/iron_core.rs,parse_transport_type,rust,0.69,0.99,0.19,sibling
core/src/mobile_bridge.rs,get_swarm_bridge,rust,0.74,0.99,0.25,caller
core/src/mobile_bridge.rs,dispatch_ble_packet,rust,0.81,0.99,0.22,callee
core/src/routing/adaptive_ttl.rs,with_defaults,rust,0.57,0.99,0.21000000000000002,callee
core/src/routing/neighborhood.rs,all_gateways,rust,0.69,0.99,0.22,caller
core/src/routing/resume_prefetch.rs,test_prefetch_stats,rust,0.68,0.99,0.24,callee
core/src/store/contacts.rs,federated_nickname,rust,0.72,0.99,0.22,caller
core/src/transport/bootstrap.rs,discover_dns_bootstrap,rust,0.72,0.99,0.23,caller
core/src/transport/reputation.rs,get_score,rust,0.74,0.99,0.2,caller
core/src/transport/wifi_aware.rs,test_encode_decode_port_tlv_roundtrip,rust,0.65,0.99,0.27,callee
desktop_bridge/tests/xdg_paths_test.rs,test_xdg_data_home_env_override,rust,0.71,0.99,0.25,sibling
iOS/SCMessenger/SCMessenger/Data/MeshRepository.swift,notificationSettingsEnabled,swift,0.76,0.99,0.24,callee
iOS/SCMessenger/SCMessenger/Data/MeshRepository.swift,rotateDiagnosticFiles,swift,0.78,0.99,0.19,caller
iOS/SCMessenger/SCMessenger/Transport/BLEPeripheralManager.swift,fragmentData,swift,0.8,0.99,0.21000000000000002,caller
android/app/src/main/java/com/scmessenger/android/data/MeshRepository.kt,shouldStopAckedWithoutReceiptRetries,kotlin,0.74,0.98,0.2,caller
android/app/src/main/java/com/scmessenger/android/data/MeshRepository.kt,cacheIdentityFields,kotlin,0.78,0.98,0.16,caller
android/app/src/main/java/com/scmessenger/android/data/MeshRepository.kt,logDeliveryState,kotlin,0.76,0.98,0.2,caller
android/app/src/main/java/com/scmessenger/android/transport/ble/BleGattClient.kt,fragmentData,kotlin,0.76,0.98,0.2,caller
android/app/src/main/java/com/scmessenger/android/ui/chat/MessageBubble.kt,formatTimestamp,kotlin,0.67,0.98,0.19,sibling
android/app/src/main/java/com/scmessenger/android/ui/dialogs/NetworkStatusDialog.kt,formatTransport,kotlin,0.71,0.98,0.21000000000000002,caller
android/app/src/main/java/com/scmessenger/android/ui/screens/DashboardScreen.kt,DashboardToTopologyNavigation,kotlin,0.7,0.98,0.17,caller
android/app/src/main/java/com/scmessenger/android/ui/screens/DashboardScreen.kt,DashboardToJoinMeshNavigation,kotlin,0.76,0.98,0.17,caller
android/app/src/main/java/com/scmessenger/android/ui/screens/SettingsScreen.kt,MeshSettingsSection,kotlin,0.78,0.98,0.19,caller
android/app/src/main/java/com/scmessenger/android/ui/screens/SettingsScreen.kt,IdentityUnavailableSection,kotlin,0.79,0.98,0.21000000000000002,caller
android/app/src/main/java/com/scmessenger/android/ui/viewmodels/DashboardViewModel.kt,isRecent,kotlin,0.69,0.98,0.22,caller
android/app/src/main/java/com/scmessenger/android/ui/viewmodels/IdentityViewModel.kt,clearSuccessMessage,kotlin,0.71,0.98,0.22,sibling
android/app/src/test/java/com/scmessenger/android/test/MeshForegroundServiceTest.kt,`stop resolves to Stop`,kotlin,0.77,0.98,0.24,callee
android/app/src/test/java/com/scmessenger/android/test/ReceiptUnificationTest.kt,`receipt struct round trip preserves all fields`,kotlin,0.69,0.98,0.25,callee
android/app/src/test/java/com/scmessenger/android/test/RoleNavigationPolicyTest.kt,`full role exposes conversations and contacts`,kotlin,0.69,0.98,0.24,sibling
core/src/iron_core.rs,notify_peer_discovered,rust,0.7,0.98,0.22,callee
core/src/iron_core.rs,lifecycle_repeated_stop_is_harmless,rust,0.71,0.98,0.24,callee
core/src/relay/client.rs,create_handshake,rust,0.77,0.98,0.19,caller
core/src/routing/resume_prefetch.rs,stats,rust,0.69,0.98,0.19,caller
core/src/store/backend.rs,path,rust,0.63,0.98,0.25,none
core/src/store/ledger_entry.rs,lexically_normalize_absolute_path,rust,0.77,0.98,0.21000000000000002,caller
core/src/store/storage.rs,default,rust,0.72,0.98,0.22999999999999998,sibling
core/src/transport/discovery.rs,allows_lan_broadcast,rust,0.71,0.98,0.21000000000000002,sibling
core/src/transport/reflection.rs,disable,rust,0.79,0.98,0.21000000000000002,caller
core/src/transport/wifi_aware.rs,encode_port_tlv,rust,0.72,0.98,0.17,caller
core/src/wasm_support/storage.rs,total_bytes,rust,0.64,0.98,0.21000000000000002,caller
core/tests/mocks/identity.rs,default,rust,0.69,0.98,0.25,callee
core/tests/mocks/transport.rs,new,rust,0.74,0.98,0.23,sibling
iOS/SCMessenger/SCMessenger/Data/MeshRepository.swift,onEnteringForeground,swift,0.76,0.98,0.21000000000000002,callee
iOS/SCMessenger/SCMessenger/Generated/api.swift,write,swift,0.78,0.98,0.23,callee
iOS/SCMessenger/SCMessenger/Transport/BLEPeripheralManager.swift,beginAdvertising,swift,0.76,0.98,0.2,callee
iOS/SCMessenger/SCMessenger/Utils/NotificationLogger.swift,logPermissionResult,swift,0.69,0.98,0.19,callee
iOS/SCMessenger/SCMessenger/ViewModels/ContactsViewModel.swift,selectAuthoritativeNickname,swift,0.73,0.98,0.21000000000000002,caller
wasm/src/storage.rs,test_storage_creation,rust,0.7,0.98,0.22999999999999998,callee
core/src/crypto/backup.rs,test_fast_backups_use_blake3_format_tag,rust,0.71,0.98,0.22,callee
core/tests/integration_backup.rs,iron_core_backup_restore_preserves_ratchet_continuity_and_contacts,rust,0.78,0.98,0.25,sibling
AgentSwarmCline/scmessenger_swarm/observability_tests.rs,test_clone_creates_equal_payload,rust,0.66,0.97,0.23,sibling
AgentSwarmCline/scmessenger_swarm/observability_tests.rs,test_error_implements_error_trait,rust,0.68,0.97,0.25,sibling
android/app/src/main/java/com/scmessenger/android/network/DiagnosticsReporter.kt,formatReportForUser,kotlin,0.72,0.97,0.18000000000000002,sibling
android/app/src/main/java/com/scmessenger/android/transport/ble/BleGattServer.kt,sendResponseSafe,kotlin,0.72,0.97,0.17,sibling
android/app/src/main/java/com/scmessenger/android/ui/components/Identicon.kt,IdenticonFromHex,kotlin,0.74,0.97,0.16,sibling
android/app/src/main/java/com/scmessenger/android/ui/screens/BlockedPeersScreen.kt,BlockedPeerItem,kotlin,0.74,0.97,0.14,caller
android/app/src/main/java/com/scmessenger/android/ui/viewmodels/ContactsViewModel.kt,clearSearch,kotlin,0.72,0.97,0.19999999999999998,caller
android/app/src/test/java/com/scmessenger/android/data/NicknameAuthorityTest.kt,normalizeNickname,kotlin,0.71,0.97,0.23,sibling
android/app/src/test/java/com/scmessenger/android/data/ReceiptUnificationTest.kt,cleanup,kotlin,0.75,0.97,0.21000000000000002,callee
android/app/src/test/java/com/scmessenger/android/service/StopStartFloodTest.kt,resetLatch,kotlin,0.69,0.97,0.22,sibling
android/app/src/test/java/com/scmessenger/android/utils/DeepLinkValidatorTest.kt,`whitespace-only string is dropped`,kotlin,0.74,0.97,0.25,callee
core/src/drift/relay.rs,new,rust,0.71,0.97,0.24000000000000002,callee
core/src/message/types.rs,test_create_receipt,rust,0.71,0.97,0.22999999999999998,callee
core/src/privacy/cover.rs,test_cover_config_message_interval_low_rate,rust,0.71,0.97,0.23,sibling
core/src/routing/resume_prefetch.rs,is_usable,rust,0.68,0.97,0.2,caller
core/src/routing/resume_prefetch.rs,start_route_refresh,rust,0.73,0.97,0.21000000000000002,callee
core/src/store/inbox.rs,test_get_inbox_count,rust,0.62,0.97,0.26,callee
core/src/store/ledger_entry.rs,sanitize_optional_ledger_text,rust,0.75,0.97,0.19,caller
core/src/store/relay_custody.rs,emergency_mode,rust,0.71,0.97,0.22999999999999998,caller
core/src/store/transport_memory.rs,is_placeholder_fingerprint,rust,0.72,0.97,0.22,sibling
core/src/transport/manager.rs,is_ready,rust,0.69,0.97,0.21000000000000002,caller
core/src/wasm_support/rpc.rs,notif_message_received,rust,0.72,0.97,0.2,callee
core/tests/integration_outbox_flush_reconnect.rs,make_test_message,rust,0.68,0.97,0.2,caller
core/tests/mocks/transport.rs,get_peers,rust,0.67,0.97,0.23,sibling
iOS/SCMessenger/SCMessenger/Data/MeshRepository.swift,readIdentityBackupFromKeychain,swift,0.81,0.97,0.17,caller
iOS/SCMessenger/SCMessenger/Data/MeshRepository.swift,normalizeOutboundListenerHints,swift,0.76,0.97,0.18000000000000002,callee
iOS/SCMessenger/SCMessenger/Transport/BLEPeripheralManager.swift,startPrivacyRotation,swift,0.78,0.97,0.19,callee
iOS/SCMessenger/SCMessenger/Transport/MultipeerTransport.swift,setupSession,swift,0.78,0.97,0.22,callee
wasm/src/notification_manager.rs,is_permission_granted,rust,0.77,0.97,0.24,none
core/src/crypto/pq/hybrid.rs,test_both_halves_contribute,rust,0.72,0.97,0.23,callee
android/app/src/main/java/com/scmessenger/android/data/MeshRepository.kt,resolvePlatformSecuredPassphrase,kotlin,0.76,0.96,0.19,caller
android/app/src/main/java/com/scmessenger/android/data/MeshRepository.kt,parseRoutingHints,kotlin,0.78,0.96,0.2,callee
android/app/src/main/java/com/scmessenger/android/data/MeshRepository.kt,logIdentityResolutionDetails,kotlin,0.78,0.96,0.19,caller
android/app/src/main/java/com/scmessenger/android/transport/ble/BleAdvertiser.kt,onStartSuccess,kotlin,0.74,0.96,0.19,caller
android/app/src/main/java/com/scmessenger/android/transport/ble/BleAdvertiser.kt,stopAdvertisingInternal,kotlin,0.72,0.96,0.18000000000000002,sibling
android/app/src/main/java/com/scmessenger/android/ui/components/Identicon.kt,generatePattern,kotlin,0.66,0.96,0.19,caller
android/app/src/main/java/com/scmessenger/android/ui/screens/ChatScreen.kt,MessageBubble,kotlin,0.7,0.96,0.15,caller
android/app/src/main/java/com/scmessenger/android/ui/screens/ConversationsScreen.kt,formatTimestamp,kotlin,0.73,0.96,0.18000000000000002,caller
android/app/src/main/java/com/scmessenger/android/ui/viewmodels/DashboardViewModel.kt,normalizePublicKey,kotlin,0.74,0.96,0.18000000000000002,callee
cli/src/ledger.rs,is_bootstrap_key,rust,0.73,0.96,0.19,sibling
core/src/drift/relay.rs,test_messages_for_sync,rust,0.78,0.96,0.22,callee
core/src/iron_core.rs,is_running,rust,0.72,0.96,0.19999999999999998,caller
core/src/mobile_bridge.rs,dispatch_ble_packet,rust,0.81,0.96,0.21,callee
core/src/relay/delegate_prewarm.rs,active_connection_count,rust,0.71,0.96,0.22999999999999998,sibling
core/src/routing/negative_cache.rs,contains,rust,0.75,0.96,0.22,callee
core/src/routing/negative_cache.rs,count,rust,0.69,0.96,0.23,sibling
core/src/routing/timeout_budget.rs,test_phase_progression,rust,0.66,0.96,0.23,callee
core/src/store/relay_custody.rs,registration_key,rust,0.66,0.96,0.19,sibling
core/src/transport/addr_filter.rs,disclosure_drops_cgnat_benchmark_reserved_and_test_net_1,rust,0.76,0.96,0.26,sibling
core/src/transport/swarm.rs,dial_skip_reason,rust,0.8,0.96,0.19,callee
core/src/transport/swarm.rs,relay_reservation_multiaddr,rust,0.74,0.96,0.19999999999999998,caller
core/src/transport/wifi_aware.rs,add_discovered_peer,rust,0.78,0.96,0.17,caller
core/tests/mocks/routing.rs,test_mock_routing_round_robin,rust,0.64,0.96,0.24,callee
iOS/SCMessenger/SCMessenger/Services/NotificationManager.swift,requestPermission,swift,0.76,0.96,0.15,caller
iOS/SCMessenger/SCMessenger/ViewModels/SettingsViewModel.swift,loadNickname,swift,0.68,0.96,0.21000000000000002,callee
iOS/SCMessengerTests/NotificationVerificationTests.swift,tearDown,swift,0.68,0.96,0.21000000000000002,callee
AgentSwarmCline/scmessenger_swarm/observability_tests.rs,test_error_debug_display,rust,0.66,0.95,0.23,sibling
android/app/src/main/java/com/scmessenger/android/data/MeshRepository.kt,mapToSmartTransportType,kotlin,0.69,0.95,0.19,caller
android/app/src/main/java/com/scmessenger/android/ui/screens/ConversationsScreen.kt,StatItem,kotlin,0.62,0.95,0.15,caller
android/app/src/main/java/com/scmessenger/android/ui/screens/SettingsScreen.kt,SettingsToPowerSettingsNavigation,kotlin,0.76,0.95,0.17,sibling
android/app/src/test/java/com/scmessenger/android/data/BootstrapCandidateMergeTest.kt,seedsAppendedAfterProvenAndDedupedAgainstIt,kotlin,0.77,0.95,0.22999999999999998,callee
android/app/src/test/java/com/scmessenger/android/transport/ble/BleScannerTest.kt,getDiscoveryStats_reportsZeroAfterClear,kotlin,0.73,0.95,0.24,sibling
android/app/src/test/java/com/scmessenger/android/utils/DeepLinkValidatorTest.kt,`tcp port zero is rejected`,kotlin,0.72,0.95,0.23,sibling
cli/src/api_axum.rs,generate_run_id,rust,0.66,0.95,0.14,caller
cli/src/ledger.rs,archive_legacy_peers_json,rust,0.76,0.95,0.15,sibling
core/src/abuse/auto_block.rs,unexempt_peer,rust,0.76,0.95,0.2,caller
core/src/dspy/teleprompt.rs,build_coder_prompt,rust,0.8,0.95,0.21000000000000002,caller
core/src/iron_core.rs,parse_peer_id_32,rust,0.76,0.95,0.16,caller
core/src/notification.rs,normalize_required,rust,0.7,0.95,0.2,caller
core/src/routing/local.rs,peers_for_hint,rust,0.71,0.95,0.18000000000000002,callee
core/src/routing/multipath.rs,recalculate_score,rust,0.72,0.95,0.2,caller
core/src/routing/neighborhood.rs,best_gateway_for_hint,rust,0.7,0.95,0.2,callee
core/src/routing/resume_prefetch.rs,is_prefetch_complete,rust,0.7,0.95,0.21000000000000002,caller
core/src/routing/timeout_budget.rs,test_budget_creation,rust,0.68,0.95,0.22,callee
core/src/store/ledger_entry.rs,has_plausible_listen_port,rust,0.75,0.95,0.2,caller
core/src/store/ledger_entry.rs,peer_id_from_public_key_hex,rust,0.73,0.95,0.16,caller
core/src/transport/addr_filter.rs,is_recordable_multiaddr,rust,0.67,0.95,0.17,caller
core/src/transport/internet.rs,test_relay_mode_config,rust,0.66,0.95,0.22999999999999998,callee
core/tests/mocks/routing.rs,next_decision,rust,0.63,0.95,0.19,sibling
iOS/SCMessenger/SCMessenger/Data/MeshRepository.swift,isBareDeliveryReceiptPayload,swift,0.77,0.95,0.17,caller
iOS/SCMessenger/SCMessenger/Data/MeshRepository.swift,isNotificationRequestPending,swift,0.75,0.95,0.18000000000000002,caller
iOS/SCMessenger/SCMessenger/Services/NotificationManager.swift,setupNotificationCategories,swift,0.7,0.95,0.16,callee
iOS/SCMessenger/SCMessenger/ViewModels/ContactsViewModel.swift,isLibp2pPeerId,swift,0.7,0.95,0.19999999999999998,caller
iOS/SCMessenger/SCMessenger/ViewModels/OnboardingViewModel.swift,advance,swift,0.7,0.95,0.2,sibling
android/app/src/main/java/com/scmessenger/android/utils/SecurityUtils.kt,createEncryptedSharedPreferences,kotlin,0.73,0.95,0.2,sibling
core/src/transport/behaviour.rs,signed_deregistration_request_verifies_against_matching_public_key,rust,0.75,0.95,0.22,sibling
core/tests/integration_e00_ratchet_wiring.rs,exchange_bundles,rust,0.75,0.95,0.19999999999999998,caller
android/app/src/main/java/com/scmessenger/android/data/MeshRepository.kt,logMessageDeliveryAttempt,kotlin,0.76,0.94,0.19,caller
android/app/src/main/java/com/scmessenger/android/service/AndroidPlatformBridge.kt,onEnteringBackground,kotlin,0.76,0.94,0.22,caller
android/app/src/main/java/com/scmessenger/android/transport/ble/BleAdvertiser.kt,applyAdvertiseSettings,kotlin,0.77,0.94,0.15,caller
android/app/src/main/java/com/scmessenger/android/ui/screens/DashboardScreen.kt,DashboardToPeerListNavigation,kotlin,0.73,0.94,0.16,caller
android/app/src/main/java/com/scmessenger/android/ui/screens/SettingsScreen.kt,DataManagementSection,kotlin,0.81,0.94,0.18000000000000002,caller
android/app/src/main/java/com/scmessenger/android/ui/viewmodels/ConversationsViewModel.kt,loadBlockedPeers,kotlin,0.75,0.94,0.14,callee
android/app/src/main/java/com/scmessenger/android/ui/viewmodels/SettingsViewModel.kt,refreshInfoCounts,kotlin,0.72,0.94,0.15,caller
android/app/src/main/java/com/scmessenger/android/ui/viewmodels/SettingsViewModel.kt,setAutoStart,kotlin,0.77,0.94,0.18000000000000002,callee
android/app/src/test/java/com/scmessenger/android/data/ReceiptUnificationTest.kt,cancelRepoScope,kotlin,0.73,0.94,0.19,caller
android/app/src/test/java/com/scmessenger/android/test/IdentityFlowRegressionTest.kt,`consent is re-granted on process restart when identity is restored from backup`,kotlin,0.75,0.94,0.25,sibling
android/app/src/test/java/com/scmessenger/android/ui/viewmodels/MeshServiceViewModelTest.kt,`setAutoStart updates preference`,kotlin,0.73,0.94,0.23,sibling
android/shared/src/desktopMain/kotlin/com/scmessenger/shared/desktop/ContactList.kt,ContactListItem,kotlin,0.65,0.94,0.14,caller
cli/src/bootstrap.rs,default_topics,rust,0.72,0.94,0.21,caller
cli/tests/integration_peer_identified_gate.rs,identify_still_records_real_addresses_but_never_verifies,rust,0.75,0.94,0.25,callee
core/src/drift/rate_limit.rs,peer_sync_count,rust,0.69,0.94,0.2,sibling
core/src/drift/rate_limit.rs,test_rate_limiter_creation,rust,0.66,0.94,0.19999999999999998,callee
core/src/message/identity_envelope.rs,trim_take,rust,0.71,0.94,0.2,sibling
core/src/mobile_bridge.rs,all_proximity_transports,rust,0.69,0.94,0.21,caller
core/src/store/relay_custody.rs,derive_identity_id_from_public_key_hex,rust,0.77,0.94,0.16,caller
core/src/transport/ble/scanner.rs,update_timestamp,rust,0.7,0.94,0.18000000000000002,sibling
core/src/transport/circuit_breaker.rs,test_reset_all,rust,0.68,0.94,0.21000000000000002,callee
core/src/transport/swarm.rs,purge_request_map_for_message,rust,0.76,0.94,0.19,caller
core/tests/integration_wan_swarm_node2.rs,random_peer_id_bytes,rust,0.62,0.94,0.19,caller
desktop_bridge/src/socket_activation.rs,check_socket_activation,rust,0.74,0.94,0.18000000000000002,sibling
iOS/SCMessenger/SCMessenger/Data/MeshRepository.swift,logDeliveryAttempt,swift,0.74,0.94,0.15,callee
iOS/SCMessenger/SCMessenger/Services/CoreDelegateImpl.swift,onStatsUpdated,swift,0.73,0.94,0.13,sibling
iOS/SCMessenger/SCMessenger/Transport/MultipeerTransport.swift,stopBrowsing,swift,0.76,0.94,0.14,caller
iOS/SCMessenger/SCMessenger/Utils/NotificationLogger.swift,getLogEntries,swift,0.74,0.94,0.14,sibling
iOS/SCMessenger/SCMessenger/ViewModels/ContactsViewModel.swift,isIdentityId,swift,0.71,0.94,0.21,caller
iOS/SCMessenger/SCMessenger/ViewModels/SettingsViewModel.swift,getMessageCount,swift,0.72,0.94,0.19,caller
iOS/SCMessenger/SCMessenger/Views/Dashboard/MeshDashboardView.swift,peerAliases,swift,0.73,0.94,0.15000000000000002,caller
core/src/crypto/backup.rs,test_fast_custom_salt_roundtrip,rust,0.78,0.94,0.19999999999999998,callee
android/app/src/main/java/com/scmessenger/android/data/MeshRepository.kt,getServiceStateSync,kotlin,0.7,0.93,0.19,callee
android/app/src/main/java/com/scmessenger/android/data/TopicManager.kt,getSubscribedTopicsList,kotlin,0.66,0.93,0.17,sibling
android/app/src/main/java/com/scmessenger/android/transport/ble/BleGattServer.kt,notifyCharacteristicChangedSafe,kotlin,0.74,0.93,0.16,callee
android/app/src/main/java/com/scmessenger/android/utils/StorageManager.kt,getAvailableStorageMB,kotlin,0.71,0.93,0.16,sibling
android/app/src/test/java/com/scmessenger/android/ui/viewmodels/MeshServiceViewModelTest.kt,setup,kotlin,0.7,0.93,0.19999999999999998,sibling
android/app/src/test/java/com/scmessenger/android/utils/ContactDisplayNameTest.kt,contact,kotlin,0.79,0.93,0.24,callee
cli/src/ledger.rs,test_find_peer_multiaddr_resolves_core_entry,rust,0.73,0.93,0.22999999999999998,callee
cli/src/transport_bridge.rs,detect_cli_capabilities,rust,0.73,0.93,0.19,sibling
core/src/crypto/kani_proofs.rs,derive_key_always_32_bytes,rust,0.69,0.93,0.21,callee
core/src/drift/relay.rs,default,rust,0.75,0.93,0.21,sibling
core/src/drift/store.rs,test_merge_overlapping_stores,rust,0.65,0.93,0.24,callee
core/src/drift/sync.rs,make_test_id,rust,0.62,0.93,0.23,caller
core/src/routing/global.rs,is_route_pending,rust,0.64,0.93,0.19999999999999998,caller
core/src/transport/ble/l2cap.rs,append_crc32,rust,0.71,0.93,0.2,callee
core/src/transport/dial_policy.rs,reset_on_connection_established,rust,0.77,0.93,0.19,callee
core/src/transport/health.rs,get_healthy_connections,rust,0.69,0.93,0.17,callee
core/src/transport/health.rs,get_unhealthy_connections,rust,0.69,0.93,0.18000000000000002,callee
core/src/transport/manager.rs,record_reconnect_failure,rust,0.75,0.93,0.16,caller
core/src/transport/reflection.rs,is_enabled,rust,0.7,0.93,0.22,sibling
core/src/transport/swarm.rs,is_direct_dial_addr,rust,0.78,0.93,0.2,none
core/src/transport/swarm.rs,extract_ip_component,rust,0.73,0.93,0.15000000000000002,caller
core/src/wasm_support/storage.rs,remove,rust,0.74,0.93,0.19999999999999998,sibling
core/src/wasm_support/storage.rs,all_message_ids,rust,0.72,0.93,0.19,caller
core/tests/property/message_serialization.rs,arb_message,rust,0.71,0.93,0.19,callee
desktop_bridge/src/socket_activation.rs,test_no_activation_by_default,rust,0.7,0.93,0.19999999999999998,callee
iOS/SCMessenger/SCMessenger/Data/MeshRepository.swift,removePendingOutbound,swift,0.74,0.93,0.15000000000000002,caller
iOS/SCMessenger/SCMessenger/Transport/BLECentralManager.swift,scheduleDutyCycle,swift,0.77,0.93,0.17,callee
patch/if-watch-full/src/lib.rs,poll_if_event,rust,0.62,0.93,0.25,caller
android/app/src/main/java/com/scmessenger/android/transport/ble/BlePayloadDiagnostics.kt,fingerprint,kotlin,0.76,0.93,0.18000000000000002,caller
core/src/crypto/ratchet.rs,test_init_as_sender_and_encrypt,rust,0.76,0.93,0.21,sibling
core/src/identity/keys.rs,test_peer_id_unique_per_keypair,rust,0.65,0.93,0.21,callee
core/src/identity/store.rs,test_store_clear,rust,0.71,0.93,0.2,callee
android/app/src/main/java/com/scmessenger/android/data/MeshRepository.kt,isWifiPeerId,kotlin,0.76,0.92,0.18000000000000002,caller
android/app/src/main/java/com/scmessenger/android/data/MeshRepository.kt,isRestrictedIpv6,kotlin,0.72,0.92,0.19,none
android/app/src/main/java/com/scmessenger/android/transport/MdnsServiceDiscovery.kt,getValidatedLibp2pPeerId,kotlin,0.74,0.92,0.2,sibling
android/app/src/main/java/com/scmessenger/android/ui/screens/DashboardScreen.kt,formatRelativeTimestamp,kotlin,0.67,0.92,0.16,sibling
android/app/src/main/java/com/scmessenger/android/ui/screens/DashboardScreen.kt,formatBytes,kotlin,0.72,0.92,0.17,sibling
android/app/src/test/java/com/scmessenger/android/utils/PeerIdValidatorCurveVectorTest.kt,`y equals p minus one is a valid point only with sign bit zero`,kotlin,0.61,0.92,0.22999999999999998,sibling
cli/src/bootstrap.rs,test_promiscuous_addrs_strip_peer_id,rust,0.71,0.92,0.19999999999999998,callee
cli/src/main.rs,auto_reply_rate_limited,rust,0.74,0.92,0.19,caller
cli/tests/integration.rs,test_cli_parse_status,rust,0.68,0.92,0.21,sibling
core/src/drift/policy.rs,scan_interval_ms,rust,0.76,0.92,0.17,sibling
core/src/drift/policy.rs,make_device_state,rust,0.74,0.92,0.19,caller
core/src/drift/store.rs,test_by_priority_ordering,rust,0.63,0.92,0.22,callee
core/src/relay/delegate_prewarm.rs,has_capacity,rust,0.68,0.92,0.19,caller
core/src/relay/server.rs,default,rust,0.66,0.92,0.25,callee
core/src/routing/neighborhood.rs,test_all_reachable_hints,rust,0.72,0.92,0.23,callee
core/src/transport/reputation.rs,test_neutral_score,rust,0.68,0.92,0.21,callee
core/tests/mocks/routing.rs,create_mock_direct_routing,rust,0.52,0.92,0.17,callee
iOS/SCMessenger/SCMessenger/Data/MeshRepository.swift,shouldStopAckedWithoutReceiptRetries,swift,0.74,0.92,0.18000000000000002,caller
iOS/SCMessenger/SCMessenger/Data/MeshRepository.swift,removeRoutingHint,swift,0.75,0.92,0.14,caller
iOS/SCMessenger/SCMessenger/Services/NotificationManager.swift,body,swift,0.75,0.92,0.17,caller
iOS/SCMessenger/SCMessenger/Transport/SmartTransportRouter.swift,getHealth,swift,0.67,0.92,0.19,callee
wasm/src/connection_state.rs,test_connection_manager_creation,rust,0.69,0.92,0.21,callee
core/src/crypto/kani_proofs.rs,ed25519_signature_length_invariant,rust,0.62,0.92,0.25,sibling
android/app/src/main/java/com/scmessenger/android/data/MeshRepository.kt,getConnectionPathState,kotlin,0.7,0.91,0.16,caller
android/app/src/main/java/com/scmessenger/android/data/MeshRepository.kt,isBareDeliveryReceiptPayload,kotlin,0.78,0.91,0.17,caller
android/app/src/main/java/com/scmessenger/android/network/NetworkDiagnostics.kt,testInternetConnectivity,kotlin,0.73,0.91,0.14,caller
android/app/src/main/java/com/scmessenger/android/transport/NetworkDetector.kt,classifyNetworkType,kotlin,0.69,0.91,0.15000000000000002,sibling
android/app/src/main/java/com/scmessenger/android/transport/ble/BleScanner.kt,stopScanningLocked,kotlin,0.66,0.91,0.18000000000000002,caller
android/app/src/main/java/com/scmessenger/android/ui/screens/SettingsScreen.kt,NotificationSettingsSection,kotlin,0.78,0.91,0.17,callee
android/app/src/main/java/com/scmessenger/android/ui/screens/SettingsScreen.kt,SettingsToMeshSettingsNavigation,kotlin,0.75,0.91,0.15000000000000002,sibling
android/app/src/main/java/com/scmessenger/android/utils/DeepLinkValidator.kt,extractIp,kotlin,0.74,0.91,0.16,caller
android/app/src/main/java/com/scmessenger/android/utils/NotificationHelper.kt,applySoundPreference,kotlin,0.74,0.91,0.17,caller
android/app/src/test/java/com/scmessenger/android/test/IdentityFlowRegressionTest.kt,`AtomicBoolean guard prevents recursive re-entry from same thread`,kotlin,0.64,0.91,0.30000000000000004,callee
cli/src/ledger.rs,extract_ipv4,rust,0.77,0.91,0.16,caller
cli/src/main.rs,render_terminal_url_box,rust,0.73,0.91,0.19,caller
core/src/dspy/modules.rs,get_metadata,rust,0.66,0.91,0.21,sibling
core/src/identity/keys.rs,is_valid_public_key,rust,0.71,0.91,0.17,caller
core/src/iron_core.rs,is_consent_granted,rust,0.74,0.91,0.21,callee
core/src/notification_defaults.rs,badge_enabled,rust,0.73,0.91,0.19,caller
core/src/privacy/circuit.rs,create_test_peers,rust,0.7,0.91,0.17,caller
core/src/relay/server.rs,test_server_creation,rust,0.68,0.91,0.19,callee
core/src/routing/engine.rs,neighborhood_mut,rust,0.72,0.91,0.22,caller
core/src/routing/local.rs,active_count,rust,0.65,0.91,0.19,sibling
core/src/transport/ble/scanner.rs,get_recommended_duty_cycle,rust,0.64,0.91,0.15,caller
core/src/wasm_support/rpc.rs,notification,rust,0.71,0.91,0.18000000000000002,sibling
core/tests/test_and06_live_key_corpus.rs,lenient_dalek_decode,rust,0.75,0.91,0.19,sibling
iOS/SCMessenger/SCMessenger/Data/MeshRepository.swift,extractIpv4FromMultiaddr,swift,0.76,0.91,0.17,caller
iOS/SCMessenger/SCMessenger/ViewModels/SettingsViewModel.swift,getContactCount,swift,0.68,0.91,0.18000000000000002,caller
wasm/src/worker.rs,test_service_worker_bridge_creation,rust,0.76,0.91,0.19,sibling
core/src/privacy/onion.rs,test_peel_layer_hybrid_destination,rust,0.76,0.91,0.19999999999999998,callee
android/app/src/main/java/com/scmessenger/android/data/MeshRepository.kt,selectAuthoritativeNickname,kotlin,0.73,0.9,0.16,callee
android/app/src/main/java/com/scmessenger/android/transport/ble/BleScanner.kt,stopScanningInternal,kotlin,0.75,0.9,0.17,caller
android/app/src/main/java/com/scmessenger/android/ui/components/CopyableText.kt,copyToClipboard,kotlin,0.75,0.9,0.16,caller
android/app/src/main/java/com/scmessenger/android/ui/contacts/AddContactScreen.kt,NearbyPeerCard,kotlin,0.78,0.9,0.12,caller
android/app/src/main/java/com/scmessenger/android/ui/dashboard/TopologyScreen.kt,TopologyStats,kotlin,0.65,0.9,0.12,callee
android/app/src/test/java/com/scmessenger/android/utils/DeepLinkValidatorTest.kt,`tcp port above 65535 is rejected`,kotlin,0.72,0.9,0.22,sibling
cli/src/ble_daemon.rs,status,rust,0.67,0.9,0.2,sibling
cli/src/transport_bridge.rs,test_peer_registration,rust,0.68,0.9,0.23,callee
core/src/drift/policy.rs,default,rust,0.58,0.9,0.24,callee
core/src/drift/relay.rs,store_mut,rust,0.76,0.9,0.22,caller
core/src/iron_core.rs,random_port,rust,0.68,0.9,0.17,caller
core/src/message/types.rs,is_recent,rust,0.7,0.9,0.15,sibling
core/src/routing/adaptive_ttl.rs,get_activity,rust,0.72,0.9,0.19999999999999998,callee
core/src/routing/negative_cache.rs,with_defaults,rust,0.62,0.9,0.17,callee
core/src/routing/negative_cache.rs,clear,rust,0.7,0.9,0.18000000000000002,caller
core/src/routing/negative_cache.rs,should_exempt_from_negative_cache,rust,0.71,0.9,0.16,caller
core/src/routing/resume_prefetch.rs,get_route_early,rust,0.71,0.9,0.16,callee
core/src/transport/nat.rs,test_peer_discovery_creation,rust,0.68,0.9,0.19999999999999998,callee
core/tests/mocks/transport.rs,test_mock_swarm_peer_management,rust,0.65,0.9,0.19,callee
iOS/SCMessenger/SCMessenger/Data/MeshRepository.swift,isBootstrapRelayPeer,swift,0.75,0.9,0.16,callee
iOS/SCMessenger/SCMessenger/ViewModels/ContactsViewModel.swift,cancelPendingNearbyRemoval,swift,0.74,0.9,0.17,caller
core/src/crypto/backup.rs,test_custom_salt_encrypt_decrypt,rust,0.77,0.9,0.17,callee
core/src/crypto/encrypt.rs,test_empty_plaintext,rust,0.76,0.9,0.19999999999999998,callee
android/app/src/main/java/com/scmessenger/android/transport/ble/BleGattClient.kt,getConnectedDeviceAddresses,kotlin,0.73,0.89,0.16,caller
android/app/src/main/java/com/scmessenger/android/ui/chat/MessageBubble.kt,isSameDay,kotlin,0.64,0.89,0.18000000000000002,caller
android/app/src/main/java/com/scmessenger/android/utils/PeerIdValidator.kt,isSame,kotlin,0.64,0.89,0.2,callee
android/app/src/test/java/com/scmessenger/android/test/ContactsViewModelTest.kt,contact,kotlin,0.76,0.89,0.2,callee
android/app/src/test/java/com/scmessenger/android/test/SettingsViewModelTest.kt,settings,kotlin,0.7,0.89,0.22,callee
cli/src/cli.rs,test_cli_parse_contact_search,rust,0.7,0.89,0.19,sibling
cli/src/transport_bridge.rs,get_available_peer_capabilities,rust,0.74,0.89,0.17,sibling
core/src/dspy/modules.rs,get_metadata,rust,0.65,0.89,0.18,sibling
core/src/privacy/cover.rs,should_generate_cover_traffic,rust,0.65,0.89,0.17,callee
core/src/relay/bootstrap.rs,test_seed_peer_creation,rust,0.68,0.89,0.21,callee
core/src/routing/resume_prefetch.rs,create_test_peer_id,rust,0.65,0.89,0.21000000000000002,caller
core/src/store/blocked.rs,public_key_hex_from_peer_id,rust,0.75,0.89,0.16,caller
core/src/store/ledger_entry.rs,entry_count,rust,0.72,0.89,0.18000000000000002,caller
core/src/transport/escalation.rs,test_escalation_policy_default,rust,0.59,0.89,0.22,callee
core/src/transport/mesh_routing.rs,tracked_recency_routes_for_relay,rust,0.74,0.89,0.18000000000000002,caller
core/src/transport/observation.rs,non_listen_port_observations_are_rejected,rust,0.73,0.89,0.2,sibling
core/src/transport/relay_health.rs,should_retry,rust,0.7,0.89,0.16,sibling
desktop_bridge/tests/xdg_paths_test.rs,test_xdg_config_dir_contains_scmessenger,rust,0.65,0.89,0.2,callee
iOS/SCMessenger/SCMessenger/Data/MeshRepository.swift,clearCachedIdentityInfo,swift,0.72,0.89,0.15000000000000002,caller
iOS/SCMessenger/SCMessenger/Data/MeshRepository.swift,isLibp2pPeerId,swift,0.67,0.89,0.22,sibling
iOS/SCMessenger/SCMessenger/Transport/BLECentralManager.swift,logBleWarning,swift,0.71,0.89,0.14,sibling
wasm/src/notification_manager.rs,show_permission_guidance,rust,0.68,0.89,0.18000000000000002,sibling
cli/src/api.rs,test_recipient,rust,0.73,0.89,0.18000000000000002,callee
android/app/src/main/java/com/scmessenger/android/network/NetworkDiagnostics.kt,detectNetworkType,kotlin,0.71,0.88,0.14,sibling
android/app/src/main/java/com/scmessenger/android/transport/NetworkDetector.kt,fallbackRank,kotlin,0.72,0.88,0.16,sibling
android/app/src/main/java/com/scmessenger/android/ui/chat/MessageInput.kt,MessageInput,kotlin,0.72,0.88,0.11,caller
android/app/src/main/java/com/scmessenger/android/ui/dashboard/TopologyScreen.kt,getTransportColor,kotlin,0.72,0.88,0.17,caller
android/app/src/main/java/com/scmessenger/android/ui/screens/DashboardScreen.kt,StatusCard,kotlin,0.64,0.88,0.13,caller
android/app/src/main/java/com/scmessenger/android/utils/StorageManager.kt,clearCache,kotlin,0.75,0.88,0.13,caller
android/app/src/test/java/com/scmessenger/android/utils/DeepLinkValidatorTest.kt,`non-numeric tcp port is rejected`,kotlin,0.71,0.88,0.21000000000000002,callee
cli/src/ledger.rs,test_recorded_connection_is_dialable_candidate,rust,0.71,0.88,0.19,callee
cli/src/main.rs,try_replace_port,rust,0.69,0.88,0.2,none
core/src/drift/store.rs,messages_for_recipient,rust,0.76,0.88,0.16,caller
core/src/iron_core.rs,get_fallback_relays,rust,0.75,0.88,0.16,caller
core/src/relay/peer_exchange.rs,test_merge_peer_list,rust,0.64,0.88,0.17,callee
core/src/store/relay_custody.rs,custody_base_dir,rust,0.74,0.88,0.12,caller
core/src/transport/ble/beacon.rs,test_default_rotation_period_constant,rust,0.63,0.88,0.21000000000000002,sibling
core/src/transport/ble/l2cap.rs,test_l2cap_config_builder,rust,0.66,0.88,0.19,callee
core/src/transport/internet.rs,get_active_relay_count,rust,0.71,0.88,0.14,caller
core/src/wasm_support/mesh.rs,test_identity_management,rust,0.74,0.88,0.19999999999999998,callee
core/tests/mocks/transport.rs,test_mock_swarm_creation,rust,0.68,0.88,0.18,callee
core/tests/property/message_serialization.rs,arb_receipt,rust,0.65,0.88,0.19,callee
iOS/SCMessenger/SCMessenger/Data/MeshRepository.swift,refreshPublishedIdentityFromCore,swift,0.77,0.88,0.16,caller
iOS/SCMessenger/SCMessenger/Data/MeshRepository.swift,parseStringArray,swift,0.74,0.88,0.13,caller
iOS/SCMessenger/SCMessenger/Data/MeshRepository.swift,extractRelayPeerId,swift,0.73,0.88,0.15,callee
wasm/src/storage.rs,test_clear_storage,rust,0.68,0.88,0.2,callee
AgentSwarmCline/scmessenger_swarm/observability_tests.rs,valid_payload,rust,0.7,0.87,0.19999999999999998,caller
android/app/src/main/java/com/scmessenger/android/transport/WifiAwareTransport.kt,isAvailable,kotlin,0.67,0.87,0.16,caller
android/app/src/main/java/com/scmessenger/android/transport/WifiDirectTransport.kt,computeGroupOwnerIntent,kotlin,0.76,0.87,0.16,caller
android/app/src/main/java/com/scmessenger/android/transport/ble/BleScanner.kt,clearPeerCache,kotlin,0.65,0.87,0.17,caller
android/app/src/main/java/com/scmessenger/android/ui/screens/SettingsScreen.kt,ThemeSection,kotlin,0.65,0.87,0.14,callee
android/app/src/main/java/com/scmessenger/android/ui/viewmodels/MainViewModel.kt,navigateToRequestsInbox,kotlin,0.74,0.87,0.16,sibling
android/app/src/test/java/com/scmessenger/android/transport/MdnsDnsaddrInteropTest.kt,`a dnsaddr without a peer component is still ignored`,kotlin,0.72,0.87,0.21,sibling
core/src/drift/sketch.rs,xor_out,rust,0.66,0.87,0.19999999999999998,callee
core/src/drift/store.rs,with_capacity,rust,0.7,0.87,0.16,sibling
core/src/dspy/modules.rs,get_metadata,rust,0.65,0.87,0.18,sibling
core/src/dspy/teleprompt.rs,default,rust,0.52,0.87,0.25,callee
core/src/identity/keys.rs,log_label,rust,0.72,0.87,0.17,none
core/src/iron_core.rs,default,rust,0.61,0.87,0.23,callee
core/src/relay/delegate_prewarm.rs,registered_delegate_count,rust,0.67,0.87,0.17,sibling
core/src/relay/peer_exchange.rs,test_get_peers_by_reliability,rust,0.63,0.87,0.17,callee
core/src/relay/protocol.rs,test_capability_full_relay,rust,0.65,0.87,0.21,callee
core/src/routing/global.rs,test_routes_for_unknown_hint,rust,0.67,0.87,0.19,sibling
core/src/routing/timeout_budget.rs,total_budget,rust,0.65,0.87,0.19,sibling
core/src/transport/abstraction.rs,fmt,rust,0.71,0.87,0.18000000000000002,sibling
core/src/transport/manager.rs,default,rust,0.59,0.87,0.21000000000000002,callee
core/src/transport/peer_broadcast.rs,test_peer_broadcaster,rust,0.73,0.87,0.22,callee
core/src/transport/swarm.rs,is_eligible,rust,0.72,0.87,0.22,caller
desktop_bridge/src/tray.rs,tray_status_for_state,rust,0.67,0.87,0.16,callee
iOS/SCMessenger/SCMessenger/Services/IosPlatformBridge.swift,wifiAwarePublish,swift,0.72,0.87,0.21,sibling
iOS/SCMessenger/SCMessenger/Views/Settings/DiagnosticsView.swift,addManualTrace,swift,0.69,0.87,0.14,callee
iOS/SCMessengerTests/NotificationVerificationTests.swift,testNotificationRequestCreation,swift,0.6,0.87,0.16,sibling
core/src/relay/findmy.rs,test_is_our_wakeup_no_match,rust,0.71,0.87,0.21,callee
android/app/src/main/java/com/scmessenger/android/data/MeshRepository.kt,appendRoutingHint,kotlin,0.75,0.86,0.12,caller
android/app/src/main/java/com/scmessenger/android/transport/ble/BleAdvertiser.kt,stopRotation,kotlin,0.65,0.86,0.15000000000000002,caller
android/app/src/main/java/com/scmessenger/android/transport/ble/BleQuotaManager.kt,currentCount,kotlin,0.54,0.86,0.16,callee
android/app/src/main/java/com/scmessenger/android/ui/chat/MessageBubble.kt,DeliveryStatusIndicator,kotlin,0.6,0.86,0.13,caller
android/app/src/main/java/com/scmessenger/android/ui/contacts/ContactDetailScreen.kt,MetadataRow,kotlin,0.71,0.86,0.1,caller
android/app/src/main/java/com/scmessenger/android/ui/dashboard/TopologyScreen.kt,TopologyGraph,kotlin,0.64,0.86,0.16,caller
android/app/src/test/java/com/scmessenger/android/service/StopRaceLatchTest.kt,resetLatch,kotlin,0.61,0.86,0.16,sibling
cli/tests/integration_peer_identified_gate.rs,ledger,rust,0.76,0.86,0.22,callee
core/src/dspy/modules.rs,validate_input,rust,0.62,0.86,0.19,sibling
core/src/identity/mod.rs,default,rust,0.6,0.86,0.22,callee
core/src/message/identity_envelope.rs,is_synthetic_fallback_nickname,rust,0.67,0.86,0.14,sibling
core/src/relay/protocol.rs,test_capability_mobile,rust,0.65,0.86,0.21,callee
core/src/relay/server.rs,test_create_handshake_ack,rust,0.61,0.86,0.19999999999999998,callee
core/src/routing/global.rs,test_route_request_creation,rust,0.64,0.86,0.19999999999999998,callee
core/src/routing/neighborhood.rs,cost_multiplier,rust,0.62,0.86,0.13,caller
core/src/routing/resume_prefetch.rs,is_fresh,rust,0.72,0.86,0.18000000000000002,caller
core/src/routing/smart_retry.rs,test_delivery_trigger_equality,rust,0.58,0.86,0.2,sibling
core/src/store/ledger_entry.rs,is_locally_verified_pair,rust,0.6,0.86,0.17,callee
core/src/transport/addr_filter.rs,is_globally_routable_ipv4,rust,0.69,0.86,0.16,callee
core/src/transport/bootstrap.rs,discover_local_peers,rust,0.72,0.86,0.17,caller
core/src/transport/swarm.rs,is_discoverable_multiaddr,rust,0.65,0.86,0.16,caller
core/src/transport/wifi_direct.rs,compute_group_owner_intent,rust,0.64,0.86,0.17,sibling
desktop_bridge/src/socket_activation.rs,test_handoff_complete,rust,0.62,0.86,0.16999999999999998,callee
iOS/SCMessenger/SCMessenger/Data/MeshRepository.swift,sameSubnet24,swift,0.77,0.86,0.16,caller
iOS/SCMessenger/SCMessenger/Data/MeshRepository.swift,persistDiagnosticLine,swift,0.79,0.86,0.11,caller
iOS/SCMessenger/SCMessenger/Views/Dashboard/MeshDashboardView.swift,parseRoutingLibp2pPeerId,swift,0.76,0.86,0.14,caller
iOS/SCMessenger/SCMessenger/Views/NotificationGuidanceView.swift,openSettings,swift,0.74,0.86,0.13,callee
iOS/SCMessenger/SCMessenger/Views/NotificationGuidanceView.swift,dismiss,swift,0.66,0.86,0.17,caller
android/app/src/main/java/com/scmessenger/android/data/MeshRepository.kt,hasRequiredRuntimePermissions,kotlin,0.66,0.85,0.15000000000000002,callee
android/app/src/main/java/com/scmessenger/android/ui/screens/RequestsInboxScreen.kt,EmptyState,kotlin,0.67,0.85,0.11,caller
android/app/src/main/java/com/scmessenger/android/ui/screens/SettingsScreen.kt,InfoSection,kotlin,0.73,0.85,0.11,callee
android/app/src/test/java/com/scmessenger/android/ui/viewmodels/MeshServiceViewModelTest.kt,`initial state is STOPPED`,kotlin,0.7,0.85,0.18,none
cli/src/ledger.rs,dial_state,rust,0.74,0.85,0.16,caller
core/src/drift/relay.rs,reputation_manager_is_configured,rust,0.82,0.85,0.18,none
core/src/message/types.rs,text_content,rust,0.73,0.85,0.14,sibling
core/src/privacy/mod.rs,default,rust,0.68,0.85,0.19,sibling
core/src/routing/global.rs,test_local_advertisements_cleared_on_update,rust,0.66,0.85,0.19,callee
core/src/routing/resume_prefetch.rs,is_prefetch_in_progress,rust,0.62,0.85,0.2,caller
core/src/routing/resume_prefetch.rs,default,rust,0.54,0.85,0.22999999999999998,callee
core/src/store/dedup.rs,dedup_stats_records_first_seen,rust,0.65,0.85,0.19,callee
core/src/store/inbox.rs,test_all_messages,rust,0.61,0.85,0.15000000000000002,callee
core/src/store/logs.rs,make_manager,rust,0.72,0.85,0.18,callee
core/src/transport/health.rs,uptime_seconds,rust,0.73,0.85,0.14,sibling
core/src/transport/observation.rs,listen_ports_from_multiaddrs,rust,0.76,0.85,0.13,caller
core/src/transport/swarm.rs,normalize_ip,rust,0.74,0.85,0.16,caller
core/src/transport/wifi_aware.rs,estimate_bandwidth_from_rssi,rust,0.75,0.85,0.12,sibling
core/tests/integration_storage_relay_node4.rs,node4_layer5_memory_zeroization_on_key_drop,rust,0.65,0.85,0.23,callee
desktop_bridge/src/desktop_bridge.rs,list_ble_peers,rust,0.6,0.85,0.19,callee
iOS/SCMessenger/SCMessenger/Services/IosPlatformBridge.swift,wifiDirectStopDiscovery,swift,0.73,0.85,0.18000000000000002,sibling
iOS/SCMessenger/SCMessenger/Transport/BLECentralManager.swift,stopScan,swift,0.73,0.85,0.14,caller
iOS/SCMessenger/SCMessenger/Views/Dashboard/MeshDashboardView.swift,isRecent,swift,0.65,0.85,0.14,caller
wasm/src/storage.rs,test_get_all_messages,rust,0.63,0.85,0.16,callee
core/src/identity/keys.rs,test_peer_id_roundtrip_deterministic,rust,0.7,0.85,0.18000000000000002,callee
core/tests/integration_e00_ratchet_wiring.rs,pubkey,rust,0.67,0.85,0.18,callee
android/app/src/main/java/com/scmessenger/android/ui/components/ErrorBanner.kt,InfoBanner,kotlin,0.62,0.84,0.16,callee
android/app/src/main/java/com/scmessenger/android/ui/contacts/AddContactScreen.kt,ManualEntryTab,kotlin,0.79,0.84,0.13,caller
android/app/src/main/java/com/scmessenger/android/ui/viewmodels/ChatViewModel.kt,updateInputText,kotlin,0.72,0.84,0.12,caller
android/app/src/main/java/com/scmessenger/android/ui/viewmodels/ContactsViewModel.kt,cancelPendingNearbyRemoval,kotlin,0.68,0.84,0.14,caller
android/app/src/test/java/com/scmessenger/android/test/ReceiptWindowTest.kt,cleanup,kotlin,0.62,0.84,0.17,callee
cli/tests/integration.rs,test_cli_parse_history_stats,rust,0.68,0.84,0.17,sibling
core/src/crypto/pq/mod.rs,public_key,rust,0.58,0.84,0.16999999999999998,caller
core/src/relay/peer_exchange.rs,clear,rust,0.68,0.84,0.19,sibling
core/src/routing/negative_cache.rs,cleanup_expired,rust,0.67,0.84,0.14,callee
core/src/routing/resume_prefetch.rs,clear,rust,0.74,0.84,0.16,callee
core/src/routing/smart_retry.rs,test_delivery_trigger_variants,rust,0.6,0.84,0.18,sibling
core/src/routing/timeout_budget.rs,next,rust,0.67,0.84,0.16,sibling
core/src/store/inbox.rs,test_clear_messages,rust,0.66,0.84,0.19999999999999998,callee
core/src/store/outbox.rs,queued_recipient_matches,rust,0.72,0.84,0.16,caller
core/src/transport/ble/scanner.rs,is_active,rust,0.69,0.84,0.16,sibling
core/src/transport/dial_policy.rs,test_multiaddr_to_key,rust,0.64,0.84,0.17,callee
core/src/transport/observation.rs,test_consensus_excludes_ephemeral_port_even_when_more_common,rust,0.72,0.84,0.19,callee
core/src/transport/swarm.rs,endpoint_transport_string,rust,0.74,0.84,0.18000000000000002,callee
iOS/SCMessenger/SCMessenger/Services/IosPlatformBridge.swift,wifiDirectConnect,swift,0.71,0.84,0.19,sibling
iOS/SCMessenger/SCMessenger/Views/Contacts/VerifySafetyNumberSheet.swift,displayName,swift,0.67,0.84,0.16,caller
core/src/store/ledger_entry.rs,self_certifying_pair,rust,0.73,0.84,0.15000000000000002,caller
android/app/src/main/java/com/scmessenger/android/data/MeshRepository.kt,stopMeshService,kotlin,0.73,0.83,0.15000000000000002,callee
android/app/src/main/java/com/scmessenger/android/data/MeshRepository.kt,syncNicknameFromDatastoreInternal,kotlin,0.72,0.83,0.14,caller
android/app/src/main/java/com/scmessenger/android/ui/dashboard/PeerListScreen.kt,displayName,kotlin,0.68,0.83,0.15000000000000002,callee
android/app/src/main/java/com/scmessenger/android/ui/dashboard/TopologyScreen.kt,StatItem,kotlin,0.61,0.83,0.08,caller
android/app/src/main/java/com/scmessenger/android/ui/screens/DashboardScreen.kt,StatCard,kotlin,0.64,0.83,0.11,caller
android/app/src/main/java/com/scmessenger/android/ui/screens/SettingsScreen.kt,AppPreferencesSection,kotlin,0.74,0.83,0.12,caller
android/app/src/main/java/com/scmessenger/android/ui/viewmodels/ContactsViewModel.kt,isPrivateLanAddress,kotlin,0.76,0.83,0.13,caller
android/app/src/main/java/com/scmessenger/android/utils/ApkShareManager.kt,getLocalIpAddress,kotlin,0.71,0.83,0.12,caller
android/app/src/main/java/com/scmessenger/android/utils/CircuitBreaker.kt,isCircuitOpen,kotlin,0.67,0.83,0.15000000000000002,caller
android/app/src/main/java/com/scmessenger/android/utils/ContactDisplayName.kt,isSyntheticFallbackNickname,kotlin,0.56,0.83,0.15000000000000002,sibling
android/app/src/main/java/com/scmessenger/android/utils/NotificationHelper.kt,shouldPostGroupSummary,kotlin,0.66,0.83,0.19999999999999998,caller
android/app/src/test/java/com/scmessenger/android/test/ChatViewModelTest.kt,message,kotlin,0.66,0.83,0.15000000000000002,sibling
core/src/crypto/ratchet.rs,root_key_bytes,rust,0.67,0.83,0.15000000000000002,callee
core/src/drift/policy.rs,should_reduce,rust,0.68,0.83,0.18,sibling
core/src/relay/client.rs,is_connected,rust,0.63,0.83,0.18,caller
core/src/routing/engine.rs,neighborhood,rust,0.73,0.83,0.18,caller
core/src/routing/global.rs,test_default_construction,rust,0.66,0.83,0.17,callee
core/src/routing/local.rs,sort_by_reliability,rust,0.65,0.83,0.11,caller
core/src/routing/local.rs,local_id,rust,0.63,0.83,0.18,sibling
core/src/transport/addr_filter.rs,is_unconditionally_routable_ipv4,rust,0.65,0.83,0.14,caller
core/src/transport/ble/gatt.rs,clear,rust,0.71,0.83,0.17,sibling
core/src/transport/internet.rs,can_accept_relay,rust,0.74,0.83,0.14,callee
core/src/transport/manager.rs,default,rust,0.61,0.83,0.2,callee
core/src/transport/swarm.rs,transport_quality_score,rust,0.74,0.83,0.12,caller
core/tests/integration_wifi_aware.rs,wait_for_loopback_tcp_port,rust,0.72,0.83,0.12,caller
iOS/SCMessenger/SCMessenger/Data/MeshRepository.swift,liveTransportActions,swift,0.68,0.83,0.14,caller
iOS/SCMessenger/SCMessenger/Data/MeshRepository.swift,onEnteringBackground,swift,0.75,0.83,0.14,caller
iOS/SCMessenger/SCMessenger/Views/Dashboard/MeshDashboardView.swift,isIdentityId,swift,0.75,0.83,0.14,caller
wasm/src/notification_manager.rs,from_user_agent,rust,0.69,0.83,0.13,sibling
android/app/src/test/java/com/scmessenger/android/utils/ContactImportParserTest.kt,`normal listener list under cap is preserved intact`,kotlin,0.74,0.83,0.2,sibling
core/src/crypto/backup.rs,test_user_exports_use_argon2id_format_tag,rust,0.67,0.83,0.16999999999999998,callee
android/app/src/main/java/com/scmessenger/android/data/MeshRepository.kt,isSyntheticFallbackNickname,kotlin,0.68,0.82,0.14,caller
android/app/src/main/java/com/scmessenger/android/ui/join/JoinMeshScreen.kt,ParsingView,kotlin,0.77,0.82,0.13,caller
android/app/src/test/java/com/scmessenger/android/arch/CompositionBlockingCallGuardTest.kt,findMainSourceRoot,kotlin,0.66,0.82,0.13,caller
cli/tests/integration.rs,test_cli_parse_history_count,rust,0.71,0.82,0.16999999999999998,sibling
core/src/routing/engine.rs,test_layer_access,rust,0.68,0.82,0.19,sibling
core/src/routing/engine.rs,test_next_hop_store_and_carry,rust,0.63,0.82,0.2,sibling
core/src/store/outbox.rs,decode_recipient_key,rust,0.69,0.82,0.15000000000000002,callee
core/src/transport/addr_filter.rs,is_self_address,rust,0.65,0.82,0.12,callee
core/src/transport/addr_filter.rs,strip_peer_id_keeps_plain_address,rust,0.75,0.82,0.19,none
core/src/transport/ble/scanner.rs,get_mode_description,rust,0.6,0.82,0.14,callee
core/src/transport/peer_broadcast.rs,new,rust,0.7,0.82,0.16999999999999998,sibling
core/src/transport/reflection.rs,with_id,rust,0.74,0.82,0.17,caller
core/tests/mocks/routing.rs,add_decision,rust,0.66,0.82,0.15,callee
core/tests/mocks/transport.rs,peer_id,rust,0.56,0.82,0.2,sibling
iOS/SCMessenger/SCMessenger/Data/MeshRepository.swift,isSpecialUseIPv6,swift,0.73,0.82,0.14,caller
iOS/SCMessenger/SCMessenger/Services/IosPlatformBridge.swift,withMeshRepositoryOnMain,swift,0.7,0.82,0.11,caller
iOS/SCMessenger/SCMessenger/Services/IosPlatformBridge.swift,wifiDirectCreateGroup,swift,0.71,0.82,0.17,sibling
iOS/SCMessenger/SCMessenger/ViewModels/ContactsViewModel.swift,==,swift,0.63,0.82,0.2,sibling
iOS/SCMessengerTests/NotificationVerificationTests.swift,testNotificationCategoryConfiguration,swift,0.62,0.82,0.15000000000000002,sibling
core/src/crypto/pq/mod.rs,test_roundtrip,rust,0.69,0.82,0.16,sibling
android/app/src/main/java/com/scmessenger/android/transport/ble/BleScanner.kt,buildScanSettings,kotlin,0.64,0.81,0.11,caller
android/app/src/main/java/com/scmessenger/android/ui/viewmodels/ChatViewModel.kt,isSameDay,kotlin,0.62,0.81,0.16,caller
android/app/src/test/java/com/scmessenger/android/test/IdentityFlowRegressionTest.kt,`isIdentityInitialized fast path triggers restore when core identity is lost`,kotlin,0.77,0.81,0.18,sibling
android/app/src/test/java/com/scmessenger/android/transport/SubnetProbeDialCandidateTest.kt,`raw tcp port yields the direct multiaddr`,kotlin,0.79,0.81,0.16999999999999998,callee
android/app/src/test/java/com/scmessenger/android/ui/viewmodels/ConversationsViewModelTest.kt,`isBlocked delegates to repository and returns correct value`,kotlin,0.7,0.81,0.17,sibling
cli/src/main.rs,spawn_http_health_server,rust,0.75,0.81,0.12,none
core/src/abuse/spam_detection.rs,test_default_config,rust,0.65,0.81,0.18,callee
core/src/lib.rs,it_works,rust,0.54,0.81,0.26,none
core/src/lib.rs,test_default_retry_delays,rust,0.55,0.81,0.21000000000000002,sibling
core/src/notification.rs,ids_match,rust,0.7,0.81,0.16,caller
core/src/routing/adaptive_ttl.rs,test_cleanup_old_entries,rust,0.68,0.81,0.16,callee
core/src/routing/negative_cache.rs,is_definitely_unreachable,rust,0.69,0.81,0.14,caller
core/src/store/ledger_entry.rs,is_self_certifying_binding,rust,0.61,0.81,0.15000000000000002,callee
core/src/store/outbox.rs,test_can_retry,rust,0.65,0.81,0.19999999999999998,callee
core/src/transport/abstraction.rs,test_transport_command_send_data,rust,0.7,0.81,0.19,sibling
core/src/transport/relay_health.rs,healthy_relay_count,rust,0.66,0.81,0.15000000000000002,callee
core/src/transport/swarm.rs,peer_relay_used,rust,0.75,0.81,0.16,none
core/src/transport/swarm.rs,google_resolver_config,rust,0.77,0.81,0.16,caller
core/src/wasm_support/storage.rs,contains,rust,0.72,0.81,0.15000000000000002,callee
core/tests/seam_freeze_onion.rs,collect_construction_call_sites,rust,0.75,0.81,0.12,caller
iOS/SCMessenger/SCMessenger/Data/MeshRepository.swift,getIdentityDisplay,swift,0.66,0.81,0.14,callee
iOS/SCMessenger/SCMessenger/Services/IosPlatformBridge.swift,wifiAwareSubscribe,swift,0.68,0.81,0.17,sibling
iOS/SCMessenger/SCMessenger/Services/NotificationManager.swift,clearBadge,swift,0.62,0.81,0.12,callee
iOS/SCMessenger/SCMessenger/Services/NotificationManager.swift,handleMarkAsRead,swift,0.64,0.81,0.12,callee
iOS/SCMessenger/SCMessenger/Transport/MultipeerTransport.swift,advertiser,swift,0.8,0.81,0.14,sibling
iOS/SCMessenger/SCMessenger/Transport/mDNSServiceDiscovery.swift,peerId,swift,0.75,0.81,0.13,sibling
iOS/SCMessenger/SCMessenger/ViewModels/OnboardingViewModel.swift,goBack,swift,0.7,0.81,0.14,sibling
wasm/src/lib.rs,to_js_value_safe,rust,0.66,0.81,0.13,callee
core/src/identity/keys.rs,test_public_key_to_peer_id_to_public_key_roundtrip,rust,0.72,0.81,0.15000000000000002,sibling
android/app/src/main/java/com/scmessenger/android/data/MeshRepository.kt,canonicalId,kotlin,0.56,0.8,0.2,callee
android/app/src/main/java/com/scmessenger/android/service/ServiceHealthMonitor.kt,resetHealthStats,kotlin,0.68,0.8,0.13,sibling
android/app/src/main/java/com/scmessenger/android/ui/components/ErrorBanner.kt,WarningBanner,kotlin,0.59,0.8,0.14,callee
android/app/src/main/java/com/scmessenger/android/ui/components/Identicon.kt,IdenticonFromPeerId,kotlin,0.68,0.8,0.11,callee
android/app/src/main/java/com/scmessenger/android/ui/viewmodels/MeshServiceViewModel.kt,formatDuration,kotlin,0.64,0.8,0.08,caller
android/app/src/main/java/com/scmessenger/android/utils/ContactDisplayName.kt,displayName,kotlin,0.63,0.8,0.15000000000000002,callee
android/app/src/main/java/com/scmessenger/android/utils/NotificationHelper.kt,isDndEnabled,kotlin,0.64,0.8,0.13,caller
android/app/src/main/java/com/scmessenger/android/utils/Permissions.kt,getPermissionName,kotlin,0.65,0.8,0.09,caller
cli/src/ledger.rs,is_cgnat,rust,0.71,0.8,0.15000000000000002,caller
core/src/dspy/teleprompt.rs,test_golden_examples_fingerprint,rust,0.64,0.8,0.16999999999999998,callee
core/src/identity/keys.rs,is_valid_identity_id,rust,0.71,0.8,0.14,sibling
core/src/relay/invite.rs,clear,rust,0.73,0.8,0.16999999999999998,sibling
core/src/routing/global.rs,route_count,rust,0.6,0.8,0.13,sibling
core/src/routing/timeout_budget.rs,estimated_duration,rust,0.61,0.8,0.1,sibling
core/src/transport/addr_filter.rs,strip_peer_id_does_not_collapse_circuit_to_relay_address,rust,0.72,0.8,0.19,callee
core/tests/mocks/routing.rs,create_mock_relay_routing,rust,0.5,0.8,0.14,callee
iOS/SCMessenger/SCMessenger/ContactManagerFix.swift,count,swift,0.71,0.8,0.15000000000000002,caller
iOS/SCMessenger/SCMessenger/Services/IosPlatformBridge.swift,wifiAwareCreateDataPath,swift,0.7,0.8,0.16,sibling
iOS/SCMessenger/SCMessenger/Utils/NotificationLogger.swift,logInteractionTest,swift,0.69,0.8,0.12,callee
iOS/SCMessengerTests/NotificationVerificationTests.swift,testNotificationContentConstruction,swift,0.64,0.8,0.14,sibling
core/src/crypto/backup.rs,test_different_passphrases_produce_different_ciphertexts,rust,0.73,0.8,0.15000000000000002,callee
android/app/src/main/java/com/scmessenger/android/data/IdentityCreationCoordinator.kt,generateSecureRandomSalt,kotlin,0.71,0.79,0.14,caller
android/app/src/main/java/com/scmessenger/android/data/MeshRepository.kt,jsonArrayToStringList,kotlin,0.71,0.79,0.11,caller
android/app/src/main/java/com/scmessenger/android/ui/settings/MeshSettingsScreen.kt,SettingsSection,kotlin,0.58,0.79,0.09999999999999999,caller
android/app/src/main/java/com/scmessenger/android/ui/viewmodels/MeshServiceViewModel.kt,formatBytes,kotlin,0.69,0.79,0.1,caller
android/app/src/test/java/com/scmessenger/android/transport/MdnsDnsaddrInteropTest.kt,serviceWith,kotlin,0.68,0.79,0.12,caller
cli/src/main.rs,format_timestamp,rust,0.66,0.79,0.1,caller
core/src/dspy/teleprompt.rs,get_stats,rust,0.63,0.79,0.16,caller
core/src/relay/peer_exchange.rs,test_get_all_peers,rust,0.58,0.79,0.12,callee
core/src/store/contacts.rs,select_authoritative_nickname,rust,0.65,0.79,0.13,sibling
core/src/store/ledger_entry.rs,get_multiaddr_port,rust,0.76,0.79,0.13,caller
core/src/store/ledger_entry.rs,summary,rust,0.73,0.79,0.16999999999999998,caller
core/src/transport/circuit_breaker.rs,test_circuit_starts_closed,rust,0.7,0.79,0.16,callee
core/src/transport/diagnostics.rs,len,rust,0.59,0.79,0.17,sibling
core/src/transport/hint_store.rs,has_peer_hints,rust,0.65,0.79,0.15000000000000002,callee
core/src/transport/mesh_routing.rs,advance_route_cursor,rust,0.59,0.79,0.12,caller
core/src/transport/reputation.rs,rate_limit_multiplier,rust,0.65,0.79,0.14,caller
iOS/SCMessenger/SCMessenger/Data/MeshRepository.swift,terminalIdentityFailureMessage,swift,0.75,0.79,0.12,caller
iOS/SCMessenger/SCMessenger/Data/MeshRepository.swift,toMultiaddrFromSocketAddress,swift,0.74,0.79,0.1,caller
wasm/src/connection_state.rs,test_connection_manager_default,rust,0.63,0.79,0.16,sibling
wasm/src/transport.rs,test_wasm_transport_remove_peer,rust,0.68,0.79,0.15000000000000002,callee
android/app/src/main/java/com/scmessenger/android/service/MeshForegroundService.kt,isAppInForeground,kotlin,0.69,0.78,0.12,caller
android/app/src/main/java/com/scmessenger/android/transport/SubnetProbe.kt,narrowToScanSubnet,kotlin,0.65,0.78,0.11,caller
android/app/src/main/java/com/scmessenger/android/ui/settings/PowerSettingsScreen.kt,ProfileSelector,kotlin,0.7,0.78,0.1,caller
android/app/src/main/java/com/scmessenger/android/utils/ContactImportParser.kt,parseStringArray,kotlin,0.69,0.78,0.08,caller
android/app/src/main/java/com/scmessenger/android/utils/Permissions.kt,getRationale,kotlin,0.66,0.78,0.09,caller
android/app/src/test/java/com/scmessenger/android/test/ChatViewModelTest.kt,tearDown,kotlin,0.67,0.78,0.12,callee
android/app/src/test/java/com/scmessenger/android/test/DropAtCapRetentionTest.kt,envelope,kotlin,0.66,0.78,0.18,callee
android/shared/src/desktopMain/kotlin/com/scmessenger/shared/desktop/ContactList.kt,ServiceStatusIndicator,kotlin,0.62,0.78,0.09,caller
cli/src/ledger.rs,is_circuit_key,rust,0.62,0.78,0.13,caller
core/src/identity/keys.rs,test_identity_id_is_not_valid_ed25519_point,rust,0.68,0.78,0.16,sibling
core/src/relay/server.rs,test_server,rust,0.67,0.78,0.19,callee
core/src/store/relay_custody.rs,store_compat_mode_can_transition_to_phase_b,rust,0.64,0.78,0.19,callee
core/src/transport/abstraction.rs,test_transport_command_connect,rust,0.7,0.78,0.16,sibling
core/src/transport/abstraction.rs,test_transport_command_disconnect,rust,0.71,0.78,0.16999999999999998,sibling
core/src/transport/addr_filter.rs,is_cgnat,rust,0.73,0.78,0.14,sibling
core/src/transport/diagnostics.rs,now_ms,rust,0.6,0.78,0.11,sibling
core/src/transport/dial_policy.rs,test_permanent_failure,rust,0.58,0.78,0.18,callee
iOS/SCMessenger/SCMessenger/Data/MeshRepository.swift,ledgerBootstrapAddresses,swift,0.71,0.78,0.13,callee
iOS/SCMessenger/SCMessenger/Utils/Theme.swift,primaryContainerStyle,swift,0.52,0.78,0.15000000000000002,sibling
iOS/SCMessenger/SCMessenger/ViewModels/ContactsViewModel.swift,normalizedNonEmpty,swift,0.71,0.78,0.12,callee
iOS/SCMessenger/SCMessenger/Views/Navigation/MainTabView.swift,formatMessageDate,swift,0.62,0.78,0.11,sibling
core/tests/property/encryption_roundtrip.rs,generate_keypair,rust,0.56,0.78,0.13,callee
android/app/src/main/java/com/scmessenger/android/data/MeshRepository.kt,isSameLanAddress,kotlin,0.61,0.77,0.14,callee
android/app/src/main/java/com/scmessenger/android/ui/components/StatusIndicator.kt,PulsingDot,kotlin,0.65,0.77,0.08,caller
android/app/src/main/java/com/scmessenger/android/utils/DeepLinkValidator.kt,validateIpv4,kotlin,0.71,0.77,0.11,callee
android/app/src/test/java/com/scmessenger/android/service/MeshLifecycleSerializationTest.kt,awaitAtLeast,kotlin,0.65,0.77,0.12,caller
android/app/src/test/java/com/scmessenger/android/test/SettingsViewModelTest.kt,tearDown,kotlin,0.61,0.77,0.13,callee
cli/src/main.rs,relay_is_healthy,rust,0.62,0.77,0.13,callee
core/src/drift/sketch.rs,is_empty,rust,0.59,0.77,0.18,caller
core/src/iron_core.rs,can_bootstrap_others,rust,0.62,0.77,0.15,callee
core/src/mobile_bridge.rs,compute_behavior,rust,0.67,0.77,0.13,caller
core/src/routing/local.rs,test_gateway_detection,rust,0.64,0.77,0.14,callee
core/src/store/outbox.rs,current_unix_secs,rust,0.66,0.77,0.13,caller
core/src/transport/discovery.rs,allows_identify,rust,0.65,0.77,0.13,sibling
core/tests/property/encryption_roundtrip.rs,test_property_test_strategies_compile,rust,0.56,0.77,0.19,callee
core/tests/test_and06_live_key_corpus.rs,deterministic_seed,rust,0.63,0.77,0.1,caller
desktop_bridge/src/tray.rs,test_tray_disconnected,rust,0.61,0.77,0.16,callee
iOS/SCMessenger/SCMessenger/Data/MeshRepository.swift,excludeIdentitySubdirFromBackup,swift,0.8,0.77,0.1,caller
iOS/SCMessenger/SCMessenger/Data/MeshRepository.swift,normalizeNickname,swift,0.67,0.77,0.12,sibling
iOS/SCMessenger/SCMessenger/Data/MeshRepository.swift,appendRoutingHint,swift,0.73,0.77,0.09,caller
iOS/SCMessenger/SCMessenger/Utils/NotificationLogger.swift,appendToFile,swift,0.75,0.77,0.08,caller
wasm/src/transport.rs,peer_count,rust,0.65,0.77,0.12,caller
android/app/src/main/java/com/scmessenger/android/data/MeshRepository.kt,isSpecialUseIpv4,kotlin,0.7,0.76,0.1,caller
android/app/src/main/java/com/scmessenger/android/data/MeshRepository.kt,extractIpv4FromMultiaddr,kotlin,0.71,0.76,0.1,caller
android/app/src/main/java/com/scmessenger/android/transport/ble/BleScanner.kt,stopDutyCycle,kotlin,0.66,0.76,0.12,caller
android/app/src/main/java/com/scmessenger/android/ui/viewmodels/MeshServiceViewModel.kt,getStatsText,kotlin,0.64,0.76,0.09,caller
android/app/src/main/java/com/scmessenger/android/utils/PeerIdValidator.kt,isBlePeerId,kotlin,0.58,0.76,0.11,caller
android/app/src/test/java/com/scmessenger/android/data/BootstrapCandidateMergeTest.kt,trimNormalizesWhitespacePaddedEntries,kotlin,0.74,0.76,0.19,sibling
core/src/crypto/ratchet.rs,chain_key_bytes,rust,0.68,0.76,0.13,callee
core/src/notification.rs,now_ms,rust,0.59,0.76,0.13,callee
core/src/transport/abstraction.rs,test_transport_capabilities_creation,rust,0.7,0.76,0.16999999999999998,callee
core/src/transport/abstraction.rs,test_transport_event_peer_discovered,rust,0.7,0.76,0.16,sibling
core/src/transport/manager.rs,new,rust,0.69,0.76,0.16,callee
core/src/transport/nat.rs,test_nat_type_equality,rust,0.62,0.76,0.17,none
core/tests/mocks/transport.rs,create_mock_swarm,rust,0.53,0.76,0.13,sibling
iOS/SCMessenger/SCMessenger/Data/MeshRepository.swift,isSame,swift,0.65,0.76,0.15000000000000002,callee
iOS/SCMessenger/SCMessenger/Views/Dashboard/MeshDashboardView.swift,formatUptime,swift,0.62,0.76,0.08,sibling
wasm/src/connection_state.rs,default,rust,0.56,0.76,0.2,callee
android/app/src/main/java/com/scmessenger/android/data/MeshRepository.kt,isPublicInternetMultiaddr,kotlin,0.7,0.75,0.13,caller
android/app/src/main/java/com/scmessenger/android/data/MeshRepository.kt,parseLastKnownRoute,kotlin,0.67,0.75,0.08,caller
android/app/src/main/java/com/scmessenger/android/ui/join/JoinMeshScreen.kt,ConnectingView,kotlin,0.71,0.75,0.08,caller
android/app/src/main/java/com/scmessenger/android/ui/settings/PowerSettingsScreen.kt,SliderSetting,kotlin,0.65,0.75,0.08,caller
android/app/src/test/java/com/scmessenger/android/test/ChatViewModelTest.kt,record,kotlin,0.6,0.75,0.13,callee
android/app/src/test/java/com/scmessenger/android/test/OrderingAndNotificationRoutingTest.kt,record,kotlin,0.67,0.75,0.12,callee
core/src/abuse/spam_detection.rs,make_heuristics_only_engine,rust,0.62,0.75,0.16,callee
core/src/dspy/teleprompt.rs,new,rust,0.69,0.75,0.13,sibling
core/src/mobile_bridge.rs,current_timestamp,rust,0.57,0.75,0.09,caller
core/src/privacy/cover.rs,message_interval_ms,rust,0.64,0.75,0.08,caller
core/src/relay/delegate_prewarm.rs,is_stale,rust,0.6,0.75,0.13,caller
core/src/relay/invite.rs,test_invite_token_with_expiry,rust,0.61,0.75,0.16,callee
core/src/transport/discovery.rs,advertises_identify,rust,0.63,0.75,0.11,sibling
core/src/transport/observation.rs,test_ephemeral_source_port_observation_is_dropped,rust,0.69,0.75,0.16,callee
core/src/wasm_support/mesh.rs,test_relay_configuration,rust,0.69,0.75,0.13999999999999999,sibling
iOS/SCMessenger/SCMessenger/Data/MeshRepository.swift,isSpecialUseIPv4,swift,0.66,0.75,0.1,caller
iOS/SCMessenger/SCMessenger/Views/Contacts/VerifySafetyNumberSheet.swift,verificationStatus,swift,0.64,0.75,0.08,sibling
iOS/SCMessenger/SCMessenger/Views/Contacts/VerifySafetyNumberSheet.swift,formattedDate,swift,0.63,0.75,0.08,caller
iOS/SCMessengerCore.xcframework/ios-arm64/Headers/SCMessengerCore.swift,writeFloat,swift,0.57,0.75,0.14,callee
android/app/src/main/java/com/scmessenger/android/ui/screens/SettingsScreen.kt,ThemeRadioOption,kotlin,0.63,0.74,0.09,caller
android/app/src/main/java/com/scmessenger/android/ui/settings/MeshSettingsScreen.kt,SliderSetting,kotlin,0.65,0.74,0.08,caller
android/app/src/main/java/com/scmessenger/android/ui/settings/MeshSettingsScreen.kt,DiscoveryModeSetting,kotlin,0.67,0.74,0.08,caller
android/app/src/main/java/com/scmessenger/android/ui/viewmodels/MainViewModel.kt,consumeChatNav,kotlin,0.66,0.74,0.13,sibling
android/app/src/main/java/com/scmessenger/android/utils/DeepLinkValidator.kt,hasValidTcpPort,kotlin,0.7,0.74,0.12,sibling
cli/src/ble_daemon.rs,format_timestamp,rust,0.65,0.74,0.08,caller
core/src/relay/bootstrap.rs,test_set_addresses,rust,0.64,0.74,0.13,callee
core/src/relay/invite.rs,test_chain_clear,rust,0.63,0.74,0.16,callee
core/src/relay/peer_exchange.rs,has_peer,rust,0.61,0.74,0.13,callee
core/src/relay/peer_exchange.rs,test_mark_seen,rust,0.49,0.74,0.12,callee
core/src/routing/optimized_engine.rs,prefetch_manager_mut,rust,0.62,0.74,0.13999999999999999,caller
core/src/store/dedup.rs,len,rust,0.58,0.74,0.16,sibling
core/src/transport/bootstrap.rs,resolve_env_bootstrap_nodes,rust,0.76,0.74,0.08,caller
core/src/transport/escalation.rs,test_cleanup_peer,rust,0.68,0.74,0.15000000000000002,callee
core/src/transport/swarm.rs,zombie_test_peer,rust,0.68,0.74,0.16999999999999998,caller
core/tests/mocks/routing.rs,test_mock_routing_engine_creation,rust,0.56,0.74,0.14,callee
iOS/SCMessenger/SCMessenger/Data/MeshRepository.swift,getIdentitySnippet,swift,0.68,0.74,0.09,caller
iOS/SCMessenger/SCMessenger/Transport/BLECentralManager.swift,validateConnectionState,swift,0.67,0.74,0.06,sibling
iOS/SCMessenger/SCMessenger/Views/Navigation/MainTabView.swift,formatMessageDate,swift,0.62,0.74,0.1,sibling
android/app/src/main/java/com/scmessenger/android/data/MeshRepository.kt,getRetryDelay,kotlin,0.61,0.73,0.08,caller
android/app/src/main/java/com/scmessenger/android/ui/dialogs/NetworkStatusDialog.kt,DiagnosticRow,kotlin,0.66,0.73,0.09,caller
android/app/src/main/java/com/scmessenger/android/ui/viewmodels/ContactsViewModel.kt,normalizeNickname,kotlin,0.67,0.73,0.11,caller
android/app/src/main/java/com/scmessenger/android/ui/viewmodels/ContactsViewModel.kt,isBlePeerId,kotlin,0.62,0.73,0.1,caller
android/app/src/main/java/com/scmessenger/android/utils/Permissions.kt,hasMdnsPermissions,kotlin,0.67,0.73,0.1,sibling
android/app/src/test/java/com/scmessenger/android/test/OrderingAndNotificationRoutingTest.kt,`locally stamped inbound rows order causally against locally sent rows`,kotlin,0.65,0.73,0.15,sibling
cli/src/ledger.rs,test_peer_id,rust,0.53,0.73,0.13999999999999999,caller
cli/src/transport_bridge.rs,default,rust,0.57,0.73,0.19,callee
core/src/drift/store.rs,message_ids,rust,0.61,0.73,0.09999999999999999,caller
core/src/drift/store.rs,test_empty_store,rust,0.57,0.73,0.14,callee
core/src/privacy/timing.rs,test_message_priority_jitter_config,rust,0.6,0.73,0.13999999999999999,callee
core/src/relay/peer_exchange.rs,test_get_peer,rust,0.53,0.73,0.12,callee
core/src/store/inbox.rs,get_inbox_count,rust,0.52,0.73,0.09,callee
core/src/store/ledger_entry.rs,current_timestamp,rust,0.58,0.73,0.1,caller
android/app/src/main/java/com/scmessenger/android/service/AnrWatchdog.kt,reduceSystemLoad,kotlin,0.68,0.72,0.15,caller
android/app/src/main/java/com/scmessenger/android/ui/contacts/AddContactScreen.kt,ScanningState,kotlin,0.7,0.72,0.07,caller
android/app/src/main/java/com/scmessenger/android/ui/contacts/AddContactScreen.kt,TransportIcon,kotlin,0.59,0.72,0.08,caller
android/app/src/main/java/com/scmessenger/android/ui/screens/DashboardScreen.kt,TextDetailRow,kotlin,0.54,0.72,0.06,caller
cli/src/ledger.rs,now,rust,0.56,0.72,0.12,caller
core/src/drift/store.rs,contains,rust,0.64,0.72,0.12,callee
core/src/relay/server.rs,test_stats_tracking,rust,0.64,0.72,0.14,callee
core/src/routing/engine.rs,test_next_hop_gateway,rust,0.57,0.72,0.15,callee
core/src/routing/neighborhood.rs,default,rust,0.5,0.72,0.18,callee
core/src/routing/timeout_budget.rs,is_exhausted,rust,0.5,0.72,0.09999999999999999,sibling
core/src/transport/bootstrap.rs,test_bootstrap_manager_no_duplicate,rust,0.67,0.72,0.15000000000000002,callee
core/src/transport/escalation.rs,test_escalation_engine_creation,rust,0.6,0.72,0.15,callee
core/tests/integration_ws13_migration.rs,custody_compat_mode_phase_a_is_default,rust,0.6,0.72,0.16,sibling
iOS/SCMessenger/SCMessenger/Data/MeshRepository.swift,displayNameForContact,swift,0.55,0.72,0.08,caller
core/tests/integration_e00_ratchet_wiring.rs,receive_and_assert,rust,0.69,0.72,0.11,callee
android/app/src/main/java/com/scmessenger/android/data/MeshRepository.kt,mergeBootstrapCandidates,kotlin,0.65,0.71,0.07,caller
android/app/src/main/java/com/scmessenger/android/data/MeshRepository.kt,isInfrastructureAgent,kotlin,0.69,0.71,0.08,caller
android/app/src/main/java/com/scmessenger/android/data/MeshRepository.kt,parseBootstrapRelay,kotlin,0.73,0.71,0.08,caller
android/app/src/main/java/com/scmessenger/android/network/DiagnosticsReporter.kt,generateRecommendations,kotlin,0.69,0.71,0.08,caller
android/app/src/main/java/com/scmessenger/android/service/ServiceHealthMonitor.kt,notifyServiceRestartInitiated,kotlin,0.68,0.71,0.12,caller
android/app/src/main/java/com/scmessenger/android/ui/screens/SettingsScreen.kt,SwitchPreference,kotlin,0.61,0.71,0.07,caller
android/app/src/main/java/com/scmessenger/android/ui/screens/SettingsScreen.kt,InfoRow,kotlin,0.61,0.71,0.06,caller
core/src/relay/invite.rs,test_invite_system_creation,rust,0.63,0.71,0.15,callee
core/src/relay/peer_exchange.rs,get_peer,rust,0.64,0.71,0.11,caller
core/src/store/dedup.rs,default,rust,0.5,0.71,0.16,callee
core/src/store/relay_custody.rs,now_ms,rust,0.58,0.71,0.11,caller
core/src/store/relay_custody.rs,test_adoption_stats_start_at_zero,rust,0.64,0.71,0.13,callee
core/src/test_support.rs,self_certifying_keypair,rust,0.65,0.71,0.09,caller
core/src/transport/abstraction.rs,test_transport_event_data_received,rust,0.66,0.71,0.13999999999999999,sibling
core/src/transport/reputation.rs,len,rust,0.69,0.71,0.13,callee
iOS/SCMessenger/SCMessenger/Utils/Theme.swift,errorContainerStyle,swift,0.52,0.71,0.09999999999999999,sibling
android/app/src/main/java/com/scmessenger/android/data/IdentityCreationCoordinator.kt,clearError,kotlin,0.59,0.7,0.12,sibling
android/app/src/main/java/com/scmessenger/android/data/MeshRepository.kt,pendingOutboxExpiryReason,kotlin,0.6,0.7,0.17,caller
android/app/src/main/java/com/scmessenger/android/data/MeshRepository.kt,toMultiaddrFromSocketAddress,kotlin,0.71,0.7,0.08,caller
android/app/src/main/java/com/scmessenger/android/ui/dashboard/TopologyScreen.kt,LegendItem,kotlin,0.59,0.7,0.05,caller
android/app/src/test/java/com/scmessenger/android/test/ContactsViewModelTest.kt,tearDown,kotlin,0.64,0.7,0.11,callee
cli/src/ledger.rs,test_dial_key_for_target,rust,0.51,0.7,0.13,callee
cli/src/main.rs,get_local_ipv4,rust,0.68,0.7,0.11,caller
core/src/routing/engine.rs,is_for_us,rust,0.7,0.7,0.13,sibling
core/src/store/contacts.rs,current_timestamp,rust,0.55,0.7,0.07,caller
core/src/store/ledger_entry.rs,extract_ipv4,rust,0.71,0.7,0.08,caller
core/src/transport/reputation.rs,is_empty,rust,0.63,0.7,0.12,caller
core/src/transport/swarm.rs,marker_now_ms,rust,0.66,0.7,0.09999999999999999,caller
iOS/SCMessenger/SCMessenger/Data/MeshRepository.swift,isIdentityId,swift,0.65,0.7,0.08,callee
iOS/SCMessenger/SCMessenger/Services/IosPlatformBridge.swift,wifiDirectDiscoverPeers,swift,0.68,0.7,0.12,sibling
iOS/SCMessenger/SCMessenger/ViewModels/ContactsViewModel.swift,isBlePeerId,swift,0.63,0.7,0.09,caller
iOS/SCMessenger/SCMessenger/Views/Dashboard/MeshDashboardView.swift,dateFromEpoch,swift,0.62,0.7,0.09,caller
android/app/src/main/java/com/scmessenger/android/data/MeshRepository.kt,isEnabledFlag,kotlin,0.65,0.69,0.07,caller
android/app/src/main/java/com/scmessenger/android/data/MeshRepository.kt,normalizeNickname,kotlin,0.68,0.69,0.08,caller
android/app/src/test/java/com/scmessenger/android/ui/viewmodels/MeshServiceViewModelTest.kt,tearDown,kotlin,0.66,0.69,0.09999999999999999,callee
cli/tests/integration_peer_identified_gate.rs,advertised,rust,0.64,0.69,0.13999999999999999,caller
core/src/lib.rs,get_build_provenance,rust,0.62,0.69,0.11,none
core/src/message/identity_envelope.rs,clean_hints,rust,0.61,0.69,0.05,sibling
core/src/routing/negative_cache.rs,default,rust,0.5,0.69,0.18000000000000002,callee
core/src/store/contacts.rs,is_synthetic_fallback_nickname,rust,0.59,0.69,0.08,sibling
core/src/transport/addr_filter.rs,first_ip_component,rust,0.69,0.69,0.09999999999999999,caller
core/src/transport/bootstrap.rs,test_websocket_discovery,rust,0.67,0.69,0.14,callee
core/src/transport/diagnostics.rs,is_empty,rust,0.51,0.69,0.13,sibling
core/src/transport/dial_policy.rs,test_connection_established_reset,rust,0.58,0.69,0.14,callee
core/tests/property/message_serialization.rs,arb_message_type,rust,0.62,0.69,0.12,caller
iOS/SCMessenger/SCMessenger/Data/MeshRepository.swift,parseAllRoutingPeerIds,swift,0.72,0.69,0.07,sibling
iOS/SCMessenger/SCMessenger/Services/NotificationManager.swift,requestPermissionIfNeeded,swift,0.66,0.69,0.07,callee
iOS/SCMessenger/SCMessenger/Utils/NotificationLogger.swift,logTestResult,swift,0.61,0.69,0.06,callee
iOS/SCMessenger/SCMessenger/Utils/NotificationLogger.swift,logDeliveryTest,swift,0.58,0.69,0.07,sibling
iOS/SCMessenger/SCMessenger/ViewModels/SettingsViewModel.swift,getConnectionPathState,swift,0.57,0.69,0.09999999999999999,caller
wasm/src/lib.rs,js_value_from_str,rust,0.57,0.69,0.1,callee
android/app/src/main/java/com/scmessenger/android/data/MeshRepository.kt,extractPortFromMultiaddr,kotlin,0.69,0.68,0.07,caller
android/app/src/main/java/com/scmessenger/android/ui/contacts/AddContactScreen.kt,isNearbyPermissionsGranted,kotlin,0.71,0.68,0.11,caller
android/app/src/main/java/com/scmessenger/android/utils/PeerIdValidator.kt,isPublicKeyHex,kotlin,0.58,0.68,0.09999999999999999,callee
cli/build.rs,emit_git_watch_paths,rust,0.67,0.68,0.07,caller
cli/src/ble_daemon.rs,is_available,rust,0.55,0.68,0.11,sibling
core/src/abuse/auto_block.rs,is_exempt,rust,0.66,0.68,0.09999999999999999,sibling
core/src/dspy/signatures.rs,blake3_hash,rust,0.61,0.68,0.09999999999999999,callee
core/src/transport/hint_store.rs,transport_only,rust,0.63,0.68,0.09,sibling
core/src/transport/relay_health.rs,relay_count,rust,0.64,0.68,0.11,callee
core/tests/mocks/routing.rs,default,rust,0.48,0.68,0.18000000000000002,callee
iOS/SCMessengerCore.xcframework/ios-arm64-simulator/Headers/SCMessengerCore.swift,writeFloat,swift,0.57,0.68,0.12,callee
android/app/src/main/java/com/scmessenger/android/transport/WifiTransportManager.kt,hasDiscoveryPermissions,kotlin,0.62,0.67,0.09999999999999999,sibling
android/app/src/main/java/com/scmessenger/android/ui/screens/OnboardingScreen.kt,ConsentInfoItem,kotlin,0.65,0.67,0.06,caller
android/app/src/test/java/com/scmessenger/android/data/NicknameAuthorityTest.kt,isSyntheticFallbackNickname,kotlin,0.65,0.67,0.11,sibling
android/shared/src/desktopMain/kotlin/com/scmessenger/shared/desktop/Main.kt,EmptyChatPlaceholder,kotlin,0.65,0.67,0.06,caller
core/src/store/blocked.rs,current_timestamp,rust,0.55,0.67,0.08,caller
core/src/store/outbox.rs,default,rust,0.49,0.67,0.17,callee
core/src/transport/ble/gatt.rs,test_gatt_write_queue_empty,rust,0.61,0.67,0.11,callee
core/tests/integration_wp1_identity_unification.rs,sha256_multihash_peer_id,rust,0.59,0.67,0.11,caller
core/tests/mocks/routing.rs,new,rust,0.59,0.67,0.12000000000000001,sibling
iOS/SCMessenger/SCMessenger/Views/Contacts/ContactsListView.swift,conversationDisplayName,swift,0.64,0.67,0.09999999999999999,none
wasm/src/daemon_bridge.rs,is_connected,rust,0.55,0.67,0.13,callee
core/tests/integration_wp1_identity_unification.rs,self_certifying_peer,rust,0.63,0.67,0.09,caller
android/app/src/main/java/com/scmessenger/android/data/MeshRepository.kt,terminalIdentityFailureMessage,kotlin,0.7,0.66,0.06,caller
android/app/src/main/java/com/scmessenger/android/service/BootReceiver.kt,shouldAutoStart,kotlin,0.72,0.66,0.09,caller
android/app/src/main/java/com/scmessenger/android/transport/SubnetProbe.kt,enumerateLocalIPv4Addresses,kotlin,0.65,0.66,0.05,caller
android/app/src/main/java/com/scmessenger/android/ui/settings/PowerSettingsScreen.kt,SettingsSection,kotlin,0.56,0.66,0.05,caller
android/app/src/main/java/com/scmessenger/android/utils/ContactImportParser.kt,firstNonBlank,kotlin,0.61,0.66,0.07,caller
android/app/src/test/java/com/scmessenger/android/data/CellTransportBurnDownTest.kt,deliveryAndBootstrapKeysDifferForSameMultiaddr,kotlin,0.63,0.66,0.13,callee
android/app/src/test/java/com/scmessenger/android/ui/viewmodels/MainViewModelTest.kt,tearDown,kotlin,0.6,0.66,0.09,callee
cli/src/seed_dial.rs,sweep_decision,rust,0.5,0.66,0.11,caller
core/src/drift/store.rs,default,rust,0.51,0.66,0.16,callee
core/src/routing/adaptive_ttl.rs,len,rust,0.63,0.66,0.13,sibling
core/src/transport/bootstrap.rs,total_nodes,rust,0.58,0.66,0.11,caller
core/src/transport/observation.rs,extract_socket_addr,rust,0.62,0.66,0.07,sibling
core/src/wasm_support/storage.rs,is_empty,rust,0.56,0.66,0.11,sibling
iOS/SCMessenger/SCMessenger/ViewModels/ChatViewModel.swift,statusGlyph,swift,0.66,0.66,0.09,none
core/tests/integration_ratchet_persistence.rs,generate_signing_key,rust,0.54,0.66,0.11,callee
android/app/src/main/java/com/scmessenger/android/data/MeshRepository.kt,parseAllRoutingPeerIds,kotlin,0.67,0.65,0.05,caller
android/app/src/main/java/com/scmessenger/android/ui/settings/PowerSettingsScreen.kt,InfoCard,kotlin,0.59,0.65,0.06,caller
android/app/src/test/java/com/scmessenger/android/data/NicknameAuthorityTest.kt,selectAuthoritativeNickname,kotlin,0.65,0.65,0.11,caller
core/src/contacts_bridge.rs,current_timestamp,rust,0.57,0.65,0.07,caller
core/src/crypto/kani_proofs.rs,x25519_public_key_length_invariant,rust,0.57,0.65,0.12,callee
core/src/drift/store.rs,test_merge_non_overlapping_stores,rust,0.59,0.65,0.09999999999999999,callee
core/src/lib.rs,can_retry,rust,0.5,0.65,0.09999999999999999,sibling
core/src/mobile_bridge.rs,handle_data_path_confirmed,rust,0.71,0.65,0.06,caller
core/src/relay/peer_exchange.rs,default,rust,0.49,0.65,0.17,callee
core/src/routing/global.rs,pending_request_count,rust,0.61,0.65,0.09,sibling
core/src/store/history.rs,current_timestamp,rust,0.53,0.65,0.06,caller
core/src/transport/ble/gatt.rs,is_full,rust,0.42,0.65,0.07,caller
core/src/transport/bootstrap.rs,with_defaults,rust,0.61,0.65,0.11,callee
core/src/transport/peer_broadcast.rs,get_peers_except,rust,0.58,0.65,0.06,caller
iOS/SCMessenger/SCMessenger/Transport/mDNSServiceDiscovery.swift,resolvedTXTValues,swift,0.71,0.65,0.05,sibling
iOS/SCMessenger/SCMessenger/Views/Dashboard/MeshDashboardView.swift,formatBytes,swift,0.47,0.65,0.06,caller
android/app/src/main/java/com/scmessenger/android/transport/MdnsServiceDiscovery.kt,peerIdFromDnsaddr,kotlin,0.7,0.64,0.07,sibling
android/app/src/main/java/com/scmessenger/android/transport/ble/BleGattServer.kt,hasBluetoothConnectPermission,kotlin,0.61,0.64,0.08,callee
android/app/src/main/java/com/scmessenger/android/ui/components/Identicon.kt,generateColors,kotlin,0.64,0.64,0.04,caller
android/app/src/main/java/com/scmessenger/android/utils/ContactDisplayName.kt,displayNames,kotlin,0.53,0.64,0.09999999999999999,callee
android/app/src/test/java/com/scmessenger/android/ui/viewmodels/ContactsViewModelTest.kt,tearDown,kotlin,0.6,0.64,0.09,callee
android/app/src/test/java/com/scmessenger/android/ui/viewmodels/ConversationsViewModelTest.kt,tearDown,kotlin,0.62,0.64,0.09999999999999999,callee
cli/tests/heartbeat_watchdog_integration.rs,repo_tmp,rust,0.58,0.64,0.09999999999999999,caller
core/src/drift/compress.rs,test_compress_decompress_roundtrip,rust,0.56,0.64,0.09999999999999999,sibling
core/src/relay/client.rs,test_set_capabilities,rust,0.56,0.64,0.09999999999999999,callee
iOS/SCMessenger/SCMessenger/Data/MeshRepository.swift,normalize,swift,0.64,0.64,0.08,callee
iOS/SCMessenger/SCMessenger/Services/NotificationManager.swift,currentPermissionStatus,swift,0.56,0.64,0.04,sibling
iOS/SCMessenger/SCMessenger/ViewModels/SettingsViewModel.swift,getNatStatus,swift,0.54,0.64,0.09,caller
iOS/SCMessenger/SCMessenger/Views/Settings/DiagnosticsView.swift,stopAutoRefresh,swift,0.67,0.64,0.08,sibling
android/app/src/main/java/com/scmessenger/android/ui/settings/PowerSettingsScreen.kt,SwitchSetting,kotlin,0.55,0.63,0.04,caller
cli/src/ledger.rs,contains_peer_id_component,rust,0.62,0.63,0.07,sibling
core/src/routing/local.rs,current_timestamp,rust,0.57,0.63,0.07,caller
core/src/store/relay_custody.rs,as_str,rust,0.56,0.63,0.11,none
core/src/transport/manager.rs,len,rust,0.59,0.63,0.12000000000000001,callee
desktop_bridge/src/power.rs,test_power_state_for_suspend,rust,0.53,0.63,0.09999999999999999,callee
iOS/SCMessenger/SCMessenger/Data/MeshRepository.swift,normalizePeerId,swift,0.58,0.63,0.12,callee
iOS/SCMessenger/SCMessenger/ViewModels/OnboardingViewModel.swift,skip,swift,0.61,0.63,0.11,callee
iOS/SCMessenger/SCMessenger/Views/Contacts/ContactsListView.swift,conversationDisplayName,swift,0.64,0.63,0.08,none
iOS/SCMessengerCore.xcframework/ios-arm64-simulator/Headers/SCMessengerCore.swift,hasRemaining,swift,0.73,0.63,0.13,none
core/src/iron_core.rs,test_identity_id_hashes_raw_key_bytes_not_the_hex_string,rust,0.62,0.63,0.13,sibling
android/app/src/main/java/com/scmessenger/android/data/MeshRepository.kt,dialThrottleKey,kotlin,0.57,0.62,0.07,caller
android/app/src/main/java/com/scmessenger/android/transport/SubnetProbe.kt,dialCandidateFor,kotlin,0.5,0.62,0.09999999999999999,caller
android/app/src/main/java/com/scmessenger/android/transport/ble/BleL2capManager.kt,closeQuietly,kotlin,0.61,0.62,0.05,caller
android/app/src/test/java/com/scmessenger/android/test/ContactsViewModelTest.kt,`removeContact forwards removal to repository`,kotlin,0.64,0.62,0.11,callee
android/app/src/test/java/com/scmessenger/android/test/MeshApplicationScheduleTest.kt,`mesh sync work request does not require network but does require battery not low`,kotlin,0.65,0.62,0.13,callee
cli/src/ledger.rs,test_peer_dial_state_success_reset,rust,0.53,0.62,0.09999999999999999,callee
core/src/crypto/kani_proofs.rs,ed25519_verifying_key_length_invariant,rust,0.56,0.62,0.11,sibling
core/src/crypto/proptest_harness.rs,arb_nonempty_plaintext,rust,0.46,0.62,0.05,sibling
core/src/drift/store.rs,get,rust,0.67,0.62,0.09999999999999999,sibling
core/src/dspy/signatures.rs,signature_fingerprint,rust,0.6,0.62,0.06,callee
core/src/identity/keys.rs,le_bytes_ge,rust,0.53,0.62,0.07,caller
core/src/relay/invite.rs,test_with_seed_ledger_truncates_without_dropping_inviter,rust,0.5,0.62,0.13,callee
core/src/routing/engine.rs,test_next_hop_global_route,rust,0.56,0.62,0.11,callee
core/src/routing/local.rs,peer_count,rust,0.52,0.62,0.09,caller
core/src/transport/circuit_breaker.rs,with_defaults,rust,0.45,0.62,0.12,callee
core/src/transport/manager.rs,test_outgoing_queue_clear,rust,0.51,0.62,0.11,callee
core/src/util.rs,unix_time_secs,rust,0.44,0.62,0.06,sibling
core/src/wasm_support/storage.rs,test_empty_after_remove_all,rust,0.59,0.62,0.12,callee
wasm/src/notification_manager.rs,is_supported,rust,0.59,0.62,0.09999999999999999,sibling
android/app/src/main/java/com/scmessenger/android/data/MeshRepository.kt,hasAllPermissions,kotlin,0.62,0.61,0.05,caller
android/app/src/main/java/com/scmessenger/android/transport/ble/BleAdvertiser.kt,hasAdvertisePermission,kotlin,0.6,0.61,0.06,sibling
android/app/src/test/java/com/scmessenger/android/data/BootstrapCandidateMergeTest.kt,blankEntriesDroppedFromBothTiers,kotlin,0.67,0.61,0.12000000000000001,sibling
core/src/crypto/proptest_harness.rs,arb_plaintext,rust,0.53,0.61,0.04,sibling
core/src/relay/peer_exchange.rs,test_peer_exchange_manager_creation,rust,0.55,0.61,0.09999999999999999,callee
core/src/routing/adaptive_ttl.rs,is_empty,rust,0.54,0.61,0.11,caller
core/src/routing/timeout_budget.rs,default_500ms,rust,0.39,0.61,0.08,caller
core/src/transport/reflection.rs,test_service_reset_stats,rust,0.58,0.61,0.11,callee
core/src/util.rs,unix_time_ms,rust,0.42,0.61,0.05,sibling
iOS/SCMessenger/SCMessenger/Data/MeshRepository.swift,isBlePeerId,swift,0.59,0.61,0.06,caller
android/app/src/main/java/com/scmessenger/android/utils/ContactDisplayName.kt,resolveLocalNickname,kotlin,0.47,0.6,0.07,callee
android/shared/src/desktopMain/kotlin/com/scmessenger/shared/platform/PlatformStorage.desktop.kt,getBoolean,kotlin,0.6,0.6,0.06,sibling
core/src/drift/relay.rs,test_network_state_toggle,rust,0.58,0.6,0.09999999999999999,callee
core/src/drift/store.rs,len,rust,0.53,0.6,0.13,callee
core/src/privacy/cover.rs,is_cover_traffic,rust,0.59,0.6,0.11,sibling
core/src/relay/client.rs,test_client,rust,0.54,0.6,0.11,caller
core/src/routing/timeout_budget.rs,remaining,rust,0.44,0.6,0.06,callee
core/src/transport/reflection.rs,default,rust,0.45,0.6,0.15,callee
core/tests/property/encryption_roundtrip.rs,arb_plaintext,rust,0.56,0.6,0.08,sibling
iOS/SCMessenger/SCMessenger/Data/MeshRepository.swift,logDiagnostic,swift,0.6,0.6,0.08,callee
iOS/SCMessenger/SCMessenger/Generated/api.swift,hasRemaining,swift,0.67,0.6,0.12,none
iOS/SCMessenger/SCMessenger/ViewModels/ContactsViewModel.swift,normalizeNickname,swift,0.63,0.6,0.04,sibling
iOS/SCMessengerCore.xcframework/ios-arm64/Headers/SCMessengerCore.swift,hasRemaining,swift,0.7,0.6,0.12,none
android/app/src/main/java/com/scmessenger/android/ui/settings/MeshSettingsScreen.kt,SwitchSetting,kotlin,0.55,0.59,0.04,caller
android/app/src/test/java/com/scmessenger/android/data/BootstrapCandidateMergeTest.kt,duplicateSeedsCollapse,kotlin,0.66,0.59,0.09999999999999999,callee
wasm/src/notification_manager.rs,get_user_agent,rust,0.6,0.59,0.06,sibling
android/app/src/main/java/com/scmessenger/android/data/MeshRepository.kt,isBlePeerId,kotlin,0.59,0.58,0.05,caller
android/app/src/main/java/com/scmessenger/android/ui/dialogs/NetworkStatusDialog.kt,formatNetworkType,kotlin,0.55,0.58,0.04,caller
cli/src/ble_daemon.rs,format_bytes,rust,0.48,0.58,0.04,sibling
core/src/abuse/spam_detection.rs,test_content_fingerprint_deterministic,rust,0.59,0.58,0.08,callee
core/src/routing/adaptive_ttl.rs,test_adaptive_ttl_creation,rust,0.56,0.58,0.09999999999999999,callee
core/src/routing/local.rs,test_local_id_preserved,rust,0.43,0.58,0.11,callee
core/src/routing/neighborhood.rs,current_timestamp,rust,0.49,0.58,0.06,sibling
core/src/transport/abstraction.rs,test_all_transport_types_distinct,rust,0.54,0.58,0.09999999999999999,none
core/src/transport/manager.rs,is_empty,rust,0.51,0.58,0.09999999999999999,caller
core/src/transport/swarm.rs,is_dns_multiaddr,rust,0.68,0.58,0.08,caller
iOS/SCMessenger/SCMessenger/Data/MeshRepository.swift,normalizePublicKey,swift,0.69,0.58,0.04,caller
iOS/SCMessenger/SCMessenger/Views/Dashboard/MeshDashboardView.swift,formatBytes,swift,0.48,0.58,0.04,sibling
core/src/transport/bootstrap.rs,test_dns_discovery,rust,0.56,0.58,0.09999999999999999,callee
android/app/src/main/java/com/scmessenger/android/service/PerformanceMonitor.kt,getServiceUptimeMs,kotlin,0.51,0.57,0.04,sibling
android/app/src/main/java/com/scmessenger/android/transport/SubnetProbe.kt,ipv4NetmaskInt,kotlin,0.64,0.57,0.05,caller
android/app/src/main/java/com/scmessenger/android/ui/viewmodels/MainViewModel.kt,consumeRequestsInboxNav,kotlin,0.56,0.57,0.08,sibling
android/app/src/test/java/com/scmessenger/android/data/BootstrapCandidateMergeTest.kt,emptyLedgerYieldsNoCandidates,kotlin,0.58,0.57,0.09999999999999999,callee
core/src/abuse/auto_block.rs,current_epoch_secs,rust,0.57,0.57,0.04,caller
core/src/drift/sync.rs,test_sync_session_creation,rust,0.52,0.57,0.09,callee
core/src/transport/internet.rs,current_unix_timestamp,rust,0.5,0.57,0.05,caller
core/src/transport/peer_broadcast.rs,default,rust,0.4,0.57,0.13,callee
desktop_bridge/src/power.rs,test_power_state_for_resume,rust,0.51,0.57,0.09,callee
iOS/SCMessenger/SCMessenger/Services/NotificationManager.swift,areNotificationsEnabled,swift,0.52,0.57,0.04,sibling
android/app/src/main/java/com/scmessenger/android/data/MeshRepository.kt,federatedKeyConflict,kotlin,0.64,0.56,0.07,caller
android/app/src/main/java/com/scmessenger/android/ui/viewmodels/DashboardViewModel.kt,normalizeNickname,kotlin,0.52,0.56,0.05,sibling
android/app/src/test/java/com/scmessenger/android/ui/identity/IdentityViewModelTest.kt,tearDown,kotlin,0.58,0.56,0.060000000000000005,sibling
core/src/dspy/signatures.rs,test_signature_fingerprint_format,rust,0.59,0.56,0.08,callee
core/src/routing/neighborhood.rs,test_gateways_for_hint,rust,0.59,0.56,0.09999999999999999,callee
core/src/transport/bootstrap.rs,is_websocket_address,rust,0.69,0.56,0.04,sibling
core/src/transport/discovery.rs,allows_mdns,rust,0.53,0.56,0.08,sibling
core/src/transport/nat.rs,current_unix_timestamp,rust,0.47,0.56,0.05,caller
android/app/src/main/java/com/scmessenger/android/ui/components/Identicon.kt,toArgb,kotlin,0.55,0.55,0.05,caller
core/src/routing/global.rs,default,rust,0.47,0.55,0.11,callee
core/src/routing/neighborhood.rs,summary_count,rust,0.53,0.55,0.09,callee
core/src/store/ledger_entry.rs,is_ula,rust,0.67,0.55,0.08,caller
core/src/transport/multiport.rs,requires_elevated_privileges,rust,0.74,0.55,0.09,sibling
core/tests/property/message_serialization.rs,arb_delivery_status,rust,0.43,0.55,0.08,caller
iOS/SCMessengerCore.xcframework/ios-arm64-simulator/Headers/SCMessengerCore.swift,writeBytes,swift,0.61,0.55,0.060000000000000005,callee
cli/src/ledger.rs,rfc1918_class,rust,0.71,0.54,0.06,caller
core/src/routing/adaptive_ttl.rs,default,rust,0.43,0.54,0.12000000000000001,callee
core/src/routing/engine.rs,test_next_hop_direct,rust,0.51,0.54,0.08,callee
core/src/store/dedup.rs,is_empty,rust,0.45,0.54,0.09999999999999999,callee
core/src/transport/mesh_routing.rs,is_empty,rust,0.57,0.54,0.11,callee
core/src/transport/reputation.rs,current_epoch_secs,rust,0.59,0.54,0.04,caller
iOS/SCMessenger/SCMessenger/Generated/api.swift,writeBytes,swift,0.6,0.54,0.060000000000000005,callee
iOS/SCMessengerCore.xcframework/ios-arm64/Headers/SCMessengerCore.swift,writeBytes,swift,0.57,0.54,0.05,callee
android/app/src/test/java/com/scmessenger/android/utils/PeerIdValidatorTest.kt,hexUpper,kotlin,0.54,0.53,0.1,caller
core/src/routing/neighborhood.rs,gateway_count,rust,0.43,0.53,0.06999999999999999,caller
iOS/SCMessenger/SCMessenger/Data/MeshRepository.swift,isEnabledFlag,swift,0.59,0.53,0.03,caller
android/app/src/main/java/com/scmessenger/android/utils/ContactDisplayName.kt,normalizeContactNickname,kotlin,0.48,0.52,0.03,caller
core/src/drift/store.rs,is_empty,rust,0.49,0.52,0.09,caller
core/src/relay/peer_exchange.rs,test_clear,rust,0.49,0.52,0.06,callee
core/src/routing/smart_retry.rs,isAtMaxDelay,rust,0.55,0.52,0.05,sibling
core/tests/integration_e00_drift_v2_diag.rs,opt_field_info,rust,0.49,0.52,0.04,sibling
core/tests/mocks/transport.rs,create_mock_swarm_with_peers,rust,0.51,0.52,0.04,caller
desktop_bridge/src/power.rs,test_set_idle_inhibited,rust,0.45,0.52,0.08,callee
iOS/SCMessenger/SCMessenger/Data/MeshRepository.swift,logVerbose,swift,0.53,0.52,0.03,callee
android/app/src/main/java/com/scmessenger/android/data/MeshRepository.kt,isPrivateIpv4,kotlin,0.59,0.51,0.04,caller
android/app/src/main/java/com/scmessenger/android/service/BootReceiver.kt,isBootAction,kotlin,0.48,0.51,0.05,sibling
android/app/src/test/java/com/scmessenger/android/utils/DiagnosticsShareControllerTest.kt,tempRoot,kotlin,0.61,0.51,0.03,caller
cli/src/ledger.rs,is_ula,rust,0.65,0.51,0.06999999999999999,callee
core/src/relay/delegate_prewarm.rs,with_defaults,rust,0.47,0.51,0.08,callee
core/src/relay/invite.rs,test_invite_token_with_metadata,rust,0.48,0.51,0.09,callee
core/src/routing/negative_cache.rs,len,rust,0.5,0.51,0.06999999999999999,sibling
core/src/transport/mesh_routing.rs,unix_now_secs,rust,0.46,0.51,0.04,caller
iOS/SCMessengerTests/MeshBackgroundServiceTests.swift,tearDown,swift,0.54,0.51,0.05,sibling
android/app/src/main/java/com/scmessenger/android/utils/NotificationHelper.kt,channelForMessage,kotlin,0.57,0.5,0.04,caller
cli/src/bootstrap.rs,test_default_topics,rust,0.47,0.5,0.06999999999999999,callee
core/src/transport/reflection.rs,test_service_enable_disable,rust,0.43,0.5,0.08,sibling
android/app/src/main/java/com/scmessenger/android/ui/MeshApp.kt,startDestinationForRole,kotlin,0.56,0.49,0.05,caller
cli/src/main.rs,now_secs,rust,0.43,0.49,0.03,caller
core/src/dspy/signatures.rs,test_blake3_hash_different_inputs,rust,0.52,0.49,0.04,sibling
core/src/relay/peer_exchange.rs,peer_count,rust,0.47,0.49,0.08,sibling
core/src/transport/circuit_breaker.rs,test_circuit_breaker_default_config,rust,0.43,0.49,0.06999999999999999,callee
core/src/transport/hint_store.rs,now_unix,rust,0.47,0.49,0.03,caller
core/src/wasm_support/mesh.rs,test_relay_inactive_returns_empty,rust,0.44,0.49,0.06999999999999999,callee
core/tests/mocks/routing.rs,test_mock_routing_reset,rust,0.41,0.49,0.060000000000000005,callee
core/src/identity/store.rs,test_memory_store,rust,0.5,0.49,0.08,sibling
cli/tests/heartbeat_watchdog_integration.rs,probe_path,rust,0.5,0.48,0.060000000000000005,caller
core/src/drift/compress.rs,test_compress_single_byte,rust,0.51,0.48,0.060000000000000005,sibling
core/src/notification.rs,normalize_optional,rust,0.61,0.48,0.05,none
core/src/routing/multipath.rs,default,rust,0.42,0.48,0.09999999999999999,callee
core/tests/integration_e00_drift_v2_diag.rs,first_byte_hex,rust,0.44,0.48,0.02,sibling
cli/tests/integration_peer_identified_gate.rs,peer,rust,0.45,0.47,0.060000000000000005,callee
core/src/transport/ble/scanner.rs,get_mode,rust,0.44,0.47,0.05,callee
core/tests/test_mesh_routing.rs,now_secs,rust,0.43,0.47,0.03,caller
core/src/drift/store.rs,test_messages_for_recipient,rust,0.45,0.46,0.04,callee
core/tests/integration_recency_map_bounds.rs,now_secs,rust,0.42,0.46,0.04,caller
desktop_bridge/src/lib.rs,test_desktop_version,rust,0.46,0.46,0.06999999999999999,callee
iOS/SCMessenger/SCMessenger/Data/MeshRepository.swift,isIdentityId,swift,0.5,0.46,0.06999999999999999,callee
iOS/SCMessenger/SCMessenger/Data/MeshRepository.swift,isPrivateIPv4,swift,0.62,0.46,0.04,callee
iOS/SCMessengerCore.xcframework/ios-arm64-simulator/Headers/SCMessengerCore.swift,writeInt,swift,0.48,0.46,0.03,caller
core/src/abuse/auto_block.rs,test_unexempt_peer,rust,0.5,0.45,0.06999999999999999,sibling
android/app/src/test/java/com/scmessenger/android/utils/PeerIdValidatorTest.kt,hexLower,kotlin,0.45,0.44,0.060000000000000005,caller
core/src/transport/discovery.rs,test_discovery_config_builder,rust,0.49,0.44,0.060000000000000005,callee
core/src/store/contacts.rs,normalize_nickname,rust,0.41,0.43,0.02,sibling
core/src/drift/store.rs,test_message_ids,rust,0.43,0.42,0.03,callee
core/src/drift/store.rs,test_custom_capacity,rust,0.42,0.42,0.060000000000000005,callee
core/src/routing/multipath.rs,is_empty,rust,0.37,0.41,0.04,sibling
iOS/SCMessenger/SCMessenger/Data/MeshRepository.swift,parseIPv4Octets,swift,0.57,0.41,0.01,caller
iOS/SCMessengerCore.xcframework/ios-arm64/Headers/SCMessengerCore.swift,writeInt,swift,0.47,0.41,0.02,callee
core/src/routing/multipath.rs,len,rust,0.38,0.4,0.05,sibling
core/src/routing/negative_cache.rs,is_empty,rust,0.44,0.39,0.04,caller
core/src/routing/timeout_budget.rs,test_default_500ms,rust,0.41,0.39,0.04,callee
core/src/drift/envelope.rs,test_hint_from_public_key_deterministic,rust,0.44,0.38,0.03,callee
core/src/transport/ble/scanner.rs,test_ble_scanner_calculate_pause_duration,rust,0.41,0.38,0.03,callee
core/tests/integration_offline_partition_matrix.rs,now_secs,rust,0.39,0.38,0.02,caller
core/src/transport/reflection.rs,test_request_with_id,rust,0.45,0.37,0.04,callee
android/app/src/main/java/com/scmessenger/android/data/MeshRepository.kt,parseIpv4Octets,kotlin,0.49,0.36,0.01,caller
android/app/src/main/java/com/scmessenger/android/utils/NotificationHelper.kt,hasNotificationPermission,kotlin,0.49,0.35,0.03,callee
core/src/dspy/signatures.rs,test_blake3_hash_deterministic,rust,0.49,0.35,0.03,sibling
core/src/lib.rs,test_can_retry,rust,0.33,0.35,0.08,sibling
wasm/src/worker.rs,test_background_sync_config_defaults,rust,0.37,0.35,0.04,callee
core/src/transport/ble/l2cap.rs,test_l2cap_config_default,rust,0.34,0.33,0.04,callee
android/app/src/test/java/com/scmessenger/android/test/IdentityFlowRegressionTest.kt,`AtomicBoolean compareAndSet prevents concurrent fallback entry`,kotlin,0.44,0.32,0.060000000000000005,sibling
core/src/abuse/auto_block.rs,test_disabled_auto_block,rust,0.41,0.32,0.03,callee
core/src/store/storage.rs,test_retention_config_default,rust,0.36,0.32,0.03,callee
core/src/wasm_support/mesh.rs,test_relay_relay_disabled,rust,0.4,0.31,0.02,callee
core/src/transport/ble/scanner.rs,test_ble_scan_config_default,rust,0.34,0.3,0.03,callee
core/src/drift/envelope.rs,test_hint_from_public_key_different_keys,rust,0.4,0.29,0.02,callee
android/app/src/main/java/com/scmessenger/android/data/MeshRepository.kt,isMeshParticipationEnabled,kotlin,0.44,0.27,0.01,caller
core/src/drift/envelope.rs,test_increment_hop,rust,0.37,0.26,0.02,callee
core/src/drift/relay.rs,test_relay_config_default,rust,0.38,0.25,0.02,callee
