file,line,name,lang,facet,choice,confidence
core/src/routing/neighborhood.rs,224,process_gossip,rust,security,validate-guard,0.99
iOS/SCMessenger/SCMessenger/Generated/api.swift,10652,blockedIdentityNew,swift,wiring,throws-propagate,0.98
core/src/mobile_bridge.rs,1809,on_wifi_direct_connection_info,rust,security,validate-guard,0.97
iOS/SCMessenger/SCMessenger/Generated/api.swift,3292,ratchetResetSession,swift,security,throws-propagate,0.97
iOS/SCMessenger/SCMessenger/Generated/api.swift,4187,recordConnection,swift,wiring,throws-propagate,0.97
iOS/SCMessenger/SCMessenger/Generated/api.swift,4232,seedAddresses,swift,wiring,throws-propagate,0.97
iOS/SCMessengerCore.xcframework/ios-arm64-simulator/Headers/SCMessengerCore.swift,1689,getAuditEventsByType,swift,wiring,throws-propagate,0.97
iOS/SCMessengerCore.xcframework/ios-arm64-simulator/Headers/SCMessengerCore.swift,2842,getExternalAddresses,swift,wiring,throws-propagate,0.97
iOS/SCMessengerCore.xcframework/ios-arm64/Headers/SCMessengerCore.swift,1689,getAuditEventsByType,swift,wiring,throws-propagate,0.97
iOS/SCMessengerCore.xcframework/ios-arm64/Headers/SCMessengerCore.swift,6147,blockedIdentityWithDeviceId,swift,wiring,throws-propagate,0.97
cli/src/config.rs,606,scratch_dir,rust,wiring,propagate-question,0.96
core/src/transport/ble/beacon.rs,354,test_default_rotation_period_constant,rust,wiring,no-change,0.96
iOS/SCMessenger/SCMessenger/Generated/api.swift,3055,notifyPeerDisconnected,swift,wiring,throws-propagate,0.96
iOS/SCMessenger/SCMessenger/Generated/api.swift,4667,getAllConnectionStats,swift,wiring,throws-propagate,0.96
iOS/SCMessenger/SCMessenger/Generated/api.swift,4962,ratchetResetSession,swift,security,throws-propagate,0.96
iOS/SCMessenger/SCMessenger/Transport/BLECentralManager.swift,687,readCharacteristic,swift,wiring,async-await,0.96
iOS/SCMessengerCore.xcframework/ios-arm64-simulator/Headers/SCMessengerCore.swift,1596,withStorageAndLogs,swift,wiring,throws-propagate,0.96
iOS/SCMessengerCore.xcframework/ios-arm64-simulator/Headers/SCMessengerCore.swift,1726,getIdentityInfo,swift,wiring,throws-propagate,0.96
iOS/SCMessengerCore.xcframework/ios-arm64-simulator/Headers/SCMessengerCore.swift,2535,updateDeviceState,swift,wiring,throws-propagate,0.96
iOS/SCMessengerCore.xcframework/ios-arm64-simulator/Headers/SCMessengerCore.swift,6140,blockedIdentityNew,swift,wiring,throws-propagate,0.96
iOS/SCMessengerCore.xcframework/ios-arm64/Headers/SCMessengerCore.swift,1596,withStorageAndLogs,swift,wiring,throws-propagate,0.96
iOS/SCMessengerCore.xcframework/ios-arm64/Headers/SCMessengerCore.swift,1698,getAuditEventsSince,swift,wiring,throws-propagate,0.96
iOS/SCMessengerCore.xcframework/ios-arm64/Headers/SCMessengerCore.swift,1726,getIdentityInfo,swift,wiring,throws-propagate,0.96
iOS/SCMessengerCore.xcframework/ios-arm64/Headers/SCMessengerCore.swift,1958,updateDiskStats,swift,wiring,throws-propagate,0.96
wasm/src/lib.rs,2364,temp_storage_path,rust,wiring,propagate-question,0.96
core/src/mobile_bridge.rs,6040,on_proximity_data_received,rust,security,validate-guard,0.95
iOS/SCMessenger/SCMessenger/Generated/api.swift,2728,getAuditEventsSince,swift,wiring,throws-propagate,0.95
iOS/SCMessenger/SCMessenger/Generated/api.swift,4187,recordConnection,swift,security,throws-propagate,0.95
iOS/SCMessenger/SCMessenger/Generated/api.swift,10773,isContentSuspicious,swift,security,throws-propagate,0.95
iOS/SCMessengerCore.xcframework/ios-arm64-simulator/Headers/SCMessengerCore.swift,1698,getAuditEventsSince,swift,wiring,throws-propagate,0.95
iOS/SCMessengerCore.xcframework/ios-arm64-simulator/Headers/SCMessengerCore.swift,1734,getRegistrationState,swift,wiring,throws-propagate,0.95
iOS/SCMessengerCore.xcframework/ios-arm64-simulator/Headers/SCMessengerCore.swift,1911,setDelegate,swift,wiring,throws-propagate,0.95
iOS/SCMessengerCore.xcframework/ios-arm64-simulator/Headers/SCMessengerCore.swift,6147,blockedIdentityWithDeviceId,swift,wiring,throws-propagate,0.95
iOS/SCMessengerCore.xcframework/ios-arm64/Headers/SCMessengerCore.swift,1878,recordLog,swift,wiring,throws-propagate,0.95
iOS/SCMessengerCore.xcframework/ios-arm64/Headers/SCMessengerCore.swift,2489,setBootstrapNodes,swift,security,throws-propagate,0.95
core/src/iron_core.rs,5451,identity_hash_not_usable_as_recipient,rust,security,validate-guard,0.94
core/src/mobile_bridge.rs,5577,on_proximity_data_received,rust,security,validate-guard,0.94
core/src/routing/smart_retry.rs,306,test_backoff_strategy_equality,rust,wiring,no-change,0.94
core/tests/integration_pq_session.rs,7,generate_identities,rust,security,propagate-question,0.94
iOS/SCMessenger/SCMessenger/Generated/api.swift,3414,routingCurrentDiscoveryPhase,swift,wiring,throws-propagate,0.94
iOS/SCMessenger/SCMessenger/Generated/api.swift,3425,routingMarkGateway,swift,wiring,throws-propagate,0.94
iOS/SCMessenger/SCMessenger/Generated/api.swift,3703,updateDiskStats,swift,wiring,throws-propagate,0.94
iOS/SCMessenger/SCMessenger/Generated/api.swift,4080,exportSeedEntries,swift,security,throws-propagate,0.94
iOS/SCMessenger/SCMessenger/Generated/api.swift,4686,getConnectionPathState,swift,wiring,throws-propagate,0.94
iOS/SCMessengerCore.xcframework/ios-arm64-simulator/Headers/SCMessengerCore.swift,1637,classifyNotification,swift,wiring,throws-propagate,0.94
iOS/SCMessengerCore.xcframework/ios-arm64-simulator/Headers/SCMessengerCore.swift,1878,recordLog,swift,wiring,throws-propagate,0.94
iOS/SCMessengerCore.xcframework/ios-arm64-simulator/Headers/SCMessengerCore.swift,2160,recordConnection,swift,security,throws-propagate,0.94
iOS/SCMessengerCore.xcframework/ios-arm64/Headers/SCMessengerCore.swift,1707,getAuditLog,swift,wiring,throws-propagate,0.94
iOS/SCMessengerCore.xcframework/ios-arm64/Headers/SCMessengerCore.swift,2438,onDataReceived,swift,security,throws-propagate,0.94
android/app/src/main/java/com/scmessenger/android/transport/ble/BleGattServer.kt,294,onCharacteristicReadRequest,kotlin,security,guard-early-return,0.93
android/app/src/main/java/com/scmessenger/android/ui/dashboard/TopologyScreen.kt,344,LegendItem,kotlin,wiring,no-change,0.93
android/app/src/main/java/com/scmessenger/android/ui/screens/OnboardingScreen.kt,310,ConsentInfoItem,kotlin,wiring,no-change,0.93
core/src/iron_core.rs,6278,wp1_non_key_recipients_are_not_encryptable,rust,security,validate-guard,0.93
core/src/mobile_bridge.rs,5728,on_proximity_data_received,rust,security,validate-guard,0.93
core/src/mobile_bridge.rs,5889,on_proximity_data_received,rust,security,validate-guard,0.93
core/tests/integration_e00_drift_v2_diag.rs,38,node_keys,rust,security,propagate-question,0.93
core/tests/integration_e00_ratchet_wiring.rs,14,make_node,rust,security,propagate-question,0.93
core/tests/integration_e00_ratchet_wiring.rs,23,pubkey,rust,security,propagate-question,0.93
desktop_bridge/tests/xdg_paths_test.rs,55,test_xdg_data_home_env_override,rust,wiring,drop-guard,0.93
iOS/SCMessenger/SCMessenger/Generated/api.swift,2890,handlePeerConnectionEvent,swift,security,throws-propagate,0.93
iOS/SCMessenger/SCMessenger/Generated/api.swift,10851,safetyNumber,swift,security,throws-propagate,0.93
iOS/SCMessengerCore.xcframework/ios-arm64/Headers/SCMessengerCore.swift,1943,stop,swift,wiring,throws-propagate,0.93
iOS/SCMessengerCore.xcframework/ios-arm64/Headers/SCMessengerCore.swift,2160,recordConnection,swift,security,throws-propagate,0.93
iOS/SCMessengerCore.xcframework/ios-arm64/Headers/SCMessengerCore.swift,2894,sendMessageStatus,swift,security,throws-propagate,0.93
wasm/src/mesh.rs,215,perform_sync,rust,wiring,propagate-question,0.93
AgentSwarmCline/scmessenger_swarm/observability_tests.rs,391,test_partial_eq_works_correctly,rust,wiring,no-change,0.92
android/app/src/test/java/com/scmessenger/android/service/AndroidPlatformBridgeTest.kt,23,`battery broadcast onReceive returns promptly despite slow FFI call`,kotlin,wiring,coroutine-scope,0.92
core/src/mobile_bridge.rs,5565,on_ble_data_received,rust,security,validate-guard,0.92
core/src/observability.rs,128,chain_hash,rust,wiring,propagate-question,0.92
core/src/store/contacts.rs,136,new,rust,wiring,propagate-question,0.92
core/src/transport/ble/gatt.rs,301,test_gatt_characteristic_uuids,rust,wiring,no-change,0.92
iOS/SCMessenger/SCMessenger/Generated/api.swift,1396,count,swift,wiring,throws-propagate,0.92
iOS/SCMessenger/SCMessenger/Generated/api.swift,2599,driftStoreSize,swift,wiring,throws-propagate,0.92
iOS/SCMessenger/SCMessenger/Generated/api.swift,3280,ratchetHasSession,swift,security,throws-propagate,0.92
iOS/SCMessenger/SCMessenger/Generated/api.swift,3557,runMaintenanceCycle,swift,wiring,throws-propagate,0.92
iOS/SCMessengerCore.xcframework/ios-arm64-simulator/Headers/SCMessengerCore.swift,997,count,swift,wiring,throws-propagate,0.92
iOS/SCMessengerCore.xcframework/ios-arm64-simulator/Headers/SCMessengerCore.swift,1707,getAuditLog,swift,wiring,throws-propagate,0.92
iOS/SCMessengerCore.xcframework/ios-arm64-simulator/Headers/SCMessengerCore.swift,1943,stop,swift,wiring,throws-propagate,0.92
iOS/SCMessengerCore.xcframework/ios-arm64-simulator/Headers/SCMessengerCore.swift,1958,updateDiskStats,swift,wiring,throws-propagate,0.92
iOS/SCMessengerCore.xcframework/ios-arm64-simulator/Headers/SCMessengerCore.swift,2914,shutdown,swift,wiring,throws-propagate,0.92
iOS/SCMessengerCore.xcframework/ios-arm64/Headers/SCMessengerCore.swift,997,count,swift,wiring,throws-propagate,0.92
iOS/SCMessengerCore.xcframework/ios-arm64/Headers/SCMessengerCore.swift,1637,classifyNotification,swift,wiring,throws-propagate,0.92
iOS/SCMessengerCore.xcframework/ios-arm64/Headers/SCMessengerCore.swift,1734,getRegistrationState,swift,wiring,throws-propagate,0.92
iOS/SCMessengerCore.xcframework/ios-arm64/Headers/SCMessengerCore.swift,1810,markMessageSent,swift,wiring,throws-propagate,0.92
iOS/SCMessengerCore.xcframework/ios-arm64/Headers/SCMessengerCore.swift,2125,annotateIdentity,swift,security,throws-propagate,0.92
android/app/src/main/java/com/scmessenger/android/ui/settings/MeshSettingsScreen.kt,230,SettingsSection,kotlin,wiring,no-change,0.91
android/shared/src/desktopMain/kotlin/com/scmessenger/shared/desktop/Main.kt,217,EmptyChatPlaceholder,kotlin,wiring,no-change,0.91
cli/src/main.rs,52,register_identity_with_relay,rust,wiring,propagate-question,0.91
cli/src/main.rs,991,self_certifying_peer,rust,wiring,propagate-question,0.91
cli/src/main.rs,1400,serve_apk_stream,rust,security,validate-guard,0.91
core/src/crypto/session_manager.rs,599,generate_signing_key,rust,security,propagate-question,0.91
core/src/iron_core.rs,6409,on_message_received,rust,security,validate-guard,0.91
core/src/mobile_bridge.rs,6517,make_keypair_pubkey_and_identity_id,rust,security,propagate-question,0.91
core/src/transport/ble/beacon.rs,349,test_beacon_service_uuid_constant,rust,wiring,no-change,0.91
core/tests/integration_ironcore_roundtrip.rs,17,make_node,rust,security,propagate-question,0.91
iOS/SCMessenger/SCMessenger/Generated/api.swift,1427,flush,swift,wiring,throws-propagate,0.91
iOS/SCMessenger/SCMessenger/Generated/api.swift,2996,isRunning,swift,wiring,throws-propagate,0.91
iOS/SCMessenger/SCMessenger/Generated/api.swift,3650,swarmCanBootstrapOthers,swift,wiring,throws-propagate,0.91
iOS/SCMessenger/SCMessenger/Generated/api.swift,3661,swarmGetBestPaths,swift,security,throws-propagate,0.91
iOS/SCMessenger/SCMessenger/Generated/api.swift,4133,importSeedEntries,swift,security,throws-propagate,0.91
iOS/SCMessenger/SCMessenger/Generated/api.swift,4196,recordFailure,swift,security,throws-propagate,0.91
iOS/SCMessenger/SCMessenger/Generated/api.swift,4678,getAutoAdjustEngine,swift,wiring,throws-propagate,0.91
iOS/SCMessenger/SCMessenger/Transport/MultipeerTransport.swift,402,advertiser,swift,security,guard-let,0.91
iOS/SCMessengerCore.xcframework/ios-arm64-simulator/Headers/SCMessengerCore.swift,1770,inboxCount,swift,wiring,throws-propagate,0.91
iOS/SCMessengerCore.xcframework/ios-arm64-simulator/Headers/SCMessengerCore.swift,2528,stop,swift,wiring,throws-propagate,0.91
iOS/SCMessengerCore.xcframework/ios-arm64/Headers/SCMessengerCore.swift,2528,stop,swift,wiring,throws-propagate,0.91
android/app/src/main/java/com/scmessenger/android/data/MeshRepository.kt,6359,ensureServiceInitializedFireAndForget,kotlin,wiring,coroutine-scope,0.9
android/app/src/main/java/com/scmessenger/android/ui/screens/SettingsScreen.kt,829,ThemeRadioOption,kotlin,wiring,no-change,0.9
core/src/mobile_bridge.rs,5716,on_ble_data_received,rust,security,validate-guard,0.9
core/src/mobile_bridge.rs,6468,on_proximity_data_received,rust,security,validate-guard,0.9
core/src/store/outbox.rs,838,drain_for_peer,rust,wiring,propagate-question,0.9
core/src/transport/bootstrap.rs,205,bootstrap,rust,security,validate-guard,0.9
iOS/SCMessenger/SCMessenger/ContactManagerFix.swift,93,flush,swift,wiring,throws-propagate,0.9
iOS/SCMessenger/SCMessenger/Generated/api.swift,2773,getCanonicalPeerId,swift,wiring,throws-propagate,0.9
iOS/SCMessenger/SCMessenger/Generated/api.swift,3389,routingCalculateDynamicTtl,swift,wiring,throws-propagate,0.9
iOS/SCMessenger/SCMessenger/Generated/api.swift,4697,getCore,swift,wiring,throws-propagate,0.9
iOS/SCMessenger/SCMessenger/Generated/api.swift,4780,onBleDataReceived,swift,security,throws-propagate,0.9
iOS/SCMessenger/SCMessenger/Generated/api.swift,4780,onBleDataReceived,swift,wiring,throws-propagate,0.9
iOS/SCMessenger/SCMessenger/Generated/api.swift,4950,ratchetHasSession,swift,security,throws-propagate,0.9
iOS/SCMessengerCore.xcframework/ios-arm64-simulator/Headers/SCMessengerCore.swift,1810,markMessageSent,swift,wiring,throws-propagate,0.9
iOS/SCMessengerCore.xcframework/ios-arm64-simulator/Headers/SCMessengerCore.swift,2489,setBootstrapNodes,swift,security,throws-propagate,0.9
iOS/SCMessengerCore.xcframework/ios-arm64/Headers/SCMessengerCore.swift,2914,shutdown,swift,wiring,throws-propagate,0.9
wasm/src/daemon_bridge.rs,518,connect,rust,wiring,propagate-question,0.9
android/app/src/main/java/com/scmessenger/android/data/MeshRepository.kt,6107,onRuntimePermissionsGranted,kotlin,wiring,coroutine-scope,0.89
android/app/src/main/java/com/scmessenger/android/network/NetworkDiagnostics.kt,98,testCommonPorts,kotlin,wiring,use-block,0.89
core/src/drift/sketch.rs,50,is_empty,rust,wiring,no-change,0.89
core/src/relay/invite.rs,724,sign_token_pq,rust,security,propagate-question,0.89
core/tests/integration_e00_drift_v2_diag.rs,29,make_node,rust,security,propagate-question,0.89
desktop_bridge/src/socket_activation.rs,80,test_activation_detected,rust,wiring,drop-guard,0.89
iOS/SCMessenger/SCMessenger/Generated/api.swift,3640,stop,swift,wiring,throws-propagate,0.89
iOS/SCMessengerCore.xcframework/ios-arm64-simulator/Headers/SCMessengerCore.swift,1718,getDeviceId,swift,wiring,throws-propagate,0.89
iOS/SCMessengerCore.xcframework/ios-arm64-simulator/Headers/SCMessengerCore.swift,2125,annotateIdentity,swift,security,throws-propagate,0.89
iOS/SCMessengerCore.xcframework/ios-arm64-simulator/Headers/SCMessengerCore.swift,2438,onDataReceived,swift,security,throws-propagate,0.89
iOS/SCMessengerCore.xcframework/ios-arm64-simulator/Headers/SCMessengerCore.swift,2477,resume,swift,wiring,throws-propagate,0.89
iOS/SCMessengerCore.xcframework/ios-arm64/Headers/SCMessengerCore.swift,1746,getSeniorityTimestamp,swift,wiring,throws-propagate,0.89
iOS/SCMessengerCore.xcframework/ios-arm64/Headers/SCMessengerCore.swift,1911,setDelegate,swift,wiring,throws-propagate,0.89
iOS/SCMessengerCore.xcframework/ios-arm64/Headers/SCMessengerCore.swift,2477,resume,swift,wiring,throws-propagate,0.89
iOS/SCMessengerCore.xcframework/ios-arm64/Headers/SCMessengerCore.swift,2894,sendMessageStatus,swift,wiring,throws-propagate,0.89
android/app/src/main/java/com/scmessenger/android/data/MeshRepository.kt,7816,ensurePendingOutboxRetryLoop,kotlin,wiring,coroutine-scope,0.88
android/app/src/main/java/com/scmessenger/android/network/NetworkDiagnostics.kt,161,isPortOpen,kotlin,wiring,use-block,0.88
android/app/src/main/java/com/scmessenger/android/ui/screens/RequestsInboxScreen.kt,221,EmptyState,kotlin,wiring,no-change,0.88
core/src/mobile_bridge.rs,2761,handle_service_discovered,rust,security,validate-guard,0.88
core/src/relay/invite.rs,724,sign_token_pq,rust,wiring,propagate-question,0.88
core/src/transport/ble/gatt.rs,457,test_gatt_write_queue_empty,rust,wiring,no-change,0.88
core/src/transport/wifi_direct.rs,411,remove_group,rust,wiring,propagate-question,0.88
core/tests/integration_ratchet_persistence.rs,13,generate_signing_key,rust,security,propagate-question,0.88
iOS/SCMessenger/SCMessenger/ContactManagerFix.swift,81,count,swift,wiring,throws-propagate,0.88
iOS/SCMessenger/SCMessenger/Generated/api.swift,2972,isConsentGranted,swift,wiring,throws-propagate,0.88
iOS/SCMessenger/SCMessenger/Generated/api.swift,3258,publicKeyHex,swift,wiring,throws-propagate,0.88
iOS/SCMessenger/SCMessenger/Generated/api.swift,4588,dispatchBlePacket,swift,security,throws-propagate,0.88
iOS/SCMessenger/SCMessenger/Generated/api.swift,4600,dispatchProximityPacket,swift,security,throws-propagate,0.88
iOS/SCMessenger/SCMessenger/Generated/api.swift,4771,onBatteryChanged,swift,wiring,throws-propagate,0.88
iOS/SCMessenger/SCMessenger/Generated/api.swift,4880,onWifiDirectConnectionInfo,swift,security,throws-propagate,0.88
iOS/SCMessenger/SCMessenger/ViewModels/ContactsViewModel.swift,42,==,swift,wiring,no-change,0.88
android/app/src/main/java/com/scmessenger/android/ui/screens/DashboardScreen.kt,440,TextDetailRow,kotlin,wiring,no-change,0.87
android/app/src/main/java/com/scmessenger/android/ui/settings/MeshSettingsScreen.kt,251,SwitchSetting,kotlin,wiring,no-change,0.87
core/src/iron_core.rs,2415,record_log,rust,wiring,propagate-question,0.87
core/src/transport/nat.rs,581,test_nat_type_equality,rust,wiring,no-change,0.87
core/tests/integration_pq_verification_suite.rs,187,dual_signed_invite,rust,security,propagate-question,0.87
core/tests/integration_ws13_migration.rs,304,custody_compat_mode_phase_a_is_default,rust,wiring,no-change,0.87
iOS/SCMessenger/SCMessenger/Generated/api.swift,4032,annotateIdentity,swift,security,throws-propagate,0.87
iOS/SCMessenger/SCMessenger/Generated/api.swift,4789,onDataReceived,swift,security,throws-propagate,0.87
iOS/SCMessenger/SCMessenger/Generated/api.swift,4860,onWifiAwareDataPathConfirmed,swift,security,throws-propagate,0.87
iOS/SCMessenger/SCMessenger/Generated/api.swift,5503,getListeners,swift,wiring,throws-propagate,0.87
iOS/SCMessenger/SCMessenger/Generated/api.swift,10835,registerDeviceId,swift,security,throws-propagate,0.87
iOS/SCMessenger/SCMessenger/Views/Topics/JoinMeshView.swift,221,dataScanner,swift,wiring,guard-let,0.87
iOS/SCMessengerCore.xcframework/ios-arm64-simulator/Headers/SCMessengerCore.swift,2894,sendMessageStatus,swift,wiring,throws-propagate,0.87
iOS/SCMessengerCore.xcframework/ios-arm64/Headers/SCMessengerCore.swift,1718,getDeviceId,swift,wiring,throws-propagate,0.87
iOS/SCMessengerTests/OutboxRetryPolicyTests.swift,6,testInitialReceiptWindowMatchesAndroidParity,swift,wiring,no-change,0.87
android/app/src/main/java/com/scmessenger/android/data/MeshRepository.kt,4391,notifyNetworkRecovered,kotlin,wiring,coroutine-scope,0.86
android/app/src/main/java/com/scmessenger/android/ui/dashboard/TopologyScreen.kt,182,StatItem,kotlin,wiring,no-change,0.86
android/app/src/main/java/com/scmessenger/android/ui/dashboard/TopologyScreen.kt,299,TopologyLegend,kotlin,wiring,no-change,0.86
android/app/src/main/java/com/scmessenger/android/ui/screens/DashboardScreen.kt,364,StatCard,kotlin,wiring,no-change,0.86
android/app/src/main/java/com/scmessenger/android/ui/settings/PowerSettingsScreen.kt,300,SettingsSection,kotlin,wiring,no-change,0.86
android/app/src/main/java/com/scmessenger/android/ui/settings/PowerSettingsScreen.kt,321,SwitchSetting,kotlin,wiring,no-change,0.86
cli/src/ledger.rs,419,try_begin_dial,rust,wiring,drop-guard,0.86
core/src/mobile_bridge.rs,4368,register_device_id,rust,wiring,propagate-question,0.86
core/src/routing/multipath.rs,144,len,rust,wiring,no-change,0.86
core/src/transport/escalation.rs,602,test_escalation_policy_default,rust,wiring,no-change,0.86
core/tests/test_v1_legacy_envelope_forgery_is_rejected.rs,38,test_v1_legacy_forged_unsigned_envelope_is_rejected,rust,security,validate-guard,0.86
iOS/SCMessenger/SCMessenger/Data/MeshRepository.swift,6146,updateRelayAvailability,swift,wiring,split-function,0.86
iOS/SCMessenger/SCMessenger/Data/MeshRepository.swift,6773,clearDiagnostics,swift,wiring,throws-propagate,0.86
iOS/SCMessenger/SCMessenger/Generated/api.swift,3043,markMessageSent,swift,wiring,throws-propagate,0.86
iOS/SCMessenger/SCMessenger/Generated/api.swift,3269,randomPort,swift,wiring,throws-propagate,0.86
android/app/src/main/java/com/scmessenger/android/data/MeshRepository.kt,9624,resolveKnownPeerNickname,kotlin,wiring,split-function,0.85
android/app/src/main/java/com/scmessenger/android/utils/ApkShareManager.kt,293,readHttpRequestLine,kotlin,wiring,use-block,0.85
core/src/drift/relay.rs,45,default,rust,wiring,no-change,0.85
core/src/drift/relay.rs,842,test_relay_config_default,rust,wiring,no-change,0.85
core/src/mobile_bridge.rs,2893,set_on_message_received,rust,wiring,callback-closure,0.85
core/src/mobile_bridge.rs,5877,on_ble_data_received,rust,security,validate-guard,0.85
core/src/mobile_bridge.rs,6456,on_ble_data_received,rust,security,validate-guard,0.85
core/src/routing/engine.rs,635,test_next_hop_store_and_carry,rust,wiring,no-change,0.85
core/src/routing/multipath.rs,149,is_empty,rust,wiring,no-change,0.85
core/src/routing/smart_retry.rs,295,test_delivery_trigger_equality,rust,wiring,no-change,0.85
core/src/store/dedup.rs,127,is_empty,rust,wiring,no-change,0.85
core/src/transport/mesh_routing.rs,283,is_empty,rust,wiring,no-change,0.85
core/tests/test_trn04_custody_lifecycle.rs,55,custody_id_for,rust,wiring,propagate-question,0.85
iOS/SCMessenger/SCMessenger/Data/MeshRepository.swift,4447,onPeerIdentityRead,swift,wiring,split-function,0.85
iOS/SCMessenger/SCMessenger/Transport/BLEPeripheralManager.swift,451,rotateIdentity,swift,wiring,async-await,0.85
iOS/SCMessenger/SCMessenger/Transport/BLEPeripheralManager.swift,624,peripheralManager,swift,wiring,guard-let,0.85
wasm/src/connection_state.rs,211,cleanup_callbacks,rust,wiring,drop-guard,0.85
android/app/src/main/java/com/scmessenger/android/ui/screens/SettingsScreen.kt,853,SwitchPreference,kotlin,wiring,no-change,0.84
android/app/src/test/java/com/scmessenger/android/utils/DeepLinkValidatorTest.kt,271,`IPv6 unique-local fd00 on same address is accepted`,kotlin,security,guard-early-return,0.84
core/src/relay/invite.rs,646,record_invitation,rust,wiring,propagate-question,0.84
core/src/relay/peer_exchange.rs,192,peer_count,rust,wiring,no-change,0.84
core/src/routing/engine.rs,565,test_routing_layer_enum,rust,wiring,no-change,0.84
core/src/routing/neighborhood.rs,358,summary_count,rust,wiring,no-change,0.84
core/src/transport/abstraction.rs,267,test_transport_type_display,rust,wiring,no-change,0.84
core/src/transport/wifi_aware.rs,299,set_on_service_discovered,rust,wiring,callback-closure,0.84
core/src/transport/wifi_aware.rs,306,set_on_message_received,rust,wiring,callback-closure,0.84
iOS/SCMessenger/SCMessenger/Data/MeshRepository.swift,6753,rotateDiagnosticFiles,swift,wiring,throws-propagate,0.84
android/app/src/main/java/com/scmessenger/android/data/MeshRepository.kt,4453,startPeriodicStatsUpdate,kotlin,wiring,coroutine-scope,0.83
android/app/src/main/java/com/scmessenger/android/data/MeshRepository.kt,9558,prepopulateDiscoveryNickname,kotlin,wiring,split-function,0.83
android/shared/src/commonMain/kotlin/com/scmessenger/shared/platform/PlatformNetworking.kt,27,sendMessage,kotlin,wiring,result-sealed,0.83
cli/src/api.rs,639,build_identity_wrapped_text,rust,wiring,propagate-question,0.83
core/src/drift/store.rs,207,is_empty,rust,wiring,no-change,0.83
core/src/identity/keys.rs,272,generate,rust,wiring,propagate-question,0.83
core/src/routing/neighborhood.rs,353,gateway_count,rust,wiring,no-change,0.83
core/src/routing/optimized_engine.rs,547,test_discovery_phase_advancement,rust,wiring,state-machine,0.83
core/src/store/storage.rs,260,test_retention_config_default,rust,wiring,no-change,0.83
core/src/transport/addr_filter.rs,1492,trusted_proxy_audience_still_rejects_metadata_and_ipv6_loopback,rust,security,validate-guard,0.83
core/src/transport/ble/scanner.rs,364,test_ble_scan_config_default,rust,wiring,no-change,0.83
core/src/transport/internet.rs,772,test_relay_mode_config,rust,wiring,no-change,0.83
core/src/transport/observation.rs,254,add_connection,rust,security,validate-guard,0.83
core/src/transport/wifi_aware.rs,309,set_on_data_path_confirmed,rust,wiring,callback-closure,0.83
core/tests/integration_e00_ratchet_wiring.rs,31,exchange_bundles,rust,security,propagate-question,0.83
core/tests/property/identity_roundtrip.rs,279,test_property_test_strategies_compile,rust,wiring,no-change,0.83
core/tests/test_and06_public_key_vector_parity.rs,105,identity_id_derivation_refuses_non_canonical_key_encodings,rust,security,validate-guard,0.83
core/tests/test_v1_bincode_downgrade_forgery.rs,40,test_v1_bincode_downgrade_forgery,rust,security,validate-guard,0.83
iOS/SCMessenger/SCMessenger/Generated/api.swift,4850,onProximityDataReceived,swift,security,throws-propagate,0.83
iOS/SCMessenger/SCMessenger/Generated/api.swift,5521,getPeers,swift,wiring,throws-propagate,0.83
iOS/SCMessenger/SCMessenger/Utils/Theme.swift,94,errorContainerStyle,swift,wiring,no-change,0.83
iOS/SCMessenger/SCMessenger/ViewModels/ContactsViewModel.swift,238,deleteContacts,swift,wiring,throws-propagate,0.83
wasm/src/lib.rs,1356,blake3_hash,rust,security,propagate-question,0.83
AgentSwarmCline/scmessenger_swarm/observability_tests.rs,430,test_error_implements_error_trait,rust,wiring,no-change,0.82
android/app/src/main/java/com/scmessenger/android/transport/WifiDirectTransport.kt,453,close,kotlin,wiring,use-block,0.82
android/app/src/main/java/com/scmessenger/android/transport/ble/BleL2capManager.kt,63,isSupported,kotlin,wiring,no-change,0.82
android/app/src/main/java/com/scmessenger/android/ui/screens/DashboardScreen.kt,427,TransportItem,kotlin,wiring,no-change,0.82
android/app/src/main/java/com/scmessenger/android/ui/screens/SettingsScreen.kt,793,ThemeSection,kotlin,wiring,no-change,0.82
android/app/src/test/java/com/scmessenger/android/test/MeshRepositoryTest.kt,50,`isMeshParticipationEnabled true when settings null`,kotlin,wiring,guard-early-return,0.82
cli/src/ble_daemon.rs,469,test_format_bytes,rust,wiring,no-change,0.82
core/src/crypto/ratchet.rs,316,has_identity_secret,rust,wiring,no-change,0.82
core/src/iron_core.rs,2642,custody_registration_transitions,rust,wiring,propagate-question,0.82
core/src/iron_core.rs,4531,purge_expired_custody,rust,wiring,propagate-question,0.82
core/src/relay/invite.rs,713,sign_token,rust,security,propagate-question,0.82
core/src/routing/engine.rs,259,local_cell,rust,wiring,no-change,0.82
core/src/routing/engine.rs,269,neighborhood,rust,wiring,no-change,0.82
core/src/routing/negative_cache.rs,307,len,rust,wiring,no-change,0.82
core/src/store/contacts.rs,1183,add_refuses_malformed_key,rust,security,validate-guard,0.82
core/src/transport/discovery.rs,430,test_discovery_mode_lan_only,rust,wiring,no-change,0.82
core/src/transport/manager.rs,91,len,rust,wiring,no-change,0.82
core/src/transport/wifi_direct.rs,390,stop_discovery,rust,wiring,propagate-question,0.82
iOS/SCMessenger/SCMessenger/Generated/api.swift,4870,onWifiAwarePeerDiscovered,swift,security,throws-propagate,0.82
iOS/SCMessengerCore.xcframework/ios-arm64/Headers/SCMessengerCore.swift,1269,count,swift,wiring,throws-propagate,0.82
wasm/src/daemon_bridge.rs,500,is_connected,rust,wiring,return-value,0.82
wasm/src/worker.rs,272,test_background_sync_config_defaults,rust,wiring,no-change,0.82
android/app/src/main/java/com/scmessenger/android/data/MeshRepository.kt,3753,refreshDiscoveredPeersNicknames,kotlin,wiring,split-function,0.81
android/app/src/main/java/com/scmessenger/android/data/MeshRepository.kt,7510,emitDisconnectedIfChanged,kotlin,wiring,mutex-guard,0.81
android/app/src/main/java/com/scmessenger/android/service/AndroidPlatformBridge.kt,272,onReceive,kotlin,wiring,coroutine-scope,0.81
android/app/src/main/java/com/scmessenger/android/service/MeshForegroundService.kt,134,hydrateNotificationGates,kotlin,wiring,coroutine-scope,0.81
android/app/src/main/java/com/scmessenger/android/transport/SubnetProbe.kt,454,ipv4NetmaskInt,kotlin,wiring,guard-early-return,0.81
android/app/src/main/java/com/scmessenger/android/ui/contacts/ContactDetailScreen.kt,382,MetadataRow,kotlin,wiring,no-change,0.81
android/app/src/main/java/com/scmessenger/android/ui/screens/SettingsScreen.kt,915,InfoRow,kotlin,wiring,no-change,0.81
android/app/src/test/java/com/scmessenger/android/utils/ContactDisplayNameTest.kt,144,`resolveLocalNickname keeps existing when incoming is blank`,kotlin,wiring,guard-early-return,0.81
android/app/src/test/java/com/scmessenger/android/utils/PeerIdValidatorTest.kt,97,`isTransportPeerId returns true for libp2p and ble but false for sovereign hashes`,kotlin,wiring,guard-early-return,0.81
cli/src/main.rs,921,envelope_learning_without_key_stores_placeholder_not_peer_id,rust,security,validate-guard,0.81
cli/tests/integration_peer_identified_gate.rs,34,advertised,rust,wiring,no-change,0.81
core/src/abuse/reputation.rs,46,flush_to_storage,rust,wiring,propagate-question,0.81
core/src/drift/sketch.rs,36,new,rust,wiring,no-change,0.81
core/src/iron_core.rs,3613,dspy_add_step,rust,wiring,propagate-question,0.81
core/src/mobile_bridge.rs,4295,safety_number,rust,wiring,propagate-question,0.81
core/src/mobile_bridge.rs,6402,send_ble_packet,rust,wiring,propagate-question,0.81
core/src/routing/negative_cache.rs,127,clear,rust,wiring,no-change,0.81
core/src/routing/negative_cache.rs,312,is_empty,rust,wiring,no-change,0.81
core/src/store/ledger_entry.rs,2668,default_version,rust,wiring,no-change,0.81
core/src/store/outbox.rs,1381,mark_failed,rust,wiring,propagate-question,0.81
core/src/transport/reputation.rs,274,remove_peer_from_storage,rust,wiring,propagate-question,0.81
core/tests/integration_wp1_identity_unification.rs,39,self_certifying_peer,rust,wiring,propagate-question,0.81
core/tests/mocks/routing.rs,17,new,rust,wiring,no-change,0.81
iOS/SCMessenger/SCMessenger/Data/MeshRepository.swift,1756,onMessageReceived,swift,wiring,split-function,0.81
iOS/SCMessenger/SCMessenger/Generated/api.swift,124,hasRemaining,swift,wiring,no-change,0.81
iOS/SCMessenger/SCMessenger/Generated/api.swift,5485,getExternalAddresses,swift,wiring,throws-propagate,0.81
iOS/SCMessenger/SCMessenger/Utils/Theme.swift,101,primaryContainerStyle,swift,wiring,no-change,0.81
iOS/SCMessenger/SCMessenger/Views/Contacts/ContactsListView.swift,690,dataScanner,swift,wiring,guard-let,0.81
iOS/SCMessengerCore.xcframework/ios-arm64-simulator/Headers/SCMessengerCore.swift,124,hasRemaining,swift,wiring,no-change,0.81
wasm/src/lib.rs,1544,flush,rust,wiring,propagate-question,0.81
wasm/src/mesh.rs,234,push_to_relay,rust,wiring,propagate-question,0.81
AgentSwarmCline/scmessenger_swarm/observability_tests.rs,384,test_clone_creates_equal_payload,rust,wiring,no-change,0.8
android/app/src/main/java/com/scmessenger/android/data/MeshRepository.kt,6937,seedKnownPeersFromPersistedData,kotlin,wiring,split-function,0.8
android/app/src/main/java/com/scmessenger/android/data/MeshRepository.kt,10736,parseIpv4Octets,kotlin,wiring,result-stdlib,0.8
android/app/src/main/java/com/scmessenger/android/ui/dialogs/NetworkStatusDialog.kt,201,DiagnosticRow,kotlin,wiring,no-change,0.8
android/app/src/main/java/com/scmessenger/android/ui/screens/ConversationsScreen.kt,268,StatItem,kotlin,wiring,no-change,0.8
android/app/src/main/java/com/scmessenger/android/ui/screens/DashboardScreen.kt,472,DashboardToPeerListNavigation,kotlin,wiring,no-change,0.8
android/app/src/main/java/com/scmessenger/android/ui/screens/SettingsScreen.kt,1249,SettingsToMeshSettingsNavigation,kotlin,wiring,no-change,0.8
android/app/src/main/java/com/scmessenger/android/utils/NotificationHelper.kt,294,showMessageNotification,kotlin,wiring,split-function,0.8
android/app/src/test/java/com/scmessenger/android/test/ReceiptUnificationTest.kt,231,`receipt struct round trip preserves all fields`,kotlin,wiring,no-change,0.8
android/shared/src/desktopMain/kotlin/com/scmessenger/shared/desktop/Main.kt,127,createTrayIcon,kotlin,wiring,use-block,0.8
cli/src/main.rs,955,envelope_learning_with_valid_key_backfills_contact,rust,security,validate-guard,0.8
core/src/crypto/ratchet.rs,1301,root_key_ratchet_v2,rust,security,validate-guard,0.8
core/src/crypto/session_manager.rs,634,test_skipped_keys_survive_persistence_roundtrip,rust,security,validate-guard,0.8
core/src/iron_core.rs,4496,registration_transitions_for_identity,rust,wiring,propagate-question,0.8
core/src/mobile_bridge.rs,2895,set_on_data_path_confirmed,rust,wiring,callback-closure,0.8
core/src/mobile_bridge.rs,3608,flush,rust,wiring,propagate-question,0.8
core/src/routing/local.rs,239,sort_by_reliability,rust,wiring,no-change,0.8
core/src/routing/local.rs,325,peer_count,rust,wiring,no-change,0.8
core/src/store/ledger_entry.rs,5315,migration_imports_only_hygienic_survivors,rust,security,validate-guard,0.8
core/src/store/outbox.rs,1162,mark_in_custody,rust,wiring,propagate-question,0.8
core/src/transport/abstraction.rs,276,test_transport_type_hash,rust,wiring,no-change,0.8
core/tests/property/encryption_roundtrip.rs,20,arb_plaintext,rust,wiring,no-change,0.8
iOS/SCMessenger/SCMessenger/Data/MeshRepository.swift,123,logVerbose,swift,wiring,no-change,0.8
iOS/SCMessenger/SCMessenger/Data/MeshRepository.swift,3413,exportDiagnostics,swift,wiring,async-await,0.8
iOS/SCMessenger/SCMessenger/Data/MeshRepository.swift,4229,handleTransportPeerIdentified,swift,wiring,split-function,0.8
iOS/SCMessenger/SCMessenger/Data/MeshRepository.swift,6415,setIdentityBeaconInternal,swift,wiring,split-function,0.8
iOS/SCMessenger/SCMessenger/Generated/api.swift,3258,publicKeyHex,swift,security,throws-propagate,0.8
iOS/SCMessenger/SCMessenger/Views/Navigation/MainTabView.swift,228,deleteConversation,swift,wiring,throws-propagate,0.8
wasm/src/connection_state.rs,105,cleanup_callbacks,rust,wiring,drop-guard,0.8
wasm/src/lib.rs,51,default,rust,wiring,no-change,0.8
android/app/src/main/java/com/scmessenger/android/data/MeshRepository.kt,11440,bootstrapWithFallbackStrategy,kotlin,wiring,result-sealed,0.79
android/app/src/main/java/com/scmessenger/android/transport/NetworkDetector.kt,185,redetectCurrentNetworkLocked,kotlin,wiring,split-function,0.79
android/app/src/main/java/com/scmessenger/android/transport/TransportManager.kt,533,setBleComponents,kotlin,wiring,guard-early-return,0.79
android/app/src/main/java/com/scmessenger/android/ui/dialogs/NetworkStatusDialog.kt,219,formatNetworkType,kotlin,wiring,no-change,0.79
android/app/src/main/java/com/scmessenger/android/utils/DeepLinkValidator.kt,95,extractIp,kotlin,wiring,result-stdlib,0.79
android/app/src/test/java/com/scmessenger/android/utils/NotificationHelperGateTest.kt,96,`unhydrated gate suppresses peer discovered notification without touching the framework`,kotlin,wiring,guard-early-return,0.79
android/app/src/test/java/com/scmessenger/android/utils/NotificationHelperGateTest.kt,184,`notification ids and channels share one mesh app identity`,kotlin,wiring,no-change,0.79
cli/src/ble_windows.rs,81,run_windows_ble_peripheral,rust,security,validate-guard,0.79
cli/src/ledger.rs,900,is_ula,rust,wiring,no-change,0.79
core/src/crypto/ratchet.rs,55,as_bytes,rust,wiring,no-change,0.79
core/src/drift/store.rs,202,len,rust,wiring,no-change,0.79
core/src/mobile_bridge.rs,3985,get_topics,rust,wiring,propagate-question,0.79
core/src/relay/bootstrap.rs,571,test_bootstrap_method_enum,rust,wiring,no-change,0.79
core/src/relay/findmy.rs,426,test_find_my_config_default,rust,wiring,no-change,0.79
core/src/routing/adaptive_ttl.rs,138,len,rust,wiring,no-change,0.79
core/src/store/history.rs,468,flush,rust,wiring,propagate-question,0.79
core/src/store/relay_custody.rs,672,apply_registry_side_effect,rust,wiring,propagate-question,0.79
core/src/store/tracing_init.rs,88,init_file_tracing,rust,wiring,propagate-question,0.79
iOS/SCMessenger/SCMessenger/Generated/api.swift,3572,sendMessageStatus,swift,security,throws-propagate,0.79
iOS/SCMessenger/SCMessenger/Transport/BLEPeripheralManager.swift,532,handleFragmentedWrite,swift,security,guard-let,0.79
iOS/SCMessenger/SCMessenger/Transport/MultipeerTransport.swift,68,identitySnippetForDisplayName,swift,wiring,async-await,0.79
android/app/src/main/java/com/scmessenger/android/data/MeshRepository.kt,7490,emitConnectedIfChanged,kotlin,wiring,mutex-guard,0.78
android/app/src/main/java/com/scmessenger/android/data/MeshRepository.kt,11028,getPublicInternetRelayRoutes,kotlin,wiring,split-function,0.78
android/app/src/main/java/com/scmessenger/android/transport/ble/BleScanner.kt,551,forceRestartScanning,kotlin,wiring,coroutine-scope,0.78
android/app/src/main/java/com/scmessenger/android/ui/settings/PowerSettingsScreen.kt,443,InfoCard,kotlin,wiring,no-change,0.78
android/app/src/main/java/com/scmessenger/android/ui/viewmodels/ChatViewModel.kt,301,observeIncomingMessages,kotlin,wiring,flow-collect,0.78
android/app/src/test/java/com/scmessenger/android/utils/ContactDisplayNameTest.kt,152,`resolveLocalNickname returns null when both blank`,kotlin,wiring,guard-early-return,0.78
android/app/src/test/java/com/scmessenger/android/utils/NotificationGateTest.kt,106,nullArgs_leaveGatesUntouched,kotlin,wiring,guard-early-return,0.78
cli/src/ble_daemon.rs,228,default,rust,wiring,no-change,0.78
cli/src/ble_daemon.rs,319,status,rust,wiring,no-change,0.78
cli/src/ble_daemon.rs,444,test_ble_config_default,rust,wiring,no-change,0.78
core/src/crypto/ratchet.rs,773,dh_step_count,rust,wiring,no-change,0.78
core/src/drift/rate_limit.rs,98,tracked_peer_count,rust,wiring,no-change,0.78
core/src/drift/store.rs,173,contains,rust,wiring,no-change,0.78
core/src/relay/invite.rs,590,invite_count,rust,wiring,no-change,0.78
core/src/routing/engine.rs,668,test_maintenance_structure,rust,wiring,no-change,0.78
core/src/transport/bootstrap.rs,167,total_nodes,rust,wiring,no-change,0.78
core/tests/integration_dial_policy.rs,321,test_backoff_progression_sequence,rust,wiring,state-machine,0.78
core/tests/integration_wifi_aware.rs,15,send_ble_packet,rust,wiring,propagate-question,0.78
iOS/SCMessenger/SCMessenger/Generated/api.swift,5648,shutdown,swift,wiring,throws-propagate,0.78
android/app/src/main/java/com/scmessenger/android/data/MeshRepository.kt,3339,setIdentityBeaconInternal,kotlin,wiring,split-function,0.77
android/app/src/main/java/com/scmessenger/android/service/AndroidPlatformBridge.kt,493,wifiAwareCreateDataPath,kotlin,security,guard-early-return,0.77
android/app/src/main/java/com/scmessenger/android/service/MeshForegroundService.kt,281,clearStopRequestIfCurrent,kotlin,wiring,mutex-guard,0.77
android/app/src/main/java/com/scmessenger/android/transport/WifiAwareTransport.kt,282,onAvailable,kotlin,wiring,coroutine-scope,0.77
android/app/src/main/java/com/scmessenger/android/utils/ApkShareManager.kt,94,getLocalIpAddress,kotlin,wiring,result-stdlib,0.77
core/src/abuse/spam_detection.rs,43,default,rust,wiring,no-change,0.77
core/src/abuse/spam_detection.rs,91,new,rust,wiring,no-change,0.77
core/src/abuse/spam_detection.rs,402,test_default_config,rust,wiring,no-change,0.77
core/src/drift/relay.rs,425,store,rust,wiring,no-change,0.77
core/src/mobile_bridge.rs,2280,dispatch_bridge_event,rust,wiring,drop-guard,0.77
core/src/mobile_bridge.rs,6028,on_ble_data_received,rust,security,validate-guard,0.77
core/src/routing/engine.rs,274,neighborhood_mut,rust,wiring,no-change,0.77
core/src/routing/negative_cache.rs,122,count,rust,wiring,no-change,0.77
core/src/routing/optimized_engine.rs,60,route_message_optimized,rust,wiring,split-function,0.77
core/src/store/ledger_entry.rs,2805,self_certifying_pair,rust,security,propagate-question,0.77
core/src/store/outbox.rs,135,prune_expired_receipt_authorizations,rust,wiring,propagate-question,0.77
core/src/store/relay_custody.rs,293,emergency_mode,rust,wiring,no-change,0.77
core/src/test_support.rs,14,self_certifying_keypair,rust,wiring,propagate-question,0.77
core/src/transport/ble/scanner.rs,22,default,rust,wiring,no-change,0.77
core/src/transport/peer_broadcast.rs,135,get_peers_except,rust,wiring,no-change,0.77
core/src/transport/reputation.rs,257,persist_peer,rust,wiring,propagate-question,0.77
core/src/transport/wifi_direct.rs,228,set_on_message_received,rust,wiring,callback-closure,0.77
core/src/transport/wifi_direct.rs,470,test_group_owner_intent_high_battery_prefers_owner,rust,wiring,no-change,0.77
core/tests/integration_wifi_aware.rs,47,wifi_direct_create_group,rust,wiring,propagate-question,0.77
iOS/SCMessenger/SCMessenger/Generated/api.swift,4708,getDeviceState,swift,wiring,throws-propagate,0.77
iOS/SCMessenger/SCMessenger/Utils/NotificationLogger.swift,126,appendToFile,swift,wiring,throws-propagate,0.77
iOS/SCMessenger/SCMessenger/Utils/Theme.swift,87,themedCard,swift,wiring,no-change,0.77
iOS/SCMessenger/SCMessenger/ViewModels/ContactsViewModel.swift,275,handleIdentityDiscovered,swift,wiring,split-function,0.77
iOS/SCMessenger/SCMessenger/Views/Settings/SettingsView.swift,395,shareAndroidAppLink,swift,wiring,guard-let,0.77
iOS/SCMessengerTests/OutboxRetryPolicyTests.swift,18,testTransportSettingsPersistWithoutLiveActionsWhenServiceIsStopped,swift,wiring,no-change,0.77
android/app/src/main/java/com/scmessenger/android/data/MeshRepository.kt,7870,attemptDirectSwarmDelivery,kotlin,wiring,split-function,0.76
android/app/src/main/java/com/scmessenger/android/network/NetworkTypeDetector.kt,72,isPortBlocked,kotlin,wiring,use-block,0.76
android/app/src/main/java/com/scmessenger/android/transport/SubnetProbe.kt,412,narrowToScanSubnet,kotlin,wiring,guard-early-return,0.76
android/app/src/main/java/com/scmessenger/android/transport/WifiAwareTransport.kt,356,createResponderSocket,kotlin,wiring,use-block,0.76
android/app/src/main/java/com/scmessenger/android/ui/screens/SettingsScreen.kt,685,AppPreferencesSection,kotlin,wiring,no-change,0.76
android/app/src/test/java/com/scmessenger/android/ui/viewmodels/ContactsViewModelTest.kt,54,tearDown,kotlin,wiring,no-change,0.76
cli/src/main.rs,991,self_certifying_peer,rust,security,propagate-question,0.76
cli/src/transport_bridge.rs,55,new,rust,wiring,propagate-question,0.76
core/src/crypto/kani_proofs.rs,80,ed25519_conversion_produces_32_bytes,rust,security,validate-guard,0.76
core/src/drift/store.rs,803,test_custom_capacity,rust,wiring,no-change,0.76
core/src/dspy/teleprompt.rs,73,new,rust,wiring,no-change,0.76
core/src/identity/keys.rs,1086,test_legacy_bundle_acceptance,rust,security,validate-guard,0.76
core/src/relay/delegate_prewarm.rs,303,active_connection_count,rust,wiring,no-change,0.76
core/src/routing/adaptive_ttl.rs,143,is_empty,rust,wiring,no-change,0.76
core/src/routing/multipath.rs,73,default,rust,wiring,no-change,0.76
core/src/routing/optimized_engine.rs,268,prefetch_manager,rust,wiring,no-change,0.76
core/src/store/contacts.rs,930,flush,rust,wiring,propagate-question,0.76
core/src/store/ledger_entry.rs,81,is_ula,rust,wiring,no-change,0.76
core/src/store/relay_custody.rs,2935,compat_mode_defaults_to_phase_a,rust,wiring,no-change,0.76
core/src/store/storage.rs,36,default,rust,wiring,no-change,0.76
core/src/test_support.rs,14,self_certifying_keypair,rust,security,propagate-question,0.76
core/src/transport/ble/beacon.rs,359,test_beacon_builder_default_rotation,rust,wiring,no-change,0.76
core/src/transport/manager.rs,912,multi_hop_recall,rust,wiring,no-change,0.76
core/src/transport/mesh_routing.rs,212,new,rust,wiring,no-change,0.76
core/src/transport/reflection.rs,34,new,rust,wiring,propagate-question,0.76
core/src/transport/reflection.rs,168,is_enabled,rust,wiring,no-change,0.76
core/src/transport/relay_health.rs,166,relay_count,rust,wiring,no-change,0.76
core/src/transport/relay_health.rs,171,healthy_relay_count,rust,wiring,no-change,0.76
core/src/transport/reputation.rs,31,neutral,rust,wiring,no-change,0.76
core/tests/integration_ledger_seeding_hardening.rs,589,oversized_ledger_exchange_request_is_capped_before_processing,rust,security,validate-guard,0.76
core/tests/integration_wp1_identity_unification.rs,39,self_certifying_peer,rust,security,propagate-question,0.76
iOS/SCMessenger/SCMessenger/Data/MeshRepository.swift,5572,dispatchFlushPendingOutbox,swift,wiring,async-await,0.76
iOS/SCMessenger/SCMessenger/Generated/api.swift,5606,sendMessageStatus,swift,security,throws-propagate,0.76
iOS/SCMessenger/SCMessenger/Views/Dashboard/MeshDashboardView.swift,101,loadDashboardDataAsync,swift,wiring,async-await,0.76
wasm/src/lib.rs,2141,from,rust,wiring,complete-match,0.76
wasm/src/mesh.rs,305,config,rust,wiring,no-change,0.76
android/app/src/main/java/com/scmessenger/android/data/MeshRepository.kt,7112,repairSyntheticContactNicknames,kotlin,wiring,split-function,0.75
android/app/src/main/java/com/scmessenger/android/data/MeshRepository.kt,8745,flushPendingOutbox,kotlin,wiring,split-function,0.75
android/app/src/main/java/com/scmessenger/android/service/AndroidPlatformBridge.kt,417,onProximityDataReceived,kotlin,wiring,coroutine-scope,0.75
android/app/src/main/java/com/scmessenger/android/ui/viewmodels/ContactsViewModel.kt,881,promoteNearbyPeerToContact,kotlin,wiring,result-sealed,0.75
android/app/src/test/java/com/scmessenger/android/test/OrderingAndNotificationRoutingTest.kt,87,"`a full tie is decided by id, not by the order the list was built in`",kotlin,wiring,no-change,0.75
android/app/src/test/java/com/scmessenger/android/test/OrderingAndNotificationRoutingTest.kt,145,`sound off routes messages to muted twin channels`,kotlin,wiring,no-change,0.75
cli/src/main.rs,207,spawn_http_health_server,rust,wiring,propagate-question,0.75
cli/tests/integration.rs,121,test_config_default_values,rust,wiring,no-change,0.75
core/src/drift/store.rs,796,test_empty_store,rust,wiring,no-change,0.75
core/src/identity/keys.rs,20,le_bytes_ge,rust,wiring,no-change,0.75
core/src/identity/keys.rs,350,to_bytes,rust,security,propagate-question,0.75
core/src/identity/mod.rs,193,signature_fingerprint,rust,wiring,propagate-question,0.75
core/src/mobile_bridge.rs,1973,routing_tick,rust,wiring,propagate-question,0.75
core/src/mobile_bridge.rs,3970,get_external_addresses,rust,wiring,propagate-question,0.75
core/src/routing/global.rs,343,route_count,rust,wiring,no-change,0.75
core/src/store/ledger_entry.rs,3363,own_identity_is_never_recorded_but_relay_routes_are_kept,rust,security,validate-guard,0.75
core/src/store/relay_custody.rs,653,get_registration_state_info,rust,wiring,propagate-question,0.75
core/src/store/storage.rs,252,test_disk_stats_default,rust,wiring,no-change,0.75
core/src/transport/ble/l2cap.rs,505,active_count,rust,wiring,no-change,0.75
core/src/transport/swarm.rs,1871,prune_duplicate_window,rust,wiring,no-change,0.75
core/src/transport/swarm.rs,1939,publish_delivery_convergence_marker,rust,wiring,propagate-question,0.75
core/src/transport/wifi_direct.rs,417,set_on_connection_info,rust,wiring,callback-closure,0.75
core/src/wasm_support/rpc.rs,727,jsonrpc_send_message_roundtrip,rust,wiring,propagate-question,0.75
iOS/SCMessenger/SCMessenger/Data/MeshRepository.swift,4394,onMultipeerDataReceived,swift,wiring,guard-let,0.75
iOS/SCMessenger/SCMessenger/Data/MeshRepository.swift,7105,getIdentityDisplay,swift,wiring,guard-let,0.75
iOS/SCMessenger/SCMessenger/Generated/api.swift,4890,onWifiDirectPeerDiscovered,swift,security,throws-propagate,0.75
iOS/SCMessenger/SCMessenger/Utils/NotificationLogger.swift,116,clearLogs,swift,wiring,throws-propagate,0.75
mobile/src/lib.rs,41,test_mobile_messaging,rust,security,propagate-question,0.75
android/app/src/main/java/com/scmessenger/android/network/DiagnosticsReporter.kt,130,generateRecommendations,kotlin,wiring,split-function,0.74
android/app/src/main/java/com/scmessenger/android/transport/ble/BleL2capManager.kt,399,close,kotlin,wiring,use-block,0.74
android/app/src/main/java/com/scmessenger/android/ui/contacts/AddContactScreen.kt,709,TransportIcon,kotlin,wiring,no-change,0.74
android/app/src/main/java/com/scmessenger/android/ui/dashboard/TopologyScreen.kt,149,TopologyStats,kotlin,wiring,no-change,0.74
android/app/src/main/java/com/scmessenger/android/ui/screens/SettingsScreen.kt,1196,AdvancedSettingsSection,kotlin,wiring,no-change,0.74
android/app/src/main/java/com/scmessenger/android/ui/viewmodels/ContactsViewModel.kt,817,clearSearch,kotlin,wiring,no-change,0.74
android/app/src/main/java/com/scmessenger/android/utils/StorageManager.kt,146,getAvailableStorageMB,kotlin,wiring,result-stdlib,0.74
android/app/src/test/java/com/scmessenger/android/test/MeshRepositoryTest.kt,90,`checkMeshParticipationEnabled helper allows null settings consistently across repeated calls`,kotlin,wiring,guard-early-return,0.74
cli/src/bootstrap.rs,124,default_topics,rust,wiring,no-change,0.74
core/src/abuse/reputation.rs,153,spam_detector,rust,wiring,no-change,0.74
core/src/contacts_bridge.rs,404,flush,rust,wiring,propagate-question,0.74
core/src/crypto/ratchet.rs,1354,test_ratchet_key_zeroizes,rust,wiring,drop-guard,0.74
core/src/drift/policy.rs,552,test_relay_config_has_correct_defaults,rust,wiring,no-change,0.74
core/src/dspy/modules.rs,229,get_metadata,rust,wiring,no-change,0.74
core/src/iron_core.rs,4544,custody_store_for_peer,rust,wiring,propagate-question,0.74
core/src/privacy/circuit.rs,388,test_circuit_path_hop_count,rust,wiring,no-change,0.74
core/src/privacy/cover.rs,292,test_cover_config_message_interval_low_rate,rust,wiring,no-change,0.74
core/src/routing/engine.rs,683,test_routing_summary_structure,rust,wiring,no-change,0.74
core/src/routing/negative_cache.rs,42,new,rust,wiring,validate-guard,0.74
core/src/routing/negative_cache.rs,291,stats,rust,wiring,no-change,0.74
core/src/routing/resume_prefetch.rs,309,is_prefetch_in_progress,rust,wiring,no-change,0.74
core/src/routing/resume_prefetch.rs,537,test_frequent_peer_decay,rust,wiring,handle-local-fallback,0.74
core/src/routing/smart_retry.rs,51,isAtMaxDelay,rust,wiring,no-change,0.74
core/src/store/contacts.rs,996,migrate_identity_id_index,rust,wiring,propagate-question,0.74
core/src/store/contacts.rs,1440,contact_new_has_no_last_known_device_id,rust,wiring,no-change,0.74
core/src/store/inbox.rs,77,default_version,rust,wiring,no-change,0.74
core/src/transport/bootstrap.rs,56,default,rust,wiring,no-change,0.74
core/src/transport/bootstrap.rs,551,test_bootstrap_config_defaults,rust,wiring,no-change,0.74
core/src/transport/mesh_routing.rs,288,all_reputations,rust,wiring,no-change,0.74
core/src/transport/mesh_routing.rs,853,default,rust,wiring,no-change,0.74
core/src/transport/nat.rs,587,test_nat_config_defaults,rust,wiring,no-change,0.74
core/src/transport/observation.rs,46,default,rust,wiring,no-change,0.74
core/src/transport/reflection.rs,55,default,rust,wiring,no-change,0.74
core/src/transport/reputation.rs,335,flush_to_storage,rust,wiring,propagate-question,0.74
iOS/SCMessenger/SCMessenger/Data/MeshRepository.swift,1583,excludeIdentitySubdirFromBackup,swift,wiring,throws-propagate,0.74
iOS/SCMessenger/SCMessenger/Data/MeshRepository.swift,4400,onBleDataReceived,swift,wiring,guard-let,0.74
iOS/SCMessenger/SCMessenger/ViewModels/ContactsViewModel.swift,393,scheduleNearbyRemoval,swift,wiring,async-await,0.74
iOS/SCMessengerCore.xcframework/ios-arm64/Headers/SCMessengerCore.swift,124,hasRemaining,swift,wiring,no-change,0.74
android/app/src/main/java/com/scmessenger/android/data/MeshRepository.kt,224,parseTransportsFromMultiaddrs,kotlin,wiring,split-function,0.73
android/app/src/main/java/com/scmessenger/android/service/MeshForegroundService.kt,961,decideCommand,kotlin,wiring,mutex-guard,0.73
android/app/src/main/java/com/scmessenger/android/transport/SubnetProbe.kt,274,connectAsync,kotlin,wiring,callback-flow,0.73
android/app/src/main/java/com/scmessenger/android/transport/WifiAwareTransport.kt,245,onServiceDiscovered,kotlin,wiring,guard-early-return,0.73
android/app/src/main/java/com/scmessenger/android/ui/screens/DashboardScreen.kt,503,DashboardToTopologyNavigation,kotlin,wiring,no-change,0.73
android/app/src/main/java/com/scmessenger/android/ui/screens/SettingsScreen.kt,1280,SettingsToPowerSettingsNavigation,kotlin,wiring,no-change,0.73
android/app/src/main/java/com/scmessenger/android/ui/viewmodels/DashboardViewModel.kt,149,loadPeers,kotlin,wiring,split-function,0.73
android/app/src/main/java/com/scmessenger/android/ui/viewmodels/DashboardViewModel.kt,840,isNearbyDiscovered,kotlin,wiring,split-function,0.73
android/app/src/test/java/com/scmessenger/android/data/CellTransportBurnDownTest.kt,90,differentAddressesGetDifferentKeysEvenSamePurpose,kotlin,wiring,no-change,0.73
android/app/src/test/java/com/scmessenger/android/test/MeshRepositoryTest.kt,110,`mesh participation helper is deterministic`,kotlin,wiring,no-change,0.73
android/app/src/test/java/com/scmessenger/android/test/OrderingAndNotificationRoutingTest.kt,157,`sound on routes messages to the normal channels`,kotlin,wiring,no-change,0.73
cli/src/ledger.rs,351,record_topic,rust,wiring,propagate-question,0.73
core/src/abuse/reputation.rs,158,base_manager,rust,wiring,no-change,0.73
core/src/drift/sketch.rs,45,is_pure,rust,wiring,no-change,0.73
core/src/dspy/modules.rs,209,run_optimization,rust,wiring,propagate-question,0.73
core/src/mobile_bridge.rs,2019,dispatch_ble_packet,rust,wiring,propagate-question,0.73
core/src/mobile_bridge.rs,3955,get_listeners,rust,wiring,propagate-question,0.73
core/src/mobile_bridge.rs,4375,get_known_devices,rust,wiring,propagate-question,0.73
core/src/routing/global.rs,291,get_advertisements,rust,wiring,no-change,0.73
core/src/routing/optimized_engine.rs,258,base_engine,rust,wiring,no-change,0.73
core/src/routing/optimized_engine.rs,273,prefetch_manager_mut,rust,wiring,no-change,0.73
core/src/transport/manager.rs,96,is_empty,rust,wiring,no-change,0.73
core/src/transport/mesh_routing.rs,671,tracked_recency_routes,rust,wiring,no-change,0.73
core/src/transport/multiport.rs,43,default,rust,wiring,no-change,0.73
core/src/transport/reputation.rs,451,test_neutral_score,rust,wiring,no-change,0.73
core/tests/integration_core_ffi_node1.rs,540,test_layer5_memory_zeroization,rust,security,drop-guard,0.73
iOS/SCMessenger/SCMessenger/Data/MeshRepository.swift,5773,savePendingOutbox,swift,wiring,throws-propagate,0.73
wasm/src/worker.rs,23,default,rust,wiring,no-change,0.73
android/app/src/main/java/com/scmessenger/android/service/AndroidPlatformBridge.kt,167,onReceive,kotlin,wiring,coroutine-scope,0.72
android/app/src/main/java/com/scmessenger/android/service/AndroidPlatformBridge.kt,396,onEnteringBackground,kotlin,wiring,no-change,0.72
android/app/src/main/java/com/scmessenger/android/service/AnrWatchdog.kt,128,reduceSystemLoad,kotlin,wiring,no-change,0.72
android/app/src/test/java/com/scmessenger/android/test/ContactsViewModelTest.kt,78,tearDown,kotlin,wiring,no-change,0.72
android/app/src/test/java/com/scmessenger/android/test/MeshApplicationScheduleTest.kt,35,`mesh sync work request does not require network but does require battery not low`,kotlin,wiring,no-change,0.72
android/app/src/test/java/com/scmessenger/android/test/MeshRepositoryTest.kt,65,`checkMeshParticipationEnabled allows null settings by default`,kotlin,wiring,guard-early-return,0.72
android/app/src/test/java/com/scmessenger/android/test/MeshRepositoryTest.kt,553,nativeCoreAvailable,kotlin,wiring,result-stdlib,0.72
android/app/src/test/java/com/scmessenger/android/utils/PeerIdValidatorCurveVectorTest.kt,30,`rfc8032 public keys are valid curve points`,kotlin,wiring,no-change,0.72
cli/src/ledger.rs,345,reap_stale_addresses_for_peer,rust,wiring,propagate-question,0.72
cli/src/ledger.rs,720,archive_legacy_peers_json,rust,wiring,propagate-question,0.72
core/src/crypto/kani_proofs.rs,103,chain_ratchet_produces_distinct_keys,rust,security,validate-guard,0.72
core/src/crypto/kani_proofs.rs,133,ed25519_signature_length_invariant,rust,security,validate-guard,0.72
core/src/drift/relay.rs,204,reputation_manager_is_configured,rust,wiring,no-change,0.72
core/src/mobile_bridge.rs,2686,drop,rust,wiring,drop-guard,0.72
core/src/mobile_bridge.rs,4326,get_reputation_score,rust,wiring,propagate-question,0.72
core/src/mobile_bridge.rs,6465,send_ble_packet,rust,wiring,propagate-question,0.72
core/src/relay/invite.rs,615,default,rust,wiring,no-change,0.72
core/src/relay/invite.rs,758,test_invite_token_with_metadata,rust,wiring,no-change,0.72
core/src/relay/peer_exchange.rs,197,has_peer,rust,wiring,no-change,0.72
core/src/routing/adaptive_ttl.rs,97,with_defaults,rust,wiring,no-change,0.72
core/src/routing/engine.rs,252,is_for_us,rust,wiring,no-change,0.72
core/src/routing/local.rs,695,test_local_id_preserved,rust,wiring,no-change,0.72
core/src/routing/neighborhood.rs,323,all_gateways,rust,wiring,no-change,0.72
core/src/store/ledger_entry.rs,75,is_cgnat,rust,wiring,no-change,0.72
core/src/store/ledger_entry.rs,4183,record_connection_refuses_addresses_with_no_transport_component,rust,wiring,validate-guard,0.72
core/src/store/relay_custody.rs,2187,filesystem_usage_bytes,rust,wiring,return-value,0.72
core/src/transport/ble/scanner.rs,412,test_battery_state_from_percentage,rust,wiring,no-change,0.72
core/src/transport/reputation.rs,35,value,rust,wiring,no-change,0.72
core/src/transport/wifi_direct.rs,415,set_on_peers_changed,rust,wiring,callback-closure,0.72
core/src/transport/wifi_direct.rs,419,set_on_message_received,rust,wiring,callback-closure,0.72
core/tests/integration_e00_ratchet_wiring.rs,71,receive_and_assert,rust,security,propagate-question,0.72
core/tests/integration_ledger_seeding_hardening.rs,820,first_loopback_tcp,rust,wiring,propagate-question,0.72
iOS/SCMessenger/SCMessenger/Data/MeshRepository.swift,4851,isLibp2pPeerId,swift,wiring,no-change,0.72
iOS/SCMessenger/SCMessenger/Services/IosPlatformBridge.swift,187,startBatteryMonitoring,swift,wiring,defer-cleanup,0.72
iOS/SCMessenger/SCMessenger/Transport/MultipeerTransport.swift,402,advertiser,swift,wiring,guard-let,0.72
iOS/SCMessenger/SCMessenger/ViewModels/ContactsViewModel.swift,93,selectAuthoritativeNickname,swift,wiring,guard-let,0.72
iOS/SCMessenger/SCMessenger/ViewModels/ContactsViewModel.swift,149,isSameNearbyIdentity,swift,wiring,split-function,0.72
iOS/SCMessenger/SCMessenger/ViewModels/SettingsViewModel.swift,156,clearBackupImportResult,swift,wiring,no-change,0.72
iOS/SCMessenger/SCMessenger/Views/Dashboard/MeshDashboardView.swift,279,upsertPeer,swift,wiring,split-function,0.72
wasm/src/lib.rs,1356,blake3_hash,rust,wiring,propagate-question,0.72
android/app/src/androidTest/java/com/scmessenger/android/ui/identity/IdentityCreationFlowTest.kt,29,contentDescription_helpers_resolve,kotlin,wiring,no-change,0.71
android/app/src/main/java/com/scmessenger/android/data/MeshRepository.kt,1766,onPeerIdentified,kotlin,wiring,split-function,0.71
android/app/src/main/java/com/scmessenger/android/data/MeshRepository.kt,9243,resolveCanonicalPeerId,kotlin,wiring,split-function,0.71
android/app/src/main/java/com/scmessenger/android/network/NetworkDiagnostics.kt,113,testRelaySpecificConnectivity,kotlin,wiring,use-block,0.71
android/app/src/test/java/com/scmessenger/android/test/MeshRepositoryTest.kt,342,`parseTransportsFromMultiaddrs handles empty and blank input`,kotlin,wiring,guard-early-return,0.71
android/app/src/test/java/com/scmessenger/android/test/ReceiptWindowTest.kt,263,testNonAckedMessagesCanStillFail,kotlin,wiring,use-block,0.71
cli/src/api.rs,1729,test_recipient,rust,security,propagate-question,0.71
cli/src/transport_bridge.rs,195,get_available_paths,rust,wiring,propagate-question,0.71
core/src/crypto/encrypt.rs,1917,test_aad_binding_prevents_sender_spoofing,rust,security,validate-guard,0.71
core/src/drift/relay.rs,430,store_mut,rust,wiring,no-change,0.71
core/src/mobile_bridge.rs,5175,message_status_monotone_progress,rust,wiring,state-machine,0.71
core/src/mobile_bridge.rs,5242,wifi_aware_publish,rust,wiring,propagate-question,0.71
core/src/mobile_bridge.rs,5680,send_ble_packet,rust,wiring,propagate-question,0.71
core/src/relay/delegate_prewarm.rs,100,update_keepalive,rust,wiring,no-change,0.71
core/src/routing/global.rs,789,test_default_construction,rust,wiring,no-change,0.71
core/src/routing/optimized_engine.rs,263,base_engine_mut,rust,wiring,no-change,0.71
core/src/routing/optimized_engine.rs,308,record_message_activity,rust,wiring,propagate-question,0.71
core/src/routing/timeout_budget.rs,84,default_500ms,rust,wiring,no-change,0.71
core/src/store/backend.rs,148,remove,rust,wiring,propagate-question,0.71
core/src/store/outbox.rs,377,trigger_maintenance,rust,wiring,propagate-question,0.71
core/src/store/outbox.rs,509,peek_for_peer,rust,wiring,propagate-question,0.71
core/src/store/outbox.rs,985,key_holds_messages,rust,wiring,propagate-question,0.71
core/src/transport/abstraction.rs,506,test_all_transport_types_distinct,rust,wiring,no-change,0.71
core/src/transport/dial_policy.rs,484,default,rust,wiring,no-change,0.71
core/src/transport/discovery.rs,441,test_discovery_config_builder,rust,wiring,no-change,0.71
core/src/transport/reputation.rs,206,with_backend,rust,wiring,propagate-question,0.71
core/src/transport/swarm.rs,1924,encode_delivery_convergence_marker,rust,wiring,propagate-question,0.71
core/src/transport/wifi_aware.rs,90,default,rust,wiring,no-change,0.71
iOS/SCMessenger/SCMessenger/Views/Dashboard/MeshDashboardView.swift,396,classifyPeerAsFull,swift,wiring,guard-let,0.71
iOS/SCMessenger/SCMessenger/Views/Navigation/MainTabView.swift,108,handleNotificationRoute,swift,wiring,guard-let,0.71
iOS/SCMessengerCore.xcframework/ios-arm64-simulator/Headers/SCMessengerCore.swift,1746,getSeniorityTimestamp,swift,wiring,throws-propagate,0.71
iOS/SCMessengerTests/NotificationVerificationTests.swift,246,testReplyActionParsing,swift,wiring,guard-let,0.71
patch/if-watch-full/src/lib.rs,78,iter,rust,wiring,return-value,0.71
wasm/src/lib.rs,1412,record_log,rust,wiring,propagate-question,0.71
wasm/src/lib.rs,1701,js_value_from_str,rust,wiring,propagate-question,0.71
android/app/src/androidTest/java/com/scmessenger/android/data/MeshRepositoryHistoryTest.kt,60,messageHistory_persistsAcrossAppRestart,kotlin,wiring,split-function,0.7
android/app/src/main/java/com/scmessenger/android/utils/ApkShareManager.kt,153,startLocalApkHost,kotlin,security,use-block,0.7
android/app/src/test/java/com/scmessenger/android/test/ChatViewModelTest.kt,66,tearDown,kotlin,wiring,no-change,0.7
android/app/src/test/java/com/scmessenger/android/test/MeshApplicationScheduleTest.kt,26,`mesh sync work request runs every 15 minutes`,kotlin,wiring,no-change,0.7
android/app/src/test/java/com/scmessenger/android/test/SettingsViewModelTest.kt,88,tearDown,kotlin,wiring,no-change,0.7
android/app/src/test/java/com/scmessenger/android/transport/MdnsServiceDiscoveryTest.kt,32,tearDown,kotlin,wiring,no-change,0.7
android/app/src/test/java/com/scmessenger/android/transport/SubnetProbeDialCandidateTest.kt,56,`raw tcp ladder mirrors the ports the node binds`,kotlin,wiring,no-change,0.7
android/app/src/test/java/com/scmessenger/android/ui/viewmodels/ConversationsViewModelTest.kt,46,tearDown,kotlin,wiring,no-change,0.7
android/app/src/test/java/com/scmessenger/android/utils/ContactDisplayNameTest.kt,116,`resolveLocalNickname fills when existing is blank`,kotlin,wiring,guard-early-return,0.7
android/app/src/test/java/com/scmessenger/android/utils/PeerIdValidatorCanonicalTest.kt,19,`libp2p peer id canonicalizes to same key as public key`,kotlin,security,guard-early-return,0.7
android/shared/src/desktopMain/kotlin/com/scmessenger/shared/desktop/ContactList.kt,123,ContactListItem,kotlin,wiring,no-change,0.7
cli/src/transport_bridge.rs,48,default,rust,wiring,no-change,0.7
cli/src/watchdog.rs,74,consecutive_silence,rust,wiring,no-change,0.7
core/src/dspy/modules.rs,118,get_metadata,rust,wiring,no-change,0.7
core/src/dspy/modules.rs,156,recall,rust,wiring,propagate-question,0.7
core/src/mobile_bridge.rs,4319,auto_block_unexempt_peer,rust,wiring,propagate-question,0.7
core/src/mobile_bridge.rs,4361,prune_stale_spam_peers,rust,wiring,propagate-question,0.7
core/src/relay/invite.rs,263,with_pq_signature,rust,wiring,validate-guard,0.7
core/src/relay/peer_exchange.rs,159,merge_peer_list,rust,wiring,propagate-question,0.7
core/src/routing/local.rs,361,local_id,rust,wiring,no-change,0.7
core/src/routing/optimized_engine.rs,524,make_hint,rust,wiring,no-change,0.7
core/src/routing/timeout_budget.rs,286,test_phase_estimated_durations,rust,wiring,no-change,0.7
core/src/store/dedup.rs,154,default,rust,wiring,no-change,0.7
core/src/store/inbox.rs,325,drain_received_messages,rust,wiring,propagate-question,0.7
core/src/store/outbox.rs,931,retry_now,rust,wiring,propagate-question,0.7
core/src/store/outbox.rs,1436,default_true,rust,wiring,no-change,0.7
core/src/store/outbox.rs,1489,test_default_retry_delays,rust,wiring,no-change,0.7
core/src/transport/ble/l2cap.rs,50,default,rust,wiring,no-change,0.7
core/src/transport/bootstrap.rs,177,relay_discovery_mut,rust,wiring,no-change,0.7
core/src/transport/dial_policy.rs,494,test_backoff_state_creation,rust,wiring,no-change,0.7
core/src/transport/mesh_routing.rs,206,default,rust,wiring,no-change,0.7
core/src/transport/mesh_routing.rs,663,recipient_recency,rust,wiring,no-change,0.7
core/src/transport/observation.rs,84,record_observation,rust,security,validate-guard,0.7
core/src/transport/relay_health.rs,284,reset_attempts,rust,wiring,no-change,0.7
core/src/transport/swarm.rs,11457,resolve_dns_multiaddr,rust,wiring,propagate-question,0.7
core/src/transport/wifi_aware.rs,275,unpublish_service,rust,wiring,propagate-question,0.7
core/src/transport/wifi_aware.rs,279,unsubscribe_from_services,rust,wiring,propagate-question,0.7
core/src/transport/wifi_direct.rs,355,shutdown,rust,wiring,propagate-question,0.7
iOS/SCMessenger/SCMessenger/Background/NotificationBackgroundProcessor.swift,168,checkPowerState,swift,wiring,result-type,0.7
iOS/SCMessenger/SCMessenger/ViewModels/ContactsViewModel.swift,247,subscribeToNearbyPeers,swift,wiring,async-await,0.7
iOS/SCMessenger/SCMessenger/Views/Dashboard/MeshDashboardView.swift,106,refreshPeersFromRepositoryAsync,swift,wiring,split-function,0.7
wasm/src/connection_state.rs,160,set_ondatachannel,rust,wiring,drop-guard,0.7
wasm/src/connection_state.rs,359,test_connection_manager_default,rust,wiring,no-change,0.7
wasm/src/lib.rs,1696,flush,rust,wiring,propagate-question,0.7
wasm/src/transport.rs,1125,peer_id,rust,wiring,no-change,0.7
wasm/src/worker.rs,237,config,rust,wiring,no-change,0.7
AgentSwarmCline/scmessenger_swarm/observability_tests.rs,441,test_error_debug_display,rust,wiring,no-change,0.69
android/app/src/main/java/com/scmessenger/android/data/MeshRepository.kt,5330,syncNicknameFromDatastore,kotlin,wiring,coroutine-scope,0.69
android/app/src/main/java/com/scmessenger/android/data/MeshRepository.kt,11261,sameSubnet24,kotlin,wiring,guard-early-return,0.69
android/app/src/main/java/com/scmessenger/android/ui/screens/SettingsScreen.kt,721,NotificationSettingsSection,kotlin,wiring,no-change,0.69
android/app/src/main/java/com/scmessenger/android/utils/PeerKeyUtils.kt,157,generateFallbackPeerId,kotlin,wiring,guard-early-return,0.69
android/app/src/test/java/com/scmessenger/android/test/MeshForegroundServiceTest.kt,9,`null action resolves to Start`,kotlin,wiring,guard-early-return,0.69
android/app/src/test/java/com/scmessenger/android/utils/ContactDisplayNameTest.kt,94,`isSyntheticFallbackNickname matches only peer- prefix`,kotlin,wiring,guard-early-return,0.69
android/shared/src/desktopMain/kotlin/com/scmessenger/shared/desktop/ContactList.kt,220,ServiceStatusIndicator,kotlin,wiring,no-change,0.69
cli/src/api.rs,1370,handle_export_diagnostics,rust,wiring,propagate-question,0.69
cli/tests/test_cli_identity_persistence.rs,8,reopen_storage_with_retry,rust,wiring,propagate-question,0.69
core/src/dspy/modules.rs,180,get_metadata,rust,wiring,no-change,0.69
core/src/iron_core.rs,3577,test_only_identity_signing_key,rust,wiring,propagate-question,0.69
core/src/mobile_bridge.rs,5858,wifi_direct_connect,rust,wiring,propagate-question,0.69
core/src/relay/client.rs,56,default,rust,wiring,no-change,0.69
core/src/relay/peer_exchange.rs,220,default,rust,wiring,no-change,0.69
core/src/relay/server.rs,25,default,rust,wiring,no-change,0.69
core/src/routing/local.rs,384,make_hint,rust,wiring,no-change,0.69
core/src/routing/resume_prefetch.rs,112,default,rust,wiring,no-change,0.69
core/src/routing/resume_prefetch.rs,381,top_frequent_peers,rust,wiring,no-change,0.69
core/src/store/ledger_entry.rs,736,sanitize_optional_ledger_text,rust,wiring,return-value,0.69
core/src/store/ledger_entry.rs,3849,import_seed_entries_rejects_entries_with_no_transport_component,rust,wiring,validate-guard,0.69
core/src/store/logs.rs,42,init_install_time,rust,wiring,propagate-question,0.69
core/src/store/outbox.rs,533,pending,rust,wiring,propagate-question,0.69
core/src/store/outbox.rs,1228,is_in_custody,rust,wiring,propagate-question,0.69
core/src/transport/addr_filter.rs,262,teredo_ipv4s,rust,wiring,validate-guard,0.69
core/src/transport/addr_filter.rs,619,is_cgnat,rust,wiring,no-change,0.69
core/src/transport/ble/l2cap.rs,543,test_l2cap_config_default,rust,wiring,no-change,0.69
core/src/transport/ble/scanner.rs,342,update_timestamp,rust,wiring,handle-local-fallback,0.69
core/src/transport/ble/scanner.rs,436,test_duty_cycle_manager_standard_good_battery,rust,wiring,no-change,0.69
core/src/transport/bootstrap.rs,493,reset_circuit_breakers,rust,wiring,propagate-question,0.69
core/src/transport/diagnostics.rs,209,is_empty,rust,wiring,no-change,0.69
core/src/transport/dial_policy.rs,352,default,rust,wiring,no-change,0.69
core/src/transport/health.rs,547,default,rust,wiring,no-change,0.69
core/src/transport/internet.rs,87,default,rust,wiring,no-change,0.69
core/src/transport/mesh_routing.rs,878,get_bootstrap_candidates,rust,wiring,no-change,0.69
core/tests/integration_mycorrhizal_routing.rs,390,test_discovery_phase_advancement,rust,wiring,state-machine,0.69
desktop_bridge/src/xdg_paths.rs,101,default_store_path,rust,wiring,propagate-question,0.69
iOS/SCMessenger/SCMessenger/Data/MeshRepository.swift,2494,resolveCanonicalPeerId,swift,wiring,split-function,0.69
iOS/SCMessenger/SCMessenger/Transport/BLECentralManager.swift,432,centralManager,swift,wiring,guard-let,0.69
iOS/SCMessengerCore.xcframework/ios-arm64-simulator/Headers/SCMessengerCore.swift,1269,count,swift,wiring,throws-propagate,0.69
wasm/src/lib.rs,872,get_drift_state,rust,wiring,propagate-question,0.69
wasm/src/storage.rs,37,default,rust,wiring,no-change,0.69
wasm/src/transport.rs,1273,config,rust,wiring,no-change,0.69
AgentSwarmCline/scmessenger_swarm/observability_tests.rs,368,test_display_contains_all_field_values,rust,wiring,no-change,0.68
android/app/src/main/java/com/scmessenger/android/transport/TransportManager.kt,436,enableTransport,kotlin,wiring,result-sealed,0.68
android/app/src/main/java/com/scmessenger/android/transport/ble/BleGattServer.kt,181,sendData,kotlin,wiring,result-sealed,0.68
android/app/src/main/java/com/scmessenger/android/ui/screens/DashboardScreen.kt,534,DashboardToJoinMeshNavigation,kotlin,wiring,no-change,0.68
android/app/src/main/java/com/scmessenger/android/ui/settings/MeshSettingsScreen.kt,338,DiscoveryModeSetting,kotlin,wiring,no-change,0.68
android/app/src/main/java/com/scmessenger/android/ui/settings/PowerSettingsScreen.kt,358,SliderSetting,kotlin,wiring,no-change,0.68
android/app/src/main/java/com/scmessenger/android/utils/BackoffStrategy.kt,99,reset,kotlin,wiring,mutex-guard,0.68
android/app/src/main/java/com/scmessenger/android/utils/Permissions.kt,79,getPermissionName,kotlin,wiring,no-change,0.68
android/app/src/test/java/com/scmessenger/android/data/IdentityUnificationCanonicalIdTest.kt,170,`legacy libp2p sender still prefers hint identity_id`,kotlin,security,guard-early-return,0.68
cli/tests/integration.rs,91,test_ble_config_default_values,rust,wiring,no-change,0.68
core/src/crypto/encrypt.rs,1037,generate_keypair,rust,security,propagate-question,0.68
core/src/crypto/proptest_harness.rs,35,arb_nonempty_plaintext,rust,wiring,no-change,0.68
core/src/drift/policy.rs,507,test_default_policy_engine,rust,wiring,no-change,0.68
core/src/dspy/teleprompt.rs,222,reset,rust,wiring,no-change,0.68
core/src/iron_core.rs,317,default,rust,wiring,no-change,0.68
core/src/mobile_bridge.rs,1957,ratchet_has_session,rust,wiring,propagate-question,0.68
core/src/mobile_bridge.rs,3940,get_peers,rust,wiring,propagate-question,0.68
core/src/mobile_bridge.rs,5224,send_ble_packet,rust,wiring,propagate-question,0.68
core/src/mobile_bridge.rs,5245,wifi_aware_subscribe,rust,wiring,propagate-question,0.68
core/src/mobile_bridge.rs,5841,send_ble_packet,rust,wiring,propagate-question,0.68
core/src/privacy/mod.rs,57,default,rust,wiring,no-change,0.68
core/src/privacy/timing.rs,229,test_message_priority_jitter_config,rust,wiring,no-change,0.68
core/src/relay/findmy.rs,279,test_wakeup_payload_creation,rust,wiring,no-change,0.68
core/src/relay/invite.rs,595,clear,rust,wiring,no-change,0.68
core/src/relay/protocol.rs,217,test_capability_full_relay,rust,wiring,no-change,0.68
core/src/routing/local.rs,338,get_peer,rust,wiring,no-change,0.68
core/src/store/history.rs,479,test_history_peer_matches_id_flavors,rust,security,validate-guard,0.68
core/src/store/ledger_entry.rs,1373,annotate_identity,rust,wiring,propagate-question,0.68
core/src/store/ledger_entry.rs,1868,annotate_identities_batch,rust,wiring,propagate-question,0.68
core/src/store/outbox.rs,1350,mark_sent,rust,wiring,propagate-question,0.68
core/src/transport/bootstrap.rs,162,connected_count,rust,wiring,no-change,0.68
core/src/transport/diagnostics.rs,200,entries,rust,wiring,no-change,0.68
core/src/transport/swarm.rs,1903,wrap_in_drift_frame,rust,wiring,propagate-question,0.68
core/src/transport/wifi_direct.rs,209,remove_group,rust,wiring,propagate-question,0.68
iOS/SCMessenger/SCMessenger/Transport/MultipeerTransport.swift,297,hasConnection,swift,wiring,no-change,0.68
wasm/src/daemon_bridge.rs,510,on_notification,rust,wiring,callback-closure,0.68
android/app/src/main/java/com/scmessenger/android/data/MeshRepository.kt,1007,getMessageIdTracking,kotlin,wiring,mutex-guard,0.67
android/app/src/main/java/com/scmessenger/android/service/AndroidPlatformBridge.kt,165,registerBatteryMonitor,kotlin,wiring,callback-flow,0.67
android/app/src/main/java/com/scmessenger/android/transport/TransportHealthMonitor.kt,31,recordFailure,kotlin,wiring,mutex-guard,0.67
android/app/src/main/java/com/scmessenger/android/transport/ble/BleL2capManager.kt,325,handleIncomingConnection,kotlin,security,use-block,0.67
android/app/src/test/java/com/scmessenger/android/test/DropAtCapRetentionTest.kt,166,`below the cap keeps normal retry path`,kotlin,wiring,no-change,0.67
android/app/src/test/java/com/scmessenger/android/transport/MdnsDnsaddrInteropTest.kt,41,setUp,kotlin,wiring,no-change,0.67
android/app/src/test/java/com/scmessenger/android/ui/viewmodels/MainViewModelTest.kt,74,tearDown,kotlin,wiring,no-change,0.67
android/app/src/test/java/com/scmessenger/android/utils/ContactDisplayNameTest.kt,79,`localNickname beats synthetic fallback`,kotlin,wiring,no-change,0.67
android/app/src/test/java/com/scmessenger/android/utils/DeepLinkValidatorTest.kt,194,`multiaddr with trailing slash but no port is dropped`,kotlin,wiring,guard-early-return,0.67
android/app/src/test/java/com/scmessenger/android/utils/NotificationGateTest.kt,72,noArgUpdateSettings_leavesUnhydratedGateNull,kotlin,wiring,guard-early-return,0.67
cli/src/ble_mesh.rs,1126,test_mac_rotation_continuity,rust,wiring,drop-guard,0.67
cli/src/ledger.rs,931,to_base58_peer_id,rust,wiring,propagate-question,0.67
cli/src/main.rs,1348,get_local_ipv4,rust,wiring,propagate-question,0.67
cli/src/transport_bridge.rs,209,get_cli_capabilities,rust,wiring,no-change,0.67
core/src/iron_core.rs,2513,contacts_manager,rust,wiring,propagate-question,0.67
core/src/mobile_bridge.rs,6070,wifi_direct_remove_group,rust,wiring,propagate-question,0.67
core/src/routing/engine.rs,648,test_routing_decision_structure,rust,wiring,no-change,0.67
core/src/routing/global.rs,358,pending_request_count,rust,wiring,no-change,0.67
core/src/routing/global.rs,363,pending_requests,rust,wiring,no-change,0.67
core/src/routing/global.rs,732,test_unique_destination_count,rust,wiring,no-change,0.67
core/src/routing/multipath.rs,80,new,rust,wiring,no-change,0.67
core/src/routing/resume_prefetch.rs,79,start_refresh,rust,wiring,state-machine,0.67
core/src/routing/resume_prefetch.rs,314,stats,rust,wiring,no-change,0.67
core/src/routing/timeout_budget.rs,172,total_budget,rust,wiring,no-change,0.67
core/src/store/outbox.rs,1122,record_attempt,rust,wiring,propagate-question,0.67
core/src/store/outbox.rs,1195,mark_not_in_custody,rust,wiring,propagate-question,0.67
core/src/transport/abstraction.rs,350,test_transport_command_display,rust,wiring,no-change,0.67
core/src/transport/circuit_breaker.rs,345,test_circuit_breaker_default_config,rust,wiring,no-change,0.67
core/src/transport/discovery.rs,406,test_discovery_mode_properties,rust,wiring,no-change,0.67
core/src/transport/escalation.rs,355,test_escalation_engine_creation,rust,wiring,no-change,0.67
core/tests/mocks/transport.rs,35,get_peers,rust,wiring,no-change,0.67
iOS/SCMessenger/SCMessenger/Data/MeshRepository.swift,1112,getServiceState,swift,wiring,no-change,0.67
iOS/SCMessenger/SCMessenger/Data/MeshRepository.swift,3115,clearNotificationRequestPending,swift,wiring,throws-propagate,0.67
iOS/SCMessenger/SCMessenger/Data/MeshRepository.swift,4863,isIdentityId,swift,wiring,no-change,0.67
iOS/SCMessenger/SCMessenger/SCMessengerApp.swift,110,refreshOnboardingGate,swift,wiring,split-function,0.67
iOS/SCMessenger/SCMessenger/Services/IosPlatformBridge.swift,56,withMeshRepositoryOnMain,swift,wiring,async-await,0.67
iOS/SCMessenger/SCMessenger/Views/Dashboard/MeshDashboardView.swift,570,formatUptime,swift,wiring,no-change,0.67
iOS/SCMessengerTests/OutboxRetryPolicyTests.swift,112,testGenuineFailureDoesNotUseAckAgeCeiling,swift,wiring,no-change,0.67
wasm/src/lib.rs,1715,to_js_value_safe,rust,wiring,propagate-question,0.67
wasm/src/mesh.rs,228,pull_from_relay,rust,wiring,propagate-question,0.67
wasm/src/mesh.rs,482,test_node_id,rust,wiring,no-change,0.67
wasm/src/notification_manager.rs,67,default,rust,wiring,no-change,0.67
android/app/src/main/java/com/scmessenger/android/data/MeshRepository.kt,2051,onMessageReceived,kotlin,wiring,split-function,0.66
android/app/src/main/java/com/scmessenger/android/data/MeshRepository.kt,3308,updateBleIdentityBeacon,kotlin,wiring,coroutine-scope,0.66
android/app/src/main/java/com/scmessenger/android/data/MeshRepository.kt,11214,primeRelayBootstrapConnectionsLegacy,kotlin,wiring,coroutine-scope,0.66
android/app/src/main/java/com/scmessenger/android/service/BootReceiver.kt,28,onReceive,kotlin,wiring,coroutine-scope,0.66
android/app/src/main/java/com/scmessenger/android/transport/WifiAwareTransport.kt,217,onServiceDiscovered,kotlin,wiring,guard-early-return,0.66
android/app/src/main/java/com/scmessenger/android/transport/WifiDirectTransport.kt,313,handleConnectionInfo,kotlin,security,guard-early-return,0.66
android/app/src/main/java/com/scmessenger/android/ui/chat/MessageBubble.kt,120,DeliveryStatusIndicator,kotlin,wiring,no-change,0.66
android/app/src/main/java/com/scmessenger/android/ui/contacts/AddContactScreen.kt,521,PermissionRationaleCard,kotlin,wiring,no-change,0.66
android/app/src/main/java/com/scmessenger/android/ui/screens/ContactsScreen.kt,303,ContactItem,kotlin,wiring,split-function,0.66
android/app/src/main/java/com/scmessenger/android/ui/viewmodels/ContactsViewModel.kt,967,onCleared,kotlin,wiring,coroutine-scope,0.66
android/app/src/test/java/com/scmessenger/android/data/MeshRepositorySeedImportTest.kt,69,`empty input returns zero without ledger call`,kotlin,wiring,guard-early-return,0.66
android/app/src/test/java/com/scmessenger/android/test/OrderingAndNotificationRoutingTest.kt,133,`locally stamped inbound rows order causally against locally sent rows`,kotlin,wiring,no-change,0.66
android/app/src/test/java/com/scmessenger/android/test/ReceiptWindowTest.kt,220,testWaitingBehaviorOnReceiptTimeout,kotlin,wiring,use-block,0.66
cli/build.rs,74,main,rust,wiring,handle-local-fallback,0.66
core/src/crypto/backup.rs,345,test_different_passphrases_produce_different_ciphertexts,rust,security,propagate-question,0.66
core/src/crypto/kani_proofs.rs,126,ratchet_key_length_invariant,rust,security,validate-guard,0.66
core/src/dspy/modules.rs,108,execute,rust,wiring,propagate-question,0.66
core/src/iron_core.rs,5176,reopened_core_arms_ledger_self_filter_without_initialize_identity,rust,security,validate-guard,0.66
core/src/mobile_bridge.rs,2844,unsubscribe_from_services,rust,wiring,propagate-question,0.66
core/src/mobile_bridge.rs,4305,auto_block_is_exempt,rust,wiring,propagate-question,0.66
core/src/mobile_bridge.rs,4397,stored_at_millis,rust,wiring,propagate-question,0.66
core/src/mobile_bridge.rs,5259,wifi_direct_create_group,rust,wiring,propagate-question,0.66
core/src/mobile_bridge.rs,5861,wifi_direct_create_group,rust,wiring,propagate-question,0.66
core/src/notification.rs,212,ids_match,rust,wiring,no-change,0.66
core/src/relay/delegate_prewarm.rs,148,default,rust,wiring,no-change,0.66
core/src/relay/invite.rs,1293,test_invite_chain_creation,rust,wiring,no-change,0.66
core/src/routing/engine.rs,279,global_routes,rust,wiring,no-change,0.66
core/src/routing/global.rs,81,new,rust,wiring,no-change,0.66
core/src/routing/global.rs,232,is_route_pending,rust,wiring,no-change,0.66
core/src/routing/negative_cache.rs,458,test_negative_cache_clear,rust,wiring,no-change,0.66
core/src/store/dedup.rs,53,new,rust,wiring,no-change,0.66
core/src/store/ledger_entry.rs,441,peer_id_from_public_key_hex,rust,wiring,propagate-question,0.66
core/src/store/relay_custody.rs,594,compat_mode,rust,wiring,no-change,0.66
core/src/transport/ble/l2cap.rs,537,test_psm_value,rust,wiring,no-change,0.66
core/src/transport/discovery.rs,127,with_advertise_protocols,rust,wiring,no-change,0.66
core/src/transport/mesh_routing.rs,824,pending_attempts,rust,wiring,no-change,0.66
core/src/transport/observation.rs,142,all_observations,rust,wiring,no-change,0.66
core/src/transport/peer_broadcast.rs,35,default,rust,wiring,no-change,0.66
core/src/transport/swarm.rs,12129,per_peer_share_bounds_a_single_peer_by_default,rust,wiring,no-change,0.66
core/tests/integration_mycorrhizal_routing.rs,27,make_message_id,rust,wiring,no-change,0.66
iOS/SCMessenger/SCMessenger/Data/MeshRepository.swift,2977,replayDiscoveredPeerEvents,swift,wiring,split-function,0.66
iOS/SCMessenger/SCMessenger/Data/MeshRepository.swift,3845,getSeniorityTimestamp,swift,wiring,guard-let,0.66
iOS/SCMessenger/SCMessenger/Services/IosPlatformBridge.swift,176,wifiDirectCreateGroup,swift,wiring,result-type,0.66
iOS/SCMessenger/SCMessenger/Transport/BLECentralManager.swift,426,wasIntentionalDisconnect,swift,wiring,result-type,0.66
iOS/SCMessenger/SCMessenger/Transport/BLEPeripheralManager.swift,179,payloadFingerprint,swift,wiring,no-change,0.66
iOS/SCMessengerTests/OutboxRetryPolicyTests.swift,10,testAcknowledgedReceiptRetryScheduleMatchesAndroidParity,swift,wiring,no-change,0.66
mobile/src/lib.rs,24,test_mobile_identity,rust,security,propagate-question,0.66
wasm/src/lib.rs,313,with_storage_async,rust,wiring,propagate-question,0.66
android/app/src/main/java/com/scmessenger/android/data/MeshRepository.kt,5002,getBlockedCount,kotlin,wiring,result-stdlib,0.65
android/app/src/main/java/com/scmessenger/android/data/MeshRepository.kt,10388,buildRoutePeerCandidates,kotlin,wiring,split-function,0.65
android/app/src/main/java/com/scmessenger/android/data/MeshRepository.kt,10717,isRestrictedIpv6,kotlin,wiring,guard-early-return,0.65
android/app/src/main/java/com/scmessenger/android/service/MeshForegroundService.kt,700,tryStartForeground,kotlin,wiring,result-sealed,0.65
android/app/src/main/java/com/scmessenger/android/transport/TransportManager.kt,557,applyAdvertiseSettings,kotlin,wiring,guard-early-return,0.65
android/app/src/main/java/com/scmessenger/android/transport/ble/BleScanner.kt,265,setScanDutyCycle,kotlin,wiring,coroutine-scope,0.65
android/app/src/main/java/com/scmessenger/android/ui/viewmodels/SettingsViewModel.kt,579,updateBatteryFloor,kotlin,wiring,guard-early-return,0.65
android/app/src/main/java/com/scmessenger/android/utils/NotificationHelper.kt,586,classifyAsDmRequest,kotlin,wiring,guard-early-return,0.65
android/app/src/main/java/com/scmessenger/android/utils/PeerKeyUtils.kt,205,extractPeerIdFromPublicKey,kotlin,wiring,result-stdlib,0.65
android/app/src/main/java/com/scmessenger/android/utils/PeerKeyUtils.kt,222,toHex,kotlin,wiring,no-change,0.65
android/app/src/test/java/com/scmessenger/android/utils/NotificationHelperGateTest.kt,82,`unhydrated gate suppresses message notification without touching the framework`,kotlin,wiring,guard-early-return,0.65
cli/src/api_axum.rs,444,handle_get_listeners,rust,wiring,propagate-question,0.65
cli/src/main.rs,1267,cmd_share_apk,rust,security,validate-guard,0.65
core/src/abuse/auto_block.rs,34,default,rust,wiring,no-change,0.65
core/src/blocked_bridge.rs,27,from,rust,wiring,no-change,0.65
core/src/crypto/ratchet.rs,127,index,rust,wiring,no-change,0.65
core/src/drift/policy.rs,171,default,rust,wiring,no-change,0.65
core/src/drift/sketch.rs,55,xor_in,rust,wiring,validate-guard,0.65
core/src/dspy/modules.rs,220,execute,rust,wiring,propagate-question,0.65
core/src/error.rs,296,test_mesh_error_display,rust,wiring,no-change,0.65
core/src/iron_core.rs,3577,test_only_identity_signing_key,rust,security,propagate-question,0.65
core/src/observability.rs,354,test_chain_hash_determinism,rust,wiring,no-change,0.65
core/src/relay/client.rs,832,test_relay_connection_creation,rust,wiring,no-change,0.65
core/src/relay/delegate_prewarm.rs,59,has_capacity,rust,wiring,no-change,0.65
core/src/routing/adaptive_ttl.rs,28,default,rust,wiring,no-change,0.65
core/src/routing/engine.rs,264,local_cell_mut,rust,wiring,no-change,0.65
core/src/routing/global.rs,348,has_route_for,rust,wiring,no-change,0.65
core/src/routing/global.rs,747,test_routes_for_unknown_hint,rust,wiring,no-change,0.65
core/src/routing/optimized_engine.rs,253,adaptive_ttl,rust,wiring,no-change,0.65
core/src/routing/timeout_budget.rs,280,test_default_500ms,rust,wiring,no-change,0.65
core/src/store/backend.rs,162,count_prefix,rust,wiring,propagate-question,0.65
core/src/store/inbox.rs,352,clear_messages,rust,wiring,propagate-question,0.65
core/src/store/storage.rs,192,make_storage_manager,rust,wiring,propagate-question,0.65
core/src/transport/ble/gatt.rs,536,test_gatt_fragment_payload_size,rust,wiring,no-change,0.65
core/src/transport/bootstrap.rs,428,is_websocket_address,rust,wiring,no-change,0.65
core/src/transport/circuit_breaker.rs,42,default,rust,wiring,no-change,0.65
core/src/transport/circuit_breaker.rs,425,test_half_open_failure_reopens_circuit,rust,wiring,state-machine,0.65
core/src/transport/manager.rs,1055,test_outgoing_queue_clear,rust,wiring,no-change,0.65
core/src/transport/mesh_routing.rs,527,record_recipient_seen_via_relay_from_wire,rust,wiring,validate-guard,0.65
core/src/transport/swarm.rs,81,empty_ledger_exchange_response,rust,wiring,no-change,0.65
core/src/transport/swarm.rs,1845,record_accepted,rust,wiring,validate-guard,0.65
core/src/transport/wifi_aware.rs,284,create_data_path,rust,security,validate-guard,0.65
core/src/wasm_support/mesh.rs,35,default,rust,wiring,no-change,0.65
core/tests/mocks/identity.rs,17,with_seed,rust,security,propagate-question,0.65
iOS/SCMessenger/SCMessenger/Data/MeshRepository.swift,3738,setNotificationAppInForeground,swift,wiring,no-change,0.65
iOS/SCMessenger/SCMessenger/Data/MeshRepository.swift,4901,attemptDirectSwarmDelivery,swift,wiring,split-function,0.65
iOS/SCMessenger/SCMessenger/Data/MeshRepository.swift,6813,resetAllData,swift,wiring,split-function,0.65
iOS/SCMessenger/SCMessenger/Views/Dashboard/MeshDashboardView.swift,737,formatBytes,swift,wiring,no-change,0.65
iOS/SCMessenger/SCMessenger/Views/Navigation/MainTabView.swift,419,formatMessageDate,swift,wiring,no-change,0.65
wasm/src/lib.rs,251,with_storage,rust,wiring,propagate-question,0.65
wasm/src/notification_manager.rs,487,save_notification_settings,rust,wiring,propagate-question,0.65
wasm/src/worker.rs,247,on_sync,rust,wiring,propagate-question,0.65
android/app/src/main/java/com/scmessenger/android/data/MeshRepository.kt,10942,validatePeerBeforeContactCreation,kotlin,wiring,result-sealed,0.64
android/app/src/main/java/com/scmessenger/android/data/TopicManager.kt,144,filterMessagesByTopic,kotlin,wiring,no-change,0.64
android/app/src/main/java/com/scmessenger/android/service/MeshForegroundService.kt,278,isCurrentLifecycleCommand,kotlin,wiring,mutex-guard,0.64
android/app/src/main/java/com/scmessenger/android/transport/SubnetProbe.kt,109,start,kotlin,wiring,coroutine-scope,0.64
android/app/src/main/java/com/scmessenger/android/transport/WifiTransportManager.kt,130,requestPeers,kotlin,wiring,callback-flow,0.64
android/app/src/main/java/com/scmessenger/android/transport/ble/BleL2capManager.kt,70,startListening,kotlin,wiring,mutex-guard,0.64
android/app/src/main/java/com/scmessenger/android/transport/ble/BleL2capManager.kt,228,closeQuietly,kotlin,wiring,use-block,0.64
android/app/src/main/java/com/scmessenger/android/ui/components/EntropyCanvas.kt,249,generateSaltFromTouchPoints,kotlin,security,guard-early-return,0.64
android/app/src/main/java/com/scmessenger/android/ui/components/StatusIndicator.kt,80,PulsingDot,kotlin,wiring,no-change,0.64
android/app/src/main/java/com/scmessenger/android/ui/contacts/VerifySafetyNumberScreen.kt,146,VerificationStatusRow,kotlin,wiring,no-change,0.64
android/app/src/main/java/com/scmessenger/android/ui/screens/DashboardScreen.kt,402,ConnectionStatusCard,kotlin,wiring,no-change,0.64
android/app/src/main/java/com/scmessenger/android/ui/settings/PowerSettingsScreen.kt,408,ProfileSelector,kotlin,wiring,no-change,0.64
android/app/src/main/java/com/scmessenger/android/ui/viewmodels/DashboardViewModel.kt,723,observeNetworkEvents,kotlin,wiring,coroutine-scope,0.64
android/app/src/main/java/com/scmessenger/android/utils/ApkShareManager.kt,208,stopLocalApkHost,kotlin,wiring,use-block,0.64
android/app/src/main/java/com/scmessenger/android/utils/Permissions.kt,99,getRationale,kotlin,wiring,no-change,0.64
android/app/src/test/java/com/scmessenger/android/data/CellTransportBurnDownTest.kt,68,deliveryAndBootstrapKeysDifferForSameMultiaddr,kotlin,wiring,no-change,0.64
android/app/src/test/java/com/scmessenger/android/test/MeshRepositoryTest.kt,40,`isMeshParticipationEnabled true when relay enabled`,kotlin,wiring,no-change,0.64
android/app/src/test/java/com/scmessenger/android/ui/viewmodels/ContactsViewModelTest.kt,87,`promoteNearbyPeerToContact calls addContact with peer fields and returns true`,kotlin,security,result-sealed,0.64
android/shared/src/commonMain/kotlin/com/scmessenger/shared/platform/PlatformStorage.kt,14,getBoolean,kotlin,wiring,result-stdlib,0.64
cli/src/api_axum.rs,624,handle_get_discovery_status,rust,wiring,propagate-question,0.64
cli/src/ledger.rs,325,record_identified_peer,rust,wiring,propagate-question,0.64
cli/src/ledger.rs,1201,test_try_begin_dial_allows_concurrent_dials_to_different_addresses,rust,wiring,no-change,0.64
cli/src/transport_bridge.rs,159,get_path_reliability,rust,wiring,complete-match,0.64
core/src/abuse/reputation.rs,101,record_outbound_message,rust,wiring,propagate-question,0.64
core/src/abuse/spam_detection.rs,147,content_fingerprint,rust,wiring,no-change,0.64
core/src/drift/envelope.rs,882,test_increment_hop,rust,wiring,no-change,0.64
core/src/drift/policy.rs,498,test_should_reduce_true_for_minimal,rust,wiring,no-change,0.64
core/src/dspy/modules.rs,114,validate_input,rust,wiring,validate-guard,0.64
core/src/dspy/signatures.rs,194,test_golden_examples_exist,rust,wiring,no-change,0.64
core/src/dspy/teleprompt.rs,67,default,rust,wiring,no-change,0.64
core/src/mobile_bridge.rs,4430,test_safety_number_returns_empty_string_on_malformed_keys,rust,wiring,validate-guard,0.64
core/src/mobile_bridge.rs,5749,wifi_direct_stop_discovery,rust,wiring,propagate-question,0.64
core/src/mobile_bridge.rs,5919,wifi_direct_remove_group,rust,wiring,propagate-question,0.64
core/src/notification.rs,422,default,rust,wiring,no-change,0.64
core/src/relay/client.rs,406,connect_quic,rust,security,validate-guard,0.64
core/src/routing/adaptive_ttl.rs,125,get_activity,rust,wiring,no-change,0.64
core/src/routing/global.rs,369,default,rust,wiring,no-change,0.64
core/src/routing/neighborhood.rs,411,default,rust,wiring,no-change,0.64
core/src/routing/timeout_budget.rs,99,remaining,rust,wiring,no-change,0.64
core/src/store/ledger_entry.rs,4239,annotate_identity_stores_routing_only_when_binding_is_not_self_certifying,rust,security,validate-guard,0.64
core/src/store/outbox.rs,194,canonical_peer_key,rust,wiring,propagate-question,0.64
core/src/transport/ble/l2cap.rs,180,state,rust,wiring,no-change,0.64
core/src/transport/ble/scanner.rs,422,test_duty_cycle_manager_aggressive_when_charging,rust,wiring,no-change,0.64
core/src/transport/mesh_routing.rs,434,default,rust,wiring,no-change,0.64
core/src/util.rs,16,unix_time_secs,rust,wiring,propagate-question,0.64
core/tests/integration_backup.rs,178,backup_full_state_integration,rust,security,propagate-question,0.64
core/tests/integration_ws13_migration.rs,88,identity_hydrate_does_not_rotate_key_material,rust,security,propagate-question,0.64
core/tests/mocks/identity.rs,35,inner,rust,wiring,no-change,0.64
core/tests/mocks/transport.rs,30,peer_id,rust,wiring,no-change,0.64
core/tests/test_mesh_routing.rs,22,test_relay_stats_tracking,rust,wiring,no-change,0.64
desktop_bridge/src/desktop_bridge.rs,34,new,rust,wiring,propagate-question,0.64
iOS/SCMessenger/SCMessenger/Data/MeshRepository.swift,1133,getIdentityInfo,swift,wiring,guard-let,0.64
iOS/SCMessenger/SCMessenger/Data/MeshRepository.swift,3840,getDeviceId,swift,wiring,guard-let,0.64
iOS/SCMessenger/SCMessenger/Services/CoreDelegateImpl.swift,40,onPeerDiscovered,swift,wiring,guard-let,0.64
iOS/SCMessenger/SCMessenger/Services/IosPlatformBridge.swift,171,wifiDirectConnect,swift,wiring,result-type,0.64
iOS/SCMessenger/SCMessenger/ViewModels/SettingsViewModel.swift,268,toggleBleRotation,swift,wiring,guard-let,0.64
iOS/SCMessenger/SCMessenger/Views/Contacts/ContactsListView.swift,679,makeCoordinator,swift,wiring,no-change,0.64
wasm/src/connection_state.rs,59,set_onmessage,rust,wiring,drop-guard,0.64
wasm/src/connection_state.rs,326,default,rust,wiring,no-change,0.64
wasm/src/lib.rs,1172,mark_message_sent,rust,wiring,propagate-question,0.64
wasm/src/worker.rs,279,test_push_notification_payload,rust,wiring,no-change,0.64
android/app/src/main/java/com/scmessenger/android/data/MeshRepository.kt,7276,getNatStatus,kotlin,wiring,result-stdlib,0.63
android/app/src/main/java/com/scmessenger/android/service/AndroidPlatformBridge.kt,211,registerNetworkMonitor,kotlin,wiring,callback-flow,0.63
android/app/src/main/java/com/scmessenger/android/transport/TransportManager.kt,566,handleBleFailure,kotlin,wiring,coroutine-scope,0.63
android/app/src/main/java/com/scmessenger/android/transport/WifiAwareTransport.kt,537,close,kotlin,wiring,use-block,0.63
android/app/src/main/java/com/scmessenger/android/ui/MeshApp.kt,48,MeshApp,kotlin,wiring,split-function,0.63
android/app/src/main/java/com/scmessenger/android/ui/viewmodels/ChatViewModel.kt,262,clearError,kotlin,wiring,no-change,0.63
android/app/src/main/java/com/scmessenger/android/ui/viewmodels/ChatViewModel.kt,355,observePeerEvents,kotlin,wiring,flow-collect,0.63
android/app/src/main/java/com/scmessenger/android/ui/viewmodels/ContactsViewModel.kt,461,scheduleNearbyRemoval,kotlin,wiring,coroutine-scope,0.63
android/app/src/main/java/com/scmessenger/android/ui/viewmodels/SettingsViewModel.kt,462,clearBackupExportResult,kotlin,wiring,no-change,0.63
android/app/src/main/java/com/scmessenger/android/utils/SecurityUtils.kt,89,getSharedPrefsDir,kotlin,wiring,result-stdlib,0.63
android/app/src/test/java/com/scmessenger/android/data/CellTransportBurnDownTest.kt,50,rfc1918AndLoopbackAreNotAdmitted,kotlin,wiring,no-change,0.63
android/app/src/test/java/com/scmessenger/android/test/OrderingAndNotificationRoutingTest.kt,105,`legacy rows without an insertion fact still render the trigger first`,kotlin,wiring,no-change,0.63
android/app/src/test/java/com/scmessenger/android/ui/identity/IdentityViewModelTest.kt,54,tearDown,kotlin,wiring,no-change,0.63
cli/src/api.rs,1459,handle_shutdown,rust,wiring,channel-event,0.63
cli/src/api_axum.rs,665,handle_shutdown,rust,wiring,channel-event,0.63
cli/src/ledger.rs,894,is_cgnat,rust,wiring,no-change,0.63
cli/src/watchdog.rs,69,threshold_secs,rust,wiring,no-change,0.63
core/src/crypto/pq/mldsa.rs,169,test_mldsa65_known_answer_test,rust,security,propagate-question,0.63
core/src/crypto/pq/mldsa.rs,186,test_zeroize_behavior,rust,wiring,drop-guard,0.63
core/src/drift/compress.rs,95,test_compress_text_data,rust,wiring,propagate-question,0.63
core/src/drift/envelope.rs,862,test_hint_from_public_key_deterministic,rust,wiring,no-change,0.63
core/src/drift/envelope.rs,871,test_hint_from_public_key_different_keys,rust,wiring,no-change,0.63
core/src/drift/rate_limit.rs,114,test_rate_limiter_creation,rust,wiring,no-change,0.63
core/src/drift/store.rs,431,test_merge_overlapping_stores,rust,wiring,no-change,0.63
core/src/dspy/signatures.rs,134,blake3_hash,rust,wiring,no-change,0.63
core/src/identity/mod.rs,211,default,rust,wiring,no-change,0.63
core/src/iron_core.rs,4087,set_timing_jitter,rust,wiring,propagate-question,0.63
core/src/iron_core.rs,5257,lifecycle_repeated_stop_is_harmless,rust,wiring,state-machine,0.63
core/src/message/types.rs,265,test_create_receipt,rust,wiring,no-change,0.63
core/src/mobile_bridge.rs,5374,all_proximity_transports,rust,wiring,no-change,0.63
core/src/privacy/cover.rs,282,test_cover_config_message_interval,rust,wiring,no-change,0.63
core/src/privacy/cover.rs,346,test_generate_cover_message,rust,security,propagate-question,0.63
core/src/routing/adaptive_ttl.rs,173,test_adaptive_ttl_creation,rust,wiring,no-change,0.63
core/src/routing/local.rs,330,active_count,rust,wiring,no-change,0.63
core/src/store/contacts.rs,94,normalize_nickname,rust,wiring,no-change,0.63
core/src/store/contacts.rs,1296,add_canonicalizes_self_certifying_binding,rust,security,validate-guard,0.63
core/src/store/ledger_entry.rs,1913,exchange_response_entries,rust,wiring,propagate-question,0.63
core/src/store/logs.rs,181,make_manager,rust,wiring,propagate-question,0.63
core/src/transport/abstraction.rs,522,test_transport_capabilities_clone,rust,wiring,no-change,0.63
core/src/transport/ble/gatt.rs,291,clear,rust,wiring,no-change,0.63
core/src/transport/circuit_breaker.rs,109,with_defaults,rust,wiring,no-change,0.63
core/src/transport/multiport.rs,131,requires_elevated_privileges,rust,wiring,no-change,0.63
core/src/transport/relay_health.rs,153,get_fallback_relays,rust,wiring,no-change,0.63
core/src/transport/swarm.rs,1628,is_eligible,rust,wiring,no-change,0.63
core/src/transport/swarm.rs,1887,prune_oldest_duplicate,rust,wiring,no-change,0.63
core/src/transport/wifi_aware.rs,629,test_decode_port_tlv_none_when_absent,rust,wiring,no-change,0.63
core/tests/integration_local_mesh_node3.rs,222,set_on_message_received,rust,wiring,callback-closure,0.63
core/tests/integration_pq_session.rs,282,test_pq_session_persistence,rust,security,propagate-question,0.63
core/tests/integration_wifi_aware.rs,23,send_proximity_packet,rust,wiring,propagate-question,0.63
core/tests/integration_wifi_aware.rs,30,wifi_aware_publish,rust,wiring,propagate-question,0.63
iOS/SCMessenger/SCMessenger/Data/MeshRepository.swift,4867,startPendingOutboxRetryLoop,swift,wiring,task-cancel,0.63
iOS/SCMessenger/SCMessenger/Generated/api.swift,7197,write,swift,wiring,throws-propagate,0.63
iOS/SCMessengerTests/OutboxRetryPolicyTests.swift,54,testTransportSettingsPlanIsEmptyWhenSupportedValuesAreUnchanged,swift,wiring,no-change,0.63
wasm/src/lib.rs,1342,get_registration_state,rust,wiring,propagate-question,0.63
wasm/src/notification_manager.rs,425,default,rust,wiring,no-change,0.63
wasm/src/notification_manager.rs,459,get_notification_settings,rust,wiring,propagate-question,0.63
android/app/src/main/java/com/scmessenger/android/data/MeshRepository.kt,5099,updateContactDeviceId,kotlin,wiring,result-stdlib,0.62
android/app/src/main/java/com/scmessenger/android/data/MeshRepository.kt,6488,pruneBefore,kotlin,wiring,result-stdlib,0.62
android/app/src/main/java/com/scmessenger/android/data/MeshRepository.kt,9232,pendingOutboxExpiryReason,kotlin,wiring,no-change,0.62
android/app/src/main/java/com/scmessenger/android/data/MeshRepository.kt,10974,logIdentityResolutionDetails,kotlin,wiring,no-change,0.62
android/app/src/main/java/com/scmessenger/android/di/AppModule.kt,65,provideNetworkTypeDetector,kotlin,wiring,no-change,0.62
android/app/src/main/java/com/scmessenger/android/network/DiagnosticsReporter.kt,207,formatReportForUser,kotlin,wiring,split-function,0.62
android/app/src/main/java/com/scmessenger/android/transport/TransportManager.kt,188,getOrCreateSubnetProbe,kotlin,wiring,mutex-guard,0.62
android/app/src/main/java/com/scmessenger/android/transport/ble/BleGattClient.kt,701,onCharacteristicChanged,kotlin,security,guard-early-return,0.62
android/app/src/main/java/com/scmessenger/android/transport/ble/BleScanner.kt,421,stopDutyCycle,kotlin,wiring,no-change,0.62
android/app/src/main/java/com/scmessenger/android/ui/viewmodels/DashboardViewModel.kt,649,sortPeersForUnifiedView,kotlin,wiring,no-change,0.62
android/app/src/test/java/com/scmessenger/android/test/ChatViewModelTest.kt,38,message,kotlin,wiring,no-change,0.62
android/app/src/test/java/com/scmessenger/android/test/MeshRepositoryTest.kt,352,`isInfrastructureAgent detects scm-always-on-node daemon`,kotlin,wiring,no-change,0.62
android/app/src/test/java/com/scmessenger/android/test/ReceiptWindowTest.kt,200,testStateTransitionLogging,kotlin,wiring,use-block,0.62
cli/src/ble_mesh.rs,99,fragment_metadata,rust,wiring,propagate-question,0.62
core/src/abuse/reputation.rs,29,with_backend,rust,wiring,propagate-question,0.62
core/src/crypto/ratchet.rs,108,new,rust,wiring,no-change,0.62
core/src/iron_core.rs,2442,get_privacy_config,rust,wiring,propagate-question,0.62
core/src/mobile_bridge.rs,553,pause,rust,wiring,state-machine,0.62
core/src/mobile_bridge.rs,1340,get_swarm_bridge,rust,wiring,no-change,0.62
core/src/mobile_bridge.rs,2946,default,rust,wiring,no-change,0.62
core/src/mobile_bridge.rs,4347,detect_spam_confidence,rust,wiring,propagate-question,0.62
core/src/mobile_bridge.rs,4589,test_handle_data_path_confirmed_resolves_ipv6_link_local,rust,security,validate-guard,0.62
core/src/relay/client.rs,139,is_connected,rust,wiring,no-change,0.62
core/src/relay/client.rs,945,test_push_pull_and_ping_over_network,rust,security,validate-guard,0.62
core/src/relay/delegate_prewarm.rs,308,registered_delegate_count,rust,wiring,no-change,0.62
core/src/relay/findmy.rs,274,test_key,rust,wiring,no-change,0.62
core/src/relay/findmy.rs,378,test_beacon_manager_generate_beacon,rust,security,propagate-question,0.62
core/src/relay/invite.rs,704,other_signing_key,rust,security,propagate-question,0.62
core/src/relay/server.rs,310,default,rust,wiring,no-change,0.62
core/src/routing/negative_cache.rs,394,test_bloom_filter_basic,rust,wiring,no-change,0.62
core/src/store/contacts.rs,85,contact_bundle_key,rust,wiring,validate-guard,0.62
core/src/store/ledger_entry.rs,2084,reap_stale_addresses_for_peer,rust,wiring,propagate-question,0.62
core/src/transport/abstraction.rs,530,test_transport_error_clone,rust,wiring,no-change,0.62
core/src/transport/dial_policy.rs,62,new,rust,wiring,no-change,0.62
core/src/transport/manager.rs,187,is_exhausted,rust,wiring,no-change,0.62
core/src/transport/manager.rs,980,default,rust,wiring,no-change,0.62
core/src/transport/mesh_routing.rs,440,new,rust,wiring,no-change,0.62
core/src/transport/mesh_routing.rs,883,can_bootstrap_others,rust,wiring,no-change,0.62
core/src/transport/observation.rs,240,default,rust,wiring,no-change,0.62
core/src/transport/reputation.rs,39,is_trusted,rust,wiring,no-change,0.62
core/tests/integration_e2e.rs,296,test_e2e_multi_peer_scenario,rust,security,propagate-question,0.62
core/tests/integration_wan_swarm_node2.rs,680,test_circuit_breaker_boundary_safety,rust,wiring,validate-guard,0.62
core/tests/test_mesh_routing.rs,331,test_bootstrap_no_duplicates,rust,wiring,no-change,0.62
iOS/SCMessenger/SCMessenger/Data/MeshRepository.swift,371,terminalIdentityFailureMessage,swift,wiring,result-type,0.62
iOS/SCMessenger/SCMessenger/Data/MeshRepository.swift,2283,receiptRetryDelaySeconds,swift,wiring,no-change,0.62
iOS/SCMessenger/SCMessenger/Data/MeshRepository.swift,2729,selectAuthoritativeNickname,swift,wiring,guard-let,0.62
iOS/SCMessenger/SCMessenger/Data/MeshRepository.swift,2788,resolveKnownPeerNickname,swift,wiring,split-function,0.62
iOS/SCMessenger/SCMessenger/Generated/api.swift,10645,uniffiFutureContinuationCallback,swift,wiring,guard-let,0.62
iOS/SCMessenger/SCMessenger/Services/IosPlatformBridge.swift,141,wifiAwarePublish,swift,wiring,result-type,0.62
iOS/SCMessenger/SCMessenger/Transport/BLEPeripheralManager.swift,140,sendDataToConnectedCentral,swift,wiring,async-await,0.62
iOS/SCMessenger/SCMessenger/ViewModels/ChatViewModel.swift,107,statusGlyph,swift,wiring,no-change,0.62
iOS/SCMessengerTests/OutboxRetryPolicyTests.swift,101,testAckedWithoutReceiptContinuesBeforeAgeCeiling,swift,wiring,no-change,0.62
wasm/src/connection_state.rs,81,set_onclose,rust,wiring,drop-guard,0.62
wasm/src/connection_state.rs,225,drop,rust,wiring,explicit-close,0.62
android/app/src/main/java/com/scmessenger/android/data/MeshRepository.kt,3444,onPeerIdentityRead,kotlin,wiring,split-function,0.61
android/app/src/main/java/com/scmessenger/android/data/MeshRepository.kt,6023,isIdentityInitialized,kotlin,wiring,split-function,0.61
android/app/src/main/java/com/scmessenger/android/data/MeshRepository.kt,11765,getListeningAddresses,kotlin,wiring,flow-collect,0.61
android/app/src/main/java/com/scmessenger/android/data/MeshRepository.kt,12455,enableTransport,kotlin,wiring,guard-early-return,0.61
android/app/src/main/java/com/scmessenger/android/network/DiagnosticsReporter.kt,120,runPortProbes,kotlin,wiring,result-stdlib,0.61
android/app/src/main/java/com/scmessenger/android/service/AndroidPlatformBridge.kt,124,setTransportManager,kotlin,wiring,guard-early-return,0.61
android/app/src/main/java/com/scmessenger/android/ui/identity/IdentityCreationFlow.kt,23,IdentityCreationFlow,kotlin,security,result-sealed,0.61
android/app/src/main/java/com/scmessenger/android/ui/screens/SettingsScreen.kt,890,InfoSection,kotlin,wiring,no-change,0.61
android/app/src/main/java/com/scmessenger/android/ui/viewmodels/DashboardViewModel.kt,591,deduplicateDiscoveredPeers,kotlin,wiring,split-function,0.61
android/app/src/main/java/com/scmessenger/android/ui/viewmodels/RequestsInboxViewModel.kt,145,clearError,kotlin,wiring,no-change,0.61
android/app/src/main/java/com/scmessenger/android/ui/viewmodels/SettingsViewModel.kt,764,clearError,kotlin,wiring,no-change,0.61
android/app/src/test/java/com/scmessenger/android/data/CellTransportBurnDownTest.kt,59,publicIpv6FormIsAdmitted,kotlin,wiring,no-change,0.61
android/app/src/test/java/com/scmessenger/android/test/MeshRepositoryTest.kt,265,`acked-without-receipt message stops after max age reached`,kotlin,wiring,no-change,0.61
android/app/src/test/java/com/scmessenger/android/transport/MdnsDnsaddrInteropTest.kt,157,`our own peer id advertised by a Rust-style record is filtered as self`,kotlin,security,guard-early-return,0.61
android/app/src/test/java/com/scmessenger/android/transport/MdnsServiceDiscoveryTest.kt,321,`onServiceLost with an invalid peer-id does not emit a disconnect`,kotlin,wiring,guard-early-return,0.61
android/app/src/test/java/com/scmessenger/android/utils/DeepLinkValidatorTest.kt,150,`private IPv4 with null deviceIp is rejected`,kotlin,wiring,guard-early-return,0.61
android/app/src/test/java/com/scmessenger/android/utils/InstallPayloadTest.kt,120,`apk url with port round-trips through encoding`,kotlin,security,guard-early-return,0.61
android/app/src/test/java/com/scmessenger/android/utils/NotificationHelperGateTest.kt,200,`group summary is only posted when one person has both children`,kotlin,wiring,no-change,0.61
android/shared/src/commonMain/kotlin/com/scmessenger/shared/platform/PlatformNetworking.kt,32,getDiscoveredPeers,kotlin,wiring,result-sealed,0.61
cli/src/ble_mesh.rs,66,scm_identity_uuid,rust,wiring,no-change,0.61
core/src/crypto/pq/mldsa.rs,117,test_mldsa65_sign_verify,rust,security,propagate-question,0.61
core/src/crypto/pq/mldsa.rs,186,test_zeroize_behavior,rust,security,drop-guard,0.61
core/src/crypto/ratchet.rs,1377,test_init_as_sender_and_encrypt,rust,security,propagate-question,0.61
core/src/drift/relay.rs,398,messages_for_recipient,rust,wiring,propagate-question,0.61
core/src/iron_core.rs,4481,converge_delivered_for_message,rust,wiring,propagate-question,0.61
core/src/mobile_bridge.rs,2954,new,rust,wiring,no-change,0.61
core/src/mobile_bridge.rs,5262,wifi_direct_remove_group,rust,wiring,propagate-question,0.61
core/src/mobile_bridge.rs,5265,test_mesh_service_config,rust,wiring,no-change,0.61
core/src/privacy/cover.rs,31,default,rust,wiring,no-change,0.61
core/src/relay/bootstrap.rs,277,get_addresses,rust,wiring,no-change,0.61
core/src/relay/delegate_prewarm.rs,64,score,rust,wiring,no-change,0.61
core/src/relay/peer_exchange.rs,103,new,rust,wiring,no-change,0.61
core/src/store/ledger_entry.rs,268,normalize_storage_path,rust,wiring,propagate-question,0.61
core/src/store/outbox.rs,97,decode_recipient_key,rust,wiring,propagate-question,0.61
core/src/store/relay_custody.rs,2135,custody_base_dir,rust,wiring,handle-local-fallback,0.61
core/src/transport/abstraction.rs,337,test_transport_event_display,rust,wiring,no-change,0.61
core/src/transport/ble/scanner.rs,443,test_duty_cycle_manager_reduced_low_battery,rust,wiring,no-change,0.61
core/src/transport/bootstrap.rs,465,circuit_breaker,rust,wiring,no-change,0.61
core/src/transport/mesh_routing.rs,314,default,rust,wiring,no-change,0.61
core/src/transport/mesh_routing.rs,574,prune_recipient_recency,rust,wiring,split-function,0.61
core/src/transport/observation.rs,316,all_connections,rust,wiring,no-change,0.61
core/src/transport/reputation.rs,43,is_suspicious,rust,wiring,no-change,0.61
core/src/transport/wifi_aware.rs,523,add_discovered_peer,rust,wiring,propagate-question,0.61
core/src/transport/wifi_direct.rs,159,is_available,rust,wiring,propagate-question,0.61
core/tests/integration_backup.rs,165,backup_large_payload_roundtrip,rust,security,propagate-question,0.61
core/tests/integration_mycorrhizal_routing.rs,41,register_peer_with_hint,rust,wiring,propagate-question,0.61
core/tests/integration_storage_relay_node4.rs,148,node4_layer1_and_layer3_relay_client_socket_reconnections,rust,security,validate-guard,0.61
core/tests/integration_wifi_aware.rs,33,wifi_aware_subscribe,rust,wiring,propagate-question,0.61
desktop_bridge/src/desktop_bridge.rs,142,get_tray_status,rust,wiring,propagate-question,0.61
iOS/SCMessenger/SCMessenger/Data/MeshRepository.swift,2835,updateDiscoveredPeer,swift,wiring,split-function,0.61
iOS/SCMessenger/SCMessenger/Generated/api.swift,5606,sendMessageStatus,swift,wiring,throws-propagate,0.61
iOS/SCMessenger/SCMessenger/Services/IosPlatformBridge.swift,151,wifiAwareCreateDataPath,swift,wiring,result-type,0.61
iOS/SCMessenger/SCMessenger/Views/Dashboard/MeshDashboardView.swift,564,formatBytes,swift,wiring,no-change,0.61
iOS/SCMessenger/SCMessenger/Views/Navigation/MainTabView.swift,548,formatMessageDate,swift,wiring,no-change,0.61
iOS/SCMessengerTests/NotificationVerificationTests.swift,25,tearDown,swift,wiring,defer-cleanup,0.61
iOS/SCMessengerTests/NotificationVerificationTests.swift,550,testNotificationSettingsRetrieval,swift,wiring,guard-let,0.61
iOS/SCMessengerTests/NotificationVerificationTests.swift,618,testDeliveredNotificationManagement,swift,wiring,guard-let,0.61
wasm/src/connection_state.rs,286,remove_rtc_connection,rust,wiring,drop-guard,0.61
wasm/src/transport.rs,970,add_ice_candidate,rust,wiring,channel-event,0.61
android/app/src/main/java/com/scmessenger/android/data/MeshRepository.kt,9774,annotateIdentityInLedger,kotlin,wiring,split-function,0.6
android/app/src/main/java/com/scmessenger/android/data/MeshRepository.kt,10621,normalizeAddressHint,kotlin,wiring,result-sealed,0.6
android/app/src/main/java/com/scmessenger/android/service/AndroidPlatformBridge.kt,108,setBleComponents,kotlin,wiring,guard-early-return,0.6
android/app/src/main/java/com/scmessenger/android/transport/ble/BleScanner.kt,242,applyScanSettings,kotlin,wiring,guard-early-return,0.6
android/app/src/main/java/com/scmessenger/android/ui/dialogs/ApkShareDialog.kt,38,ApkShareDialog,kotlin,wiring,callback-flow,0.6
android/app/src/main/java/com/scmessenger/android/ui/viewmodels/ConversationsViewModel.kt,444,resolveDeliveryState,kotlin,wiring,result-sealed,0.6
android/app/src/main/java/com/scmessenger/android/ui/viewmodels/DashboardViewModel.kt,890,clearError,kotlin,wiring,no-change,0.6
android/app/src/main/java/com/scmessenger/android/ui/viewmodels/MainViewModel.kt,160,grantConsent,kotlin,wiring,result-sealed,0.6
android/app/src/test/java/com/scmessenger/android/data/CellTransportBurnDownTest.kt,23,dns4IsNotAdmittedAsPublicInternet,kotlin,wiring,no-change,0.6
android/app/src/test/java/com/scmessenger/android/test/MeshRepositoryTest.kt,120,`feature-flag helper accepts common enabled forms`,kotlin,wiring,guard-early-return,0.6
android/app/src/test/java/com/scmessenger/android/transport/ble/BleScannerTest.kt,119,clearPeerCache_preservesCounterStats,kotlin,wiring,no-change,0.6
android/app/src/test/java/com/scmessenger/android/ui/viewmodels/MeshServiceViewModelTest.kt,47,tearDown,kotlin,wiring,no-change,0.6
cli/src/main.rs,847,auto_reply_ignores_machine_envelopes_and_empty_bodies,rust,wiring,validate-guard,0.6
cli/src/seed_dial.rs,124,sweep_decision_waits_when_no_candidates,rust,wiring,no-change,0.6
cli/src/watchdog.rs,108,is_exit,rust,wiring,no-change,0.6
core/src/crypto/kani_proofs.rs,96,nonce_length_invariant,rust,security,validate-guard,0.6
core/src/crypto/pq/mldsa.rs,57,generate_keypair,rust,security,propagate-question,0.6
core/src/drift/store.rs,109,persistent,rust,wiring,propagate-question,0.6
core/src/identity/keys.rs,755,test_signing,rust,security,propagate-question,0.6
core/src/identity/keys.rs,1158,test_v1_backup_restore_migration,rust,security,propagate-question,0.6
core/src/mobile_bridge.rs,5399,pause_reentrant_platform_callback_does_not_deadlock,rust,wiring,drop-guard,0.6
core/src/mobile_bridge.rs,5528,send_ble_packet,rust,wiring,propagate-question,0.6
core/src/mobile_bridge.rs,5827,on_entering_background,rust,wiring,state-machine,0.6
core/src/notification.rs,203,normalize_optional,rust,wiring,no-change,0.6
core/src/privacy/cover.rs,166,should_generate_cover_traffic,rust,wiring,handle-local-fallback,0.6
core/src/privacy/cover.rs,302,test_cover_message_creation,rust,wiring,no-change,0.6
core/src/relay/client.rs,362,connect_websocket,rust,wiring,propagate-question,0.6
core/src/relay/invite.rs,257,with_signature,rust,wiring,validate-guard,0.6
core/src/routing/adaptive_ttl.rs,87,new,rust,wiring,validate-guard,0.6
core/src/routing/adaptive_ttl.rs,163,default,rust,wiring,no-change,0.6
core/src/routing/engine.rs,284,global_routes_mut,rust,wiring,no-change,0.6
core/src/routing/local.rs,657,test_stale_peers_not_in_peers_for_hint,rust,wiring,no-change,0.6
core/src/routing/negative_cache.rs,317,clear,rust,wiring,no-change,0.6
core/src/routing/optimized_engine.rs,438,should_advance,rust,wiring,no-change,0.6
core/src/routing/timeout_budget.rs,104,phase_elapsed,rust,wiring,no-change,0.6
core/src/routing/timeout_budget.rs,109,is_exhausted,rust,wiring,no-change,0.6
core/src/store/backend.rs,523,flush,rust,wiring,propagate-question,0.6
core/src/store/dedup.rs,132,clear,rust,wiring,no-change,0.6
core/src/store/ledger_entry.rs,370,strip_peer_id_component,rust,wiring,propagate-question,0.6
core/src/store/outbox.rs,1504,test_can_retry,rust,wiring,no-change,0.6
core/src/store/relay_custody.rs,2562,seed_purge_order_records,rust,wiring,propagate-question,0.6
core/src/transport/ble/scanner.rs,309,set_battery_state,rust,wiring,propagate-question,0.6
core/src/transport/manager.rs,101,clear,rust,wiring,no-change,0.6
core/src/transport/reflection.rs,151,requests_served,rust,wiring,no-change,0.6
core/src/transport/swarm.rs,1319,new,rust,wiring,no-change,0.6
core/src/transport/swarm.rs,12343,wp3_already_subscribed_topic_is_not_re_subscribed,rust,wiring,no-change,0.6
core/tests/integration_ratchet_persistence.rs,253,ratchet_manager_save_load_via_backend,rust,security,propagate-question,0.6
core/tests/property/message_serialization.rs,251,test_property_test_strategies_compile,rust,wiring,no-change,0.6
core/tests/test_trn04_custody_lifecycle.rs,47,states,rust,wiring,propagate-question,0.6
iOS/SCMessenger/SCMessenger/Data/MeshRepository.swift,1438,reloadContactManagerAfterIdentityImport,swift,wiring,throws-propagate,0.6
iOS/SCMessenger/SCMessenger/Data/MeshRepository.swift,3430,exportDiagnosticsInternal,swift,wiring,split-function,0.6
iOS/SCMessenger/SCMessenger/Data/MeshRepository.swift,5930,isBootstrapRelayPeer,swift,wiring,no-change,0.6
iOS/SCMessenger/SCMessenger/Data/MeshRepository.swift,6586,getPreferredRelay,swift,wiring,guard-let,0.6
iOS/SCMessenger/SCMessenger/Data/MeshRepository.swift,7013,finalizeImportedIdentity,swift,wiring,split-function,0.6
iOS/SCMessenger/SCMessenger/Transport/BLECentralManager.swift,352,cleanupPeerCache,swift,wiring,no-change,0.6
iOS/SCMessengerTests/OutboxRetryPolicyTests.swift,90,testAckedWithoutReceiptStopsAtPatientAgeCeiling,swift,wiring,no-change,0.6
wasm/src/connection_state.rs,48,set_onopen,rust,wiring,drop-guard,0.6
android/app/src/main/java/com/scmessenger/android/data/MeshRepository.kt,7339,exportDiagnosticsInternal,kotlin,wiring,split-function,0.59
android/app/src/main/java/com/scmessenger/android/data/MeshRepository.kt,7687,overrideBleInterval,kotlin,wiring,guard-early-return,0.59
android/app/src/main/java/com/scmessenger/android/data/MeshRepository.kt,7784,connectToPeer,kotlin,wiring,coroutine-scope,0.59
android/app/src/main/java/com/scmessenger/android/data/MeshRepository.kt,9483,normalizePublicKey,kotlin,wiring,result-stdlib,0.59
android/app/src/main/java/com/scmessenger/android/data/MeshRepository.kt,9494,isSyntheticFallbackNickname,kotlin,wiring,guard-early-return,0.59
android/app/src/main/java/com/scmessenger/android/data/MeshRepository.kt,11252,extractIpv4FromMultiaddr,kotlin,wiring,result-stdlib,0.59
android/app/src/main/java/com/scmessenger/android/data/MeshRepository.kt,11999,logDeliveryAttempt,kotlin,wiring,guard-early-return,0.59
android/app/src/main/java/com/scmessenger/android/service/MeshForegroundService.kt,462,startPeriodicAdjustments,kotlin,wiring,coroutine-scope,0.59
android/app/src/main/java/com/scmessenger/android/transport/WifiDirectTransport.kt,339,startServer,kotlin,security,use-block,0.59
android/app/src/main/java/com/scmessenger/android/transport/WifiDirectTransport.kt,364,connectToGroupOwner,kotlin,security,use-block,0.59
android/app/src/main/java/com/scmessenger/android/transport/ble/BleAdvertiser.kt,345,sendData,kotlin,wiring,result-sealed,0.59
android/app/src/main/java/com/scmessenger/android/transport/ble/BleL2capManager.kt,316,shutdown,kotlin,wiring,coroutine-scope,0.59
android/app/src/main/java/com/scmessenger/android/ui/MainActivity.kt,118,onCreate,kotlin,wiring,split-function,0.59
android/app/src/main/java/com/scmessenger/android/ui/components/ErrorBanner.kt,177,InfoBanner,kotlin,wiring,no-change,0.59
android/app/src/main/java/com/scmessenger/android/ui/screens/BlockedPeersScreen.kt,120,BlockedPeerItem,kotlin,wiring,no-change,0.59
android/app/src/main/java/com/scmessenger/android/ui/screens/RequestsInboxScreen.kt,83,RequestList,kotlin,wiring,no-change,0.59
android/app/src/main/java/com/scmessenger/android/ui/viewmodels/ConversationsViewModel.kt,440,clearError,kotlin,wiring,no-change,0.59
android/app/src/main/java/com/scmessenger/android/ui/viewmodels/IdentityViewModel.kt,287,clearSuccessMessage,kotlin,wiring,no-change,0.59
android/app/src/main/java/com/scmessenger/android/ui/viewmodels/MainViewModel.kt,205,createIdentity,kotlin,wiring,result-sealed,0.59
android/app/src/main/java/com/scmessenger/android/utils/ContactImportParser.kt,115,firstNonBlank,kotlin,wiring,no-change,0.59
android/app/src/main/java/com/scmessenger/android/utils/NotificationHelper.kt,606,createOpenRequestsIntent,kotlin,wiring,guard-early-return,0.59
android/app/src/main/java/com/scmessenger/android/utils/NotificationHelper.kt,833,trackNotificationEvent,kotlin,wiring,mutex-guard,0.59
android/app/src/main/java/com/scmessenger/android/utils/StorageManager.kt,159,isStorageStateCritical,kotlin,wiring,result-stdlib,0.59
android/app/src/test/java/com/scmessenger/android/arch/CompositionBlockingCallGuardTest.kt,119,findMainSourceRoot,kotlin,wiring,result-stdlib,0.59
android/app/src/test/java/com/scmessenger/android/service/StopStartFloodTest.kt,28,resetLatch,kotlin,wiring,mutex-guard,0.59
android/app/src/test/java/com/scmessenger/android/utils/ContactDisplayNameTest.kt,136,`resolveLocalNickname ignores synthetic incoming and keeps real existing`,kotlin,wiring,guard-early-return,0.59
android/app/src/test/java/com/scmessenger/android/utils/InstallPayloadTest.kt,68,`parse normalizes sha256 to lowercase`,kotlin,security,guard-early-return,0.59
android/app/src/test/java/com/scmessenger/android/utils/PeerIdValidatorTest.kt,59,`rejects wrong lengths within prefix families`,kotlin,wiring,no-change,0.59
cli/src/ble_mesh.rs,136,is_expired,rust,wiring,no-change,0.59
core/src/crypto/pq/mod.rs,39,generate,rust,security,propagate-question,0.59
core/src/crypto/ratchet.rs,300,root_key_bytes,rust,wiring,no-change,0.59
core/src/drift/rate_limit.rs,120,test_allow_sync_under_limit,rust,wiring,no-change,0.59
core/src/identity/mod.rs,193,signature_fingerprint,rust,security,propagate-question,0.59
core/src/identity/mod.rs,241,test_identity_signing,rust,security,propagate-question,0.59
core/src/iron_core.rs,4077,set_cover_traffic_generator,rust,wiring,propagate-question,0.59
core/src/message/ephemeral.rs,22,is_expired,rust,wiring,propagate-question,0.59
core/src/mobile_bridge.rs,1939,random_port,rust,wiring,propagate-question,0.59
core/src/mobile_bridge.rs,1948,ratchet_session_count,rust,wiring,propagate-question,0.59
core/src/mobile_bridge.rs,2345,set_relay_budget_nonblocking,rust,wiring,channel-event,0.59
core/src/mobile_bridge.rs,2837,unpublish_service,rust,wiring,propagate-question,0.59
core/src/mobile_bridge.rs,4149,get_external_addresses_blocking,rust,wiring,propagate-question,0.59
core/src/mobile_bridge.rs,4183,dispatch_ble_packet,rust,wiring,propagate-question,0.59
core/src/mobile_bridge.rs,4312,auto_block_exempt_peer,rust,wiring,propagate-question,0.59
core/src/mobile_bridge.rs,6476,send_proximity_packet,rust,wiring,propagate-question,0.59
core/src/observability.rs,242,append,rust,wiring,propagate-question,0.59
core/src/privacy/mod.rs,71,full,rust,wiring,no-change,0.59
core/src/relay/invite.rs,1441,test_chain_clear,rust,wiring,no-change,0.59
core/src/relay/peer_exchange.rs,143,get_all_peers,rust,wiring,no-change,0.59
core/src/relay/protocol.rs,42,is_relay,rust,wiring,no-change,0.59
core/src/relay/protocol.rs,235,test_capability_mobile,rust,wiring,no-change,0.59
core/src/routing/neighborhood.rs,33,cost_multiplier,rust,wiring,no-change,0.59
core/src/store/contacts.rs,41,new,rust,wiring,propagate-question,0.59
core/src/store/inbox.rs,292,total_count,rust,wiring,propagate-question,0.59
core/src/transport/abstraction.rs,286,test_transport_capabilities_creation,rust,wiring,no-change,0.59
core/src/transport/circuit_breaker.rs,402,test_half_open_success_closes_circuit,rust,wiring,state-machine,0.59
core/src/transport/diagnostics.rs,205,len,rust,wiring,no-change,0.59
core/src/transport/health.rs,620,record_connection_state_change,rust,wiring,complete-match,0.59
core/src/transport/manager.rs,866,cleanup_health_stale_connections,rust,wiring,propagate-question,0.59
core/src/transport/mesh_routing.rs,1337,reasserting_a_known_route_does_not_refresh_its_eviction_position,rust,wiring,no-change,0.59
core/src/transport/peer_broadcast.rs,42,new,rust,wiring,no-change,0.59
core/src/transport/relay_health.rs,93,new,rust,wiring,no-change,0.59
core/tests/mocks/routing.rs,76,test_mock_routing_engine_creation,rust,wiring,no-change,0.59
core/tests/property/encryption_roundtrip.rs,250,test_envelope_structure,rust,security,propagate-question,0.59
iOS/SCMessenger/SCMessenger/Data/MeshRepository.swift,6671,logDeliveryAttempt,swift,wiring,guard-let,0.59
iOS/SCMessenger/SCMessenger/Services/IosPlatformBridge.swift,89,onMotionChanged,swift,wiring,no-change,0.59
iOS/SCMessenger/SCMessenger/Views/Settings/DiagnosticsView.swift,196,stopAutoRefresh,swift,wiring,no-change,0.59
iOS/SCMessengerCore.xcframework/ios-arm64-simulator/Headers/SCMessengerCore.swift,4850,write,swift,wiring,result-type,0.59
patch/if-watch/src/lib.rs,55,poll_next,rust,wiring,state-machine,0.59
wasm/src/mesh.rs,453,test_concurrent_sync_fails,rust,wiring,drop-guard,0.59
wasm/src/transport.rs,768,set_remote_answer,rust,wiring,channel-event,0.59
wasm/src/worker.rs,437,test_service_worker_status_enum,rust,wiring,no-change,0.59
AgentSwarmCline/scmessenger_swarm/observability_tests.rs,418,test_error_display_messages,rust,wiring,no-change,0.58
android/app/src/main/java/com/scmessenger/android/MeshApplication.kt,208,log,kotlin,wiring,guard-early-return,0.58
android/app/src/main/java/com/scmessenger/android/data/MeshRepository.kt,1185,initializeManagers,kotlin,wiring,split-function,0.58
android/app/src/main/java/com/scmessenger/android/data/MeshRepository.kt,1668,onPeerDiscovered,kotlin,wiring,split-function,0.58
android/app/src/main/java/com/scmessenger/android/data/MeshRepository.kt,9524,isBlePeerId,kotlin,wiring,result-stdlib,0.58
android/app/src/main/java/com/scmessenger/android/data/MeshRepository.kt,10701,extractIpv6FromMultiaddr,kotlin,wiring,result-stdlib,0.58
android/app/src/main/java/com/scmessenger/android/data/MeshRepository.kt,12192,detectAndRepairCorruption,kotlin,wiring,result-sealed,0.58
android/app/src/main/java/com/scmessenger/android/service/ServiceHealthMonitor.kt,254,attemptGracefulShutdown,kotlin,wiring,result-stdlib,0.58
android/app/src/main/java/com/scmessenger/android/transport/SmartTransportRouter.kt,174,getPreferredTransport,kotlin,wiring,result-sealed,0.58
android/app/src/main/java/com/scmessenger/android/transport/WifiAwareTransport.kt,499,pump,kotlin,wiring,use-block,0.58
android/app/src/main/java/com/scmessenger/android/transport/ble/BleGattClient.kt,888,cleanup,kotlin,wiring,coroutine-scope,0.58
android/app/src/main/java/com/scmessenger/android/transport/ble/BleL2capManager.kt,325,handleIncomingConnection,kotlin,wiring,use-block,0.58
android/app/src/main/java/com/scmessenger/android/transport/ble/BlePayloadDiagnostics.kt,11,fingerprint,kotlin,security,result-stdlib,0.58
android/app/src/main/java/com/scmessenger/android/transport/ble/BleScanner.kt,438,buildScanSettings,kotlin,wiring,no-change,0.58
android/app/src/main/java/com/scmessenger/android/ui/join/JoinMeshScreen.kt,305,SuccessView,kotlin,wiring,coroutine-scope,0.58
android/app/src/main/java/com/scmessenger/android/ui/viewmodels/SettingsViewModel.kt,824,getNetworkDiagnosticsReport,kotlin,wiring,result-sealed,0.58
android/app/src/test/java/com/scmessenger/android/data/CellTransportBurnDownTest.kt,33,dns6AndDnsaddrAreNotAdmittedAsPublicInternet,kotlin,wiring,no-change,0.58
android/app/src/test/java/com/scmessenger/android/test/RoleNavigationPolicyTest.kt,12,`relay only role hides conversations and contacts`,kotlin,wiring,no-change,0.58
android/app/src/test/java/com/scmessenger/android/transport/MdnsDnsaddrInteropTest.kt,52,serviceWith,kotlin,wiring,no-change,0.58
android/app/src/test/java/com/scmessenger/android/ui/viewmodels/MainViewModelTest.kt,152,`invite deep link with absent routePeerId does not dial`,kotlin,wiring,guard-early-return,0.58
android/app/src/test/java/com/scmessenger/android/ui/viewmodels/MeshServiceViewModelTest.kt,52,`initial state is STOPPED`,kotlin,wiring,no-change,0.58
android/app/src/test/java/com/scmessenger/android/utils/ContactImportParserTest.kt,54,`uses peer id as the transport id when legacy alias is absent`,kotlin,security,guard-early-return,0.58
android/app/src/test/java/com/scmessenger/android/utils/ContactImportParserTest.kt,103,`over-long listener entry dropped silently`,kotlin,wiring,result-sealed,0.58
android/app/src/test/java/com/scmessenger/android/utils/NotificationHelperGateTest.kt,122,`explicitly disabled gate suppresses peer discovered notification`,kotlin,wiring,guard-early-return,0.58
android/app/src/test/java/com/scmessenger/android/utils/PeerIdValidatorCurveVectorTest.kt,85,`identity triad boundary stays consistent with canonical tests`,kotlin,wiring,no-change,0.58
android/app/src/test/java/com/scmessenger/android/utils/PeerIdValidatorTest.kt,28,`rejects base64 plus slash characters`,kotlin,wiring,no-change,0.58
cli/src/api.rs,1069,handle_get_peers,rust,wiring,propagate-question,0.58
cli/src/ble_daemon.rs,476,test_ble_error_variants,rust,wiring,no-change,0.58
cli/src/ledger.rs,390,entry_count,rust,wiring,no-change,0.58
cli/src/ledger.rs,949,ledger,rust,wiring,propagate-question,0.58
core/src/crypto/kani_proofs.rs,140,x25519_public_key_length_invariant,rust,security,validate-guard,0.58
core/src/crypto/ratchet.rs,1288,root_key_ratchet_v1,rust,wiring,propagate-question,0.58
core/src/drift/store.rs,339,default,rust,wiring,no-change,0.58
core/src/drift/sync.rs,374,merge_envelopes,rust,wiring,propagate-question,0.58
core/src/drift/sync.rs,402,make_test_id,rust,wiring,no-change,0.58
core/src/dspy/teleprompt.rs,211,optimize,rust,wiring,propagate-question,0.58
core/src/identity/keys.rs,46,is_canonical_ed25519_encoding,rust,wiring,validate-guard,0.58
core/src/iron_core.rs,3564,ratchet_sessions_handle,rust,wiring,no-change,0.58
core/src/iron_core.rs,4097,set_circuit_builder,rust,wiring,propagate-question,0.58
core/src/lib.rs,268,test_default_retry_delays,rust,wiring,no-change,0.58
core/src/mobile_bridge.rs,4669,test_connection_path_state_disconnected_by_default,rust,wiring,drop-guard,0.58
core/src/mobile_bridge.rs,6250,proximity_oversize_payload_rejected_per_transport_inbound,rust,wiring,validate-guard,0.58
core/src/mobile_bridge.rs,6410,send_proximity_packet,rust,wiring,propagate-question,0.58
core/src/relay/delegate_prewarm.rs,52,update,rust,wiring,validate-guard,0.58
core/src/relay/invite.rs,251,with_metadata,rust,wiring,no-change,0.58
core/src/relay/invite.rs,699,signing_key,rust,wiring,propagate-question,0.58
core/src/relay/invite.rs,752,test_invite_token_with_expiry,rust,wiring,no-change,0.58
core/src/relay/peer_exchange.rs,112,with_config,rust,wiring,no-change,0.58
core/src/routing/optimized_engine.rs,201,start_discovery_if_needed,rust,wiring,state-machine,0.58
core/src/routing/resume_prefetch.rs,91,fail_refresh,rust,wiring,state-machine,0.58
core/src/routing/resume_prefetch.rs,161,new,rust,wiring,no-change,0.58
core/src/routing/timeout_budget.rs,138,advance,rust,wiring,state-machine,0.58
core/src/store/blocked.rs,62,new,rust,wiring,propagate-question,0.58
core/src/store/ledger_entry.rs,1348,record_failure,rust,wiring,propagate-question,0.58
core/src/store/ledger_entry.rs,3456,wire_supplied_identity_cannot_make_the_node_its_own_peer,rust,wiring,validate-guard,0.58
core/src/store/ledger_entry.rs,5611,pair_gate_rejects_base58_case_variants,rust,security,validate-guard,0.58
core/src/store/relay_custody.rs,551,for_service_storage,rust,wiring,handle-local-fallback,0.58
core/src/transport/abstraction.rs,363,test_transport_error_display,rust,wiring,no-change,0.58
core/src/transport/addr_filter.rs,816,is_self_circuit_multiaddr,rust,wiring,no-change,0.58
core/src/transport/ble/scanner.rs,457,test_duty_cycle_manager_set_battery_state,rust,wiring,no-change,0.58
core/src/transport/discovery.rs,107,default,rust,wiring,no-change,0.58
core/src/transport/health.rs,113,record_message_failure,rust,wiring,handle-local-fallback,0.58
core/src/transport/health.rs,255,default,rust,wiring,no-change,0.58
core/src/transport/manager.rs,171,backoff_interval,rust,wiring,handle-local-fallback,0.58
core/src/transport/multiport.rs,332,test_requires_elevated_privileges,rust,wiring,no-change,0.58
core/src/transport/reflection.rs,173,reset_stats,rust,wiring,no-change,0.58
core/src/transport/relay_health.rs,180,get_all_metrics,rust,wiring,no-change,0.58
core/src/transport/reputation.rs,518,test_mixed_signals,rust,wiring,no-change,0.58
core/src/transport/swarm.rs,1729,new,rust,wiring,no-change,0.58
core/src/transport/swarm.rs,1876,prune_oldest_peer_bucket,rust,wiring,no-change,0.58
core/tests/integration_backup.rs,102,backup_ratchet_sessions_roundtrip,rust,security,propagate-question,0.58
core/tests/mocks/routing.rs,50,reset,rust,wiring,no-change,0.58
desktop_bridge/tests/xdg_paths_test.rs,21,test_xdg_data_dir_contains_scmessenger,rust,wiring,no-change,0.58
iOS/SCMessenger/SCMessenger/Data/MeshRepository.swift,607,startHeartbeat,swift,wiring,async-await,0.58
iOS/SCMessenger/SCMessenger/Data/MeshRepository.swift,1161,grantIdentityConsent,swift,wiring,throws-propagate,0.58
iOS/SCMessenger/SCMessenger/Data/MeshRepository.swift,4770,buildRoutePeerCandidates,swift,wiring,split-function,0.58
iOS/SCMessenger/SCMessenger/Services/IosPlatformBridge.swift,231,startNetworkMonitoring,swift,wiring,defer-cleanup,0.58
iOS/SCMessenger/SCMessenger/Services/NotificationManager.swift,279,handleMarkAsRead,swift,wiring,guard-let,0.58
iOS/SCMessenger/SCMessenger/Transport/BLEPeripheralManager.swift,253,ensureAdvertisingForReconnection,swift,wiring,guard-let,0.58
iOS/SCMessenger/SCMessenger/Transport/BLEPeripheralManager.swift,532,handleFragmentedWrite,swift,wiring,guard-let,0.58
iOS/SCMessenger/SCMessenger/Transport/mDNSServiceDiscovery.swift,153,netServiceBrowser,swift,security,guard-let,0.58
iOS/SCMessenger/SCMessenger/Views/Contacts/ContactsListView.swift,637,conversationDisplayName,swift,wiring,guard-let,0.58
wasm/src/connection_state.rs,70,set_onerror,rust,wiring,drop-guard,0.58
wasm/src/connection_state.rs,265,remove_websocket,rust,wiring,drop-guard,0.58
wasm/src/lib.rs,565,flush_outbox_for_peer,rust,wiring,propagate-question,0.58
wasm/src/lib.rs,888,get_audit_events_since,rust,wiring,propagate-question,0.58
wasm/src/lib.rs,894,get_peer_reputation,rust,wiring,propagate-question,0.58
wasm/src/lib.rs,1428,notify_peer_discovered,rust,wiring,propagate-question,0.58
wasm/src/transport.rs,1446,test_transport_state_enum,rust,wiring,no-change,0.58
android/app/src/main/java/com/scmessenger/android/data/GhostIdentityGate.kt,63,shouldRenderAsNode,kotlin,wiring,guard-early-return,0.57
android/app/src/main/java/com/scmessenger/android/data/MeshRepository.kt,7533,loadSettings,kotlin,wiring,result-stdlib,0.57
android/app/src/main/java/com/scmessenger/android/data/MeshRepository.kt,10779,isKnownContact,kotlin,wiring,split-function,0.57
android/app/src/main/java/com/scmessenger/android/service/AndroidPlatformBridge.kt,407,onEnteringForeground,kotlin,wiring,no-change,0.57
android/app/src/main/java/com/scmessenger/android/service/MeshForegroundService.kt,101,onCreate,kotlin,wiring,split-function,0.57
android/app/src/main/java/com/scmessenger/android/ui/chat/MessageBubble.kt,112,isSameDay,kotlin,wiring,no-change,0.57
android/app/src/main/java/com/scmessenger/android/ui/dashboard/PeerListScreen.kt,282,TransportBadge,kotlin,wiring,no-change,0.57
android/app/src/main/java/com/scmessenger/android/ui/dialogs/NetworkStatusDialog.kt,232,formatTransport,kotlin,wiring,no-change,0.57
android/app/src/main/java/com/scmessenger/android/ui/viewmodels/ChatViewModel.kt,270,observeMessageEvents,kotlin,wiring,flow-collect,0.57
android/app/src/main/java/com/scmessenger/android/ui/viewmodels/ChatViewModel.kt,316,observeMessageUpdates,kotlin,wiring,flow-collect,0.57
android/app/src/main/java/com/scmessenger/android/ui/viewmodels/ConversationsViewModel.kt,263,blockPeer,kotlin,wiring,result-sealed,0.57
android/app/src/main/java/com/scmessenger/android/ui/viewmodels/DashboardViewModel.kt,667,buildTopology,kotlin,wiring,guard-early-return,0.57
android/app/src/main/java/com/scmessenger/android/ui/viewmodels/SettingsViewModel.kt,617,updateDiscoveryMode,kotlin,wiring,guard-early-return,0.57
android/app/src/main/java/com/scmessenger/android/ui/viewmodels/SettingsViewModel.kt,795,retryBootstrap,kotlin,wiring,result-sealed,0.57
android/app/src/main/java/com/scmessenger/android/utils/BackoffStrategy.kt,79,isAtMaxDelay,kotlin,wiring,mutex-guard,0.57
android/app/src/main/java/com/scmessenger/android/utils/ContactDisplayName.kt,22,normalizeContactNickname,kotlin,wiring,no-change,0.57
android/app/src/test/java/com/scmessenger/android/data/BootstrapCandidateMergeTest.kt,69,duplicateSeedsCollapse,kotlin,wiring,no-change,0.57
android/app/src/test/java/com/scmessenger/android/test/ContactsViewModelTest.kt,118,`search filters contacts by nickname`,kotlin,wiring,coroutine-scope,0.57
android/app/src/test/java/com/scmessenger/android/test/DropAtCapRetentionTest.kt,98,`below-cap entries keep the normal gates`,kotlin,wiring,no-change,0.57
android/app/src/test/java/com/scmessenger/android/utils/DeepLinkValidatorTest.kt,295,`wildcard address 0000 is rejected`,kotlin,wiring,guard-early-return,0.57
android/app/src/test/java/com/scmessenger/android/utils/PeerIdValidatorTest.kt,140,hexUpper,kotlin,wiring,no-change,0.57
cli/src/api.rs,1737,api_send_resolves_contact_aliases_and_peer_id,rust,security,propagate-question,0.57
cli/src/ble_mesh.rs,74,peer_suffix,rust,wiring,no-change,0.57
cli/src/main.rs,5483,format_timestamp,rust,wiring,propagate-question,0.57
cli/src/server.rs,1838,valid_key,rust,security,propagate-question,0.57
cli/src/server.rs,1845,resolvable_from_authenticated_envelope_key,rust,wiring,propagate-question,0.57
cli/src/transport_bridge.rs,177,estimate_path_latency,rust,wiring,complete-match,0.57
cli/src/transport_bridge.rs,252,can_forward_for_wasm,rust,wiring,no-change,0.57
core/src/crypto/backup.rs,297,test_encrypt_decrypt_roundtrip,rust,security,propagate-question,0.57
core/src/crypto/ratchet.rs,1319,derive_root_key_v1,rust,wiring,propagate-question,0.57
core/src/drift/envelope.rs,911,test_is_expired_in_past,rust,wiring,no-change,0.57
core/src/drift/policy.rs,311,test_scan_interval_minimal,rust,wiring,no-change,0.57
core/src/drift/store.rs,46,priority_score,rust,wiring,handle-local-fallback,0.57
core/src/drift/store.rs,841,test_insert_after_eviction_preserves_crdt,rust,wiring,return-value,0.57
core/src/dspy/modules.rs,309,test_module_metadata_fingerprint,rust,wiring,no-change,0.57
core/src/dspy/signatures.rs,201,test_blake3_hash_deterministic,rust,wiring,no-change,0.57
core/src/mobile_bridge.rs,5580,send_proximity_packet,rust,security,propagate-question,0.57
core/src/relay/client.rs,840,test_relay_connection_state_transitions,rust,wiring,state-machine,0.57
core/src/relay/invite.rs,983,seed,rust,wiring,validate-guard,0.57
core/src/relay/invite.rs,990,full_seed_ledger,rust,wiring,propagate-question,0.57
core/src/routing/engine.rs,459,test_routing_engine_creation,rust,wiring,no-change,0.57
core/src/routing/engine.rs,469,test_is_for_us,rust,wiring,no-change,0.57
core/src/routing/global.rs,422,test_add_multiple_routes_same_destination,rust,wiring,no-change,0.57
core/src/routing/neighborhood.rs,119,new,rust,wiring,no-change,0.57
core/src/routing/neighborhood.rs,596,test_process_gossip_respects_max_hops,rust,wiring,validate-guard,0.57
core/src/routing/optimized_engine.rs,243,negative_cache_stats,rust,wiring,no-change,0.57
core/src/routing/optimized_engine.rs,520,make_message_id,rust,wiring,no-change,0.57
core/src/store/contacts.rs,149,migrate_unprefixed_contacts,rust,wiring,propagate-question,0.57
core/src/store/contacts.rs,926,count,rust,wiring,propagate-question,0.57
core/src/store/ledger_entry.rs,2148,record_topic,rust,wiring,propagate-question,0.57
core/src/store/ledger_entry.rs,2936,oversize_and_bad_peerid_rejected,rust,wiring,validate-guard,0.57
core/src/store/outbox.rs,1013,flush_peer_messages,rust,wiring,propagate-question,0.57
core/src/store/transport_memory.rs,107,is_placeholder_fingerprint,rust,wiring,no-change,0.57
core/src/transport/addr_filter.rs,1158,rejects_nested_relay_circuits,rust,wiring,no-change,0.57
core/src/transport/ble/scanner.rs,429,test_duty_cycle_manager_aggressive_with_charging_and_wifi,rust,wiring,no-change,0.57
core/src/transport/ble/scanner.rs,450,test_duty_cycle_manager_minimal_critical_battery,rust,wiring,no-change,0.57
core/src/transport/bootstrap.rs,157,state,rust,wiring,no-change,0.57
core/src/transport/diagnostics.rs,174,new,rust,wiring,no-change,0.57
core/src/transport/dial_policy.rs,117,on_dial_failure,rust,wiring,state-machine,0.57
core/src/transport/discovery.rs,133,with_accept_unknown_peers,rust,wiring,no-change,0.57
core/src/transport/manager.rs,996,test_transport_state_creation,rust,wiring,no-change,0.57
core/src/transport/reflection.rs,242,test_response_creation,rust,wiring,propagate-question,0.57
core/src/transport/reflection.rs,355,test_service_default,rust,wiring,no-change,0.57
core/src/transport/reputation.rs,470,test_rate_limiting_decreases_score,rust,wiring,no-change,0.57
core/src/transport/swarm.rs,822,is_direct_dial_addr,rust,wiring,no-change,0.57
core/src/transport/swarm.rs,11444,is_dns_multiaddr,rust,wiring,no-change,0.57
core/src/transport/swarm.rs,12141,per_peer_share_scales_with_the_configured_budget,rust,wiring,no-change,0.57
core/src/transport/wifi_direct.rs,216,set_on_peers_changed,rust,wiring,drop-guard,0.57
core/src/transport/wifi_direct.rs,461,test_group_owner_intent_charging_prefers_owner,rust,wiring,no-change,0.57
core/tests/integration_e2e.rs,23,test_e2e_message_flow_two_peers,rust,security,propagate-question,0.57
core/tests/integration_local_mesh_node3.rs,341,test_wifi_direct_group_owner_intent_matrix,rust,wiring,no-change,0.57
core/tests/integration_local_mesh_node3.rs,752,test_reputation_score_classification_and_math,rust,wiring,no-change,0.57
core/tests/integration_ws13_migration.rs,116,identity_device_metadata_does_not_leak_into_backup_payload,rust,security,propagate-question,0.57
core/tests/integration_ws13_migration.rs,161,ws13_contact_roundtrips_with_last_known_device_id,rust,wiring,propagate-question,0.57
core/tests/mocks/routing.rs,56,default,rust,wiring,no-change,0.57
core/tests/mocks/transport.rs,17,new,rust,wiring,no-change,0.57
core/tests/test_mesh_routing.rs,139,test_retry_strategy_attempt_limits,rust,wiring,no-change,0.57
desktop_bridge/src/power.rs,15,detect_power_state,rust,wiring,propagate-question,0.57
iOS/SCMessenger/SCMessenger/Services/IosPlatformBridge.swift,79,onBatteryChanged,swift,wiring,no-change,0.57
iOS/SCMessenger/SCMessenger/Services/NotificationManager.swift,242,userNotificationCenter,swift,wiring,guard-let,0.57
iOS/SCMessenger/SCMessenger/Transport/BLECentralManager.swift,308,performScanCycle,swift,wiring,async-await,0.57
iOS/SCMessenger/SCMessenger/Views/Dashboard/MeshDashboardView.swift,441,deduplicatePeersByIdentityAndAliases,swift,wiring,split-function,0.57
patch/if-watch-full/src/lib.rs,136,iter,rust,wiring,return-value,0.57
patch/if-watch/src/lib.rs,44,poll,rust,wiring,propagate-question,0.57
wasm/src/connection_state.rs,126,drop,rust,wiring,explicit-close,0.57
wasm/src/connection_state.rs,172,set_onicecandidate,rust,wiring,drop-guard,0.57
wasm/src/daemon_bridge.rs,662,response_roundtrip,rust,wiring,propagate-question,0.57
wasm/src/storage.rs,487,test_get_all_messages,rust,wiring,propagate-question,0.57
wasm/src/transport.rs,49,default,rust,wiring,no-change,0.57
AgentSwarmCline/scmessenger_swarm/observability_tests.rs,55,test_minimum_valid_message_id,rust,wiring,no-change,0.56
android/app/src/main/java/com/scmessenger/android/data/MeshRepository.kt,1342,verifyContactDataIntegrity,kotlin,wiring,result-sealed,0.56
android/app/src/main/java/com/scmessenger/android/data/MeshRepository.kt,2519,onReceiptReceived,kotlin,wiring,split-function,0.56
android/app/src/main/java/com/scmessenger/android/data/MeshRepository.kt,3894,retainDisconnectedPeer,kotlin,wiring,guard-early-return,0.56
android/app/src/main/java/com/scmessenger/android/data/MeshRepository.kt,11769,getLocalIpAddress,kotlin,wiring,result-stdlib,0.56
android/app/src/main/java/com/scmessenger/android/service/BootReceiver.kt,69,isBootAction,kotlin,wiring,no-change,0.56
android/app/src/main/java/com/scmessenger/android/ui/join/JoinMeshScreen.kt,235,ParsingView,kotlin,wiring,no-change,0.56
android/app/src/main/java/com/scmessenger/android/ui/screens/DashboardScreen.kt,453,formatBytes,kotlin,wiring,no-change,0.56
android/app/src/main/java/com/scmessenger/android/ui/screens/SettingsScreen.kt,1123,IdentityUnavailableSection,kotlin,wiring,no-change,0.56
android/app/src/main/java/com/scmessenger/android/ui/viewmodels/DashboardViewModel.kt,772,observeLivePeers,kotlin,wiring,flow-collect,0.56
android/app/src/test/java/com/scmessenger/android/data/BootstrapCandidateMergeTest.kt,26,emptyLedgerYieldsNoCandidates,kotlin,wiring,no-change,0.56
android/app/src/test/java/com/scmessenger/android/test/ChatViewModelTest.kt,110,`peer events update online status`,kotlin,wiring,coroutine-scope,0.56
android/app/src/test/java/com/scmessenger/android/ui/viewmodels/MeshServiceViewModelTest.kt,70,`isRunning is true when state is RUNNING`,kotlin,wiring,coroutine-scope,0.56
android/app/src/test/java/com/scmessenger/android/utils/ContactDisplayNameTest.kt,65,`identical nicknames - secondary suppressed`,kotlin,wiring,no-change,0.56
android/app/src/test/java/com/scmessenger/android/utils/PeerIdValidatorTest.kt,51,`rejects symbols punctuation and whitespace`,kotlin,wiring,no-change,0.56
android/app/src/test/java/com/scmessenger/android/utils/SecurityUtilsTest.kt,289,`verification test confirms no secret or passphrase values are ever stored in unencrypted state`,kotlin,wiring,no-change,0.56
cli/src/api.rs,1428,handle_trigger_discovery_scan,rust,wiring,propagate-question,0.56
cli/src/api_axum.rs,634,handle_trigger_discovery_scan,rust,wiring,propagate-question,0.56
cli/src/bin/stress-test.rs,136,simulate_send,rust,wiring,propagate-question,0.56
cli/tests/integration.rs,112,test_ble_status_variants,rust,wiring,complete-match,0.56
cli/tests/integration_mesh_acceptance.rs,53,shared_entries,rust,wiring,no-change,0.56
core/src/drift/envelope.rs,895,test_is_expired_never_expires,rust,wiring,no-change,0.56
core/src/drift/policy.rs,145,current_profile,rust,wiring,no-change,0.56
core/src/drift/policy.rs,522,test_profile_transitions,rust,wiring,state-machine,0.56
core/src/iron_core.rs,4130,list_notification_endpoints,rust,wiring,propagate-question,0.56
core/src/iron_core.rs,5506,verified_recipient_still_encrypts,rust,security,propagate-question,0.56
core/src/mobile_bridge.rs,562,resume,rust,wiring,state-machine,0.56
core/src/mobile_bridge.rs,5248,wifi_aware_create_data_path,rust,wiring,propagate-question,0.56
core/src/mobile_bridge.rs,5703,wifi_direct_remove_group,rust,wiring,propagate-question,0.56
core/src/mobile_bridge.rs,5886,send_ble_packet,rust,security,validate-guard,0.56
core/src/mobile_bridge.rs,6163,nested_same_event_echo_is_suppressed_not_redelivered,rust,wiring,drop-guard,0.56
core/src/mobile_bridge.rs,6476,send_proximity_packet,rust,security,propagate-question,0.56
core/src/mobile_bridge.rs,6499,wifi_direct_stop_discovery,rust,wiring,propagate-question,0.56
core/src/relay/delegate_prewarm.rs,110,is_stale,rust,wiring,no-change,0.56
core/src/relay/delegate_prewarm.rs,173,with_defaults,rust,wiring,no-change,0.56
core/src/relay/peer_exchange.rs,261,test_record_success,rust,wiring,no-change,0.56
core/src/routing/global.rs,384,make_hint,rust,wiring,no-change,0.56
core/src/routing/global.rs,388,make_route,rust,wiring,validate-guard,0.56
core/src/routing/negative_cache.rs,210,with_defaults,rust,wiring,no-change,0.56
core/src/store/backend.rs,450,persist_remove,rust,wiring,propagate-question,0.56
core/src/store/contacts.rs,54,with_nickname,rust,wiring,no-change,0.56
core/src/store/inbox.rs,423,test_is_duplicate,rust,wiring,no-change,0.56
core/src/store/outbox.rs,1254,total_count,rust,wiring,propagate-question,0.56
core/src/store/relay_custody.rs,2110,registration_key,rust,wiring,validate-guard,0.56
core/src/transport/addr_filter.rs,721,is_self_address,rust,wiring,validate-guard,0.56
core/src/transport/addr_filter.rs,1067,dns_policy_defaults_to_reject,rust,wiring,no-change,0.56
core/src/transport/addr_filter.rs,1644,rejects_self_destination_single_hop_circuit,rust,wiring,no-change,0.56
core/src/transport/ble/gatt.rs,44,uuid,rust,wiring,complete-match,0.56
core/src/transport/ble/l2cap.rs,551,test_l2cap_config_builder,rust,wiring,no-change,0.56
core/src/transport/bootstrap.rs,542,discover_hardcoded_backup_relays,rust,wiring,return-value,0.56
core/src/transport/bootstrap.rs,614,test_env_bootstrap_override,rust,wiring,propagate-question,0.56
core/src/transport/manager.rs,1037,test_outgoing_queue_len,rust,wiring,no-change,0.56
core/src/transport/mesh_routing.rs,677,tracked_recency_routes_for_relay,rust,wiring,no-change,0.56
core/src/transport/relay_health.rs,271,record_attempt,rust,wiring,no-change,0.56
core/src/transport/swarm.rs,10856,drift_fallback_carrier_skips_target_and_self,rust,wiring,no-change,0.56
core/src/transport/swarm.rs,12287,wp3_own_topic_exemption_ignores_hex_case,rust,wiring,no-change,0.56
core/src/transport/wifi_aware.rs,263,subscribe_to_services,rust,wiring,propagate-question,0.56
core/tests/integration_backup.rs,84,backup_kdf_is_memory_hard,rust,wiring,propagate-question,0.56
core/tests/integration_e00_drift_v2_diag.rs,44,first_byte_hex,rust,wiring,no-change,0.56
core/tests/integration_wan_swarm_node2.rs,870,test_pending_queue_memory_clearing,rust,wiring,drop-guard,0.56
desktop_bridge/src/desktop_bridge.rs,117,grant_consent,rust,wiring,propagate-question,0.56
iOS/SCMessenger/SCMessenger/Data/MeshRepository.swift,4125,handleTransportPeerDiscovered,swift,wiring,split-function,0.56
iOS/SCMessenger/SCMessenger/Data/MeshRepository.swift,5920,parseBootstrapRelay,swift,wiring,result-type,0.56
patch/if-watch/src/lib.rs,36,watch,rust,wiring,propagate-question,0.56
wasm/src/connection_state.rs,346,test_connection_manager_creation,rust,wiring,no-change,0.56
wasm/src/mesh.rs,522,new_v4,rust,wiring,handle-local-fallback,0.56
AgentSwarmCline/scmessenger_swarm/observability_tests.rs,18,valid_payload_with_zero_latency,rust,wiring,no-change,0.55
android/app/src/main/java/com/scmessenger/android/data/MeshRepository.kt,267,isMeshParticipationEnabled,kotlin,wiring,no-change,0.55
android/app/src/main/java/com/scmessenger/android/data/MeshRepository.kt,296,retainUndeliveredAtAttemptCap,kotlin,wiring,guard-early-return,0.55
android/app/src/main/java/com/scmessenger/android/data/MeshRepository.kt,6501,resetAllData,kotlin,wiring,coroutine-scope,0.55
android/app/src/main/java/com/scmessenger/android/data/MeshRepository.kt,7600,applyTransportSettings,kotlin,wiring,split-function,0.55
android/app/src/main/java/com/scmessenger/android/data/MeshRepository.kt,7718,overrideRelayMax,kotlin,wiring,guard-early-return,0.55
android/app/src/main/java/com/scmessenger/android/data/MeshRepository.kt,9490,normalizeNickname,kotlin,wiring,no-change,0.55
android/app/src/main/java/com/scmessenger/android/data/MeshRepository.kt,10211,removePendingOutbound,kotlin,wiring,mutex-guard,0.55
android/app/src/main/java/com/scmessenger/android/data/MeshRepository.kt,10265,pruneDeliveredReceiptCache,kotlin,wiring,mutex-guard,0.55
android/app/src/main/java/com/scmessenger/android/data/MeshRepository.kt,12378,forceRestartScanning,kotlin,wiring,guard-early-return,0.55
android/app/src/main/java/com/scmessenger/android/transport/TransportManager.kt,549,applyScanSettings,kotlin,wiring,guard-early-return,0.55
android/app/src/main/java/com/scmessenger/android/ui/viewmodels/ContactsViewModel.kt,125,isSyntheticFallbackNickname,kotlin,wiring,guard-early-return,0.55
android/app/src/main/java/com/scmessenger/android/ui/viewmodels/ConversationsViewModel.kt,134,loadConversation,kotlin,wiring,result-sealed,0.55
android/app/src/test/java/com/scmessenger/android/test/MeshRepositoryTest.kt,252,`acked-without-receipt message is not stopped before max age`,kotlin,wiring,no-change,0.55
android/app/src/test/java/com/scmessenger/android/test/ReceiptWindowTest.kt,241,testNoDowngradeWithMultipleTransports,kotlin,wiring,use-block,0.55
android/app/src/test/java/com/scmessenger/android/utils/DeepLinkValidatorTest.kt,280,`bootstrap param with comma-separated multiaddrs is handled`,kotlin,security,guard-early-return,0.55
android/app/src/test/java/com/scmessenger/android/utils/PeerIdValidatorCurveVectorTest.kt,37,`y equals one is a valid point only with sign bit zero`,kotlin,wiring,no-change,0.55
cli/build.rs,7,emit_git_watch_paths,rust,wiring,handle-local-fallback,0.55
cli/src/api_axum.rs,369,handle_get_peers,rust,wiring,propagate-question,0.55
cli/src/ble_daemon.rs,384,format_bytes,rust,wiring,no-change,0.55
cli/src/bootstrap.rs,147,test_promiscuous_addrs_strip_peer_id,rust,wiring,no-change,0.55
cli/src/ledger.rs,637,is_circuit_key,rust,wiring,no-change,0.55
cli/src/ledger.rs,1011,test_peer_dial_state_backoff_ladder,rust,wiring,no-change,0.55
cli/src/main.rs,535,now_secs,rust,wiring,propagate-question,0.55
cli/src/main.rs,718,test_relay_healthy_from_ts_stale,rust,wiring,no-change,0.55
core/src/crypto/ratchet.rs,1332,generate_keypair,rust,security,propagate-question,0.55
core/src/crypto/ratchet.rs,1349,signing_key_to_x25519_secret,rust,security,propagate-question,0.55
core/src/drift/rate_limit.rs,196,test_cleanup_preserves_active,rust,wiring,no-change,0.55
core/src/drift/store.rs,168,get,rust,wiring,no-change,0.55
core/src/drift/sync.rs,407,test_sync_session_creation,rust,wiring,no-change,0.55
core/src/drift/sync.rs,591,test_sync_session_state_transitions,rust,wiring,state-machine,0.55
core/src/dspy/signatures.rs,217,test_signature_fingerprint_format,rust,wiring,no-change,0.55
core/src/identity/mod.rs,227,test_identity_initialization,rust,security,propagate-question,0.55
core/src/iron_core.rs,4990,update_keepalive,rust,wiring,channel-event,0.55
core/src/message/identity_envelope.rs,51,trim_take,rust,wiring,no-change,0.55
core/src/message/types.rs,282,test_message_recency,rust,wiring,no-change,0.55
core/src/mobile_bridge.rs,1966,ratchet_reset_session,rust,wiring,propagate-question,0.55
core/src/mobile_bridge.rs,2885,close_data_path,rust,wiring,explicit-close,0.55
core/src/mobile_bridge.rs,2976,compute_ble_adjustment,rust,wiring,handle-local-fallback,0.55
core/src/mobile_bridge.rs,4354,is_content_suspicious,rust,wiring,propagate-question,0.55
core/src/notification.rs,453,base_ui_state,rust,wiring,no-change,0.55
core/src/relay/findmy.rs,366,test_beacon_manager_should_broadcast,rust,wiring,no-change,0.55
core/src/relay/invite.rs,704,other_signing_key,rust,wiring,propagate-question,0.55
core/src/routing/global.rs,267,update_local_advertisements,rust,wiring,validate-guard,0.55
core/src/routing/global.rs,353,unique_destination_count,rust,wiring,no-change,0.55
core/src/routing/local.rs,103,new,rust,wiring,no-change,0.55
core/src/routing/optimized_engine.rs,571,test_app_lifecycle_integration,rust,wiring,state-machine,0.55
core/src/store/contacts.rs,1913,test_is_synthetic_and_authoritative_helpers,rust,wiring,no-change,0.55
core/src/store/inbox.rs,133,trigger_maintenance,rust,wiring,propagate-question,0.55
core/src/store/inbox.rs,442,test_clear_messages,rust,wiring,no-change,0.55
core/src/store/ledger_entry.rs,1799,import_seed_entries_locked,rust,wiring,propagate-question,0.55
core/src/store/ledger_entry.rs,2300,add_bootstrap,rust,wiring,propagate-question,0.55
core/src/store/outbox.rs,1413,default,rust,wiring,no-change,0.55
core/src/store/outbox.rs,1776,legacy_row_without_authorization_still_rejects_the_wrong_recipient,rust,security,validate-guard,0.55
core/src/transport/ble/scanner.rs,124,set_wifi_available,rust,wiring,no-change,0.55
core/src/transport/bootstrap.rs,488,get_fallback_relay_addresses,rust,wiring,propagate-question,0.55
core/src/transport/circuit_breaker.rs,75,new,rust,wiring,no-change,0.55
core/src/transport/diagnostics.rs,168,default,rust,wiring,no-change,0.55
core/src/transport/discovery.rs,82,allows_identify,rust,wiring,complete-match,0.55
core/src/transport/discovery.rs,452,test_epoch_rotation_changes_beacon,rust,security,propagate-question,0.55
core/src/transport/manager.rs,250,new,rust,wiring,no-change,0.55
core/src/transport/manager.rs,1071,test_transport_manager_creation,rust,wiring,no-change,0.55
core/src/transport/reflection.rs,129,handle_request,rust,wiring,validate-guard,0.55
core/src/transport/reflection.rs,349,test_request_default,rust,wiring,no-change,0.55
core/src/transport/swarm.rs,10452,zombie_test_peer,rust,wiring,no-change,0.55
core/src/transport/swarm.rs,11634,own_address_is_not_a_seed_dial_candidate,rust,wiring,no-change,0.55
core/src/transport/wifi_aware.rs,720,test_create_data_path,rust,security,propagate-question,0.55
core/src/transport/wifi_direct.rs,219,set_on_connection_info,rust,wiring,drop-guard,0.55
core/tests/integration_backup_continuity.rs,90,test_backup_with_salt_continuity,rust,security,propagate-question,0.55
core/tests/integration_storage_relay_node4.rs,231,node4_layer5_memory_zeroization_on_key_drop,rust,wiring,drop-guard,0.55
core/tests/integration_wifi_aware.rs,50,wifi_direct_remove_group,rust,wiring,propagate-question,0.55
core/tests/integration_wp1_identity_unification.rs,56,sha256_multihash_peer_id,rust,wiring,propagate-question,0.55
core/tests/property/message_serialization.rs,51,arb_receipt,rust,wiring,no-change,0.55
iOS/SCMessenger/SCMessenger/Data/MeshRepository.swift,129,logDiagnostic,swift,wiring,no-change,0.55
iOS/SCMessenger/SCMessenger/Data/MeshRepository.swift,3263,validateSettings,swift,wiring,result-type,0.55
iOS/SCMessenger/SCMessenger/Data/MeshRepository.swift,5580,flushPendingOutbox,swift,wiring,split-function,0.55
iOS/SCMessenger/SCMessenger/Data/MeshRepository.swift,7145,migrateToCanonicalIds,swift,wiring,split-function,0.55
iOS/SCMessenger/SCMessenger/Services/CoreDelegateImpl.swift,162,onMessageDelivered,swift,wiring,async-await,0.55
iOS/SCMessenger/SCMessenger/Services/NotificationManager.swift,287,handleNotificationTap,swift,wiring,guard-let,0.55
iOS/SCMessenger/SCMessenger/Transport/BLEL2CAPManager.swift,72,closeChannel,swift,wiring,defer-cleanup,0.55
iOS/SCMessenger/SCMessenger/Utils/NotificationLogger.swift,36,log,swift,wiring,throws-propagate,0.55
iOS/SCMessenger/SCMessenger/ViewModels/SettingsViewModel.swift,272,updateBleRotationInterval,swift,wiring,guard-let,0.55
iOS/SCMessenger/SCMessenger/ViewModels/SettingsViewModel.swift,399,startService,swift,wiring,guard-let,0.55
iOS/SCMessengerCore.xcframework/ios-arm64-simulator/Headers/SCMessengerCore.swift,136,writeBytes,swift,wiring,no-change,0.55
iOS/SCMessengerCore.xcframework/ios-arm64/Headers/SCMessengerCore.swift,5451,uniffiCallbackInitCoreDelegate,swift,wiring,no-change,0.55
iOS/SCMessengerTests/MeshBackgroundServiceTests.swift,30,tearDown,swift,wiring,defer-cleanup,0.55
wasm/src/lib.rs,899,get_enhanced_peer_reputation,rust,wiring,propagate-question,0.55
android/app/src/main/java/com/scmessenger/android/data/IdentityCreationCoordinator.kt,167,generateSecureRandomSalt,kotlin,security,no-change,0.54
android/app/src/main/java/com/scmessenger/android/data/MeshRepository.kt,157,dialThrottleKey,kotlin,wiring,guard-early-return,0.54
android/app/src/main/java/com/scmessenger/android/data/MeshRepository.kt,447,checkAndRecordMessage,kotlin,wiring,result-sealed,0.54
android/app/src/main/java/com/scmessenger/android/data/MeshRepository.kt,9722,isSelfCertifyingKeyBinding,kotlin,wiring,guard-early-return,0.54
android/app/src/main/java/com/scmessenger/android/data/MeshRepository.kt,10516,routeCandidateMatchesRecipient,kotlin,wiring,split-function,0.54
android/app/src/main/java/com/scmessenger/android/di/AppModule.kt,81,provideCircuitBreaker,kotlin,wiring,no-change,0.54
android/app/src/main/java/com/scmessenger/android/notification/NotificationActionReceiver.kt,39,onReceive,kotlin,wiring,guard-early-return,0.54
android/app/src/main/java/com/scmessenger/android/service/AndroidPlatformBridge.kt,639,checkBatteryState,kotlin,wiring,coroutine-scope,0.54
android/app/src/main/java/com/scmessenger/android/service/MeshForegroundService.kt,456,wireCoreDelegate,kotlin,wiring,flow-collect,0.54
android/app/src/main/java/com/scmessenger/android/service/MeshForegroundService.kt,853,onBind,kotlin,wiring,guard-early-return,0.54
android/app/src/main/java/com/scmessenger/android/transport/WifiAwareTransport.kt,462,acceptAndPump,kotlin,wiring,coroutine-scope,0.54
android/app/src/main/java/com/scmessenger/android/ui/screens/ChatScreen.kt,479,MessageBubble,kotlin,wiring,no-change,0.54
android/app/src/main/java/com/scmessenger/android/utils/ShareReceiver.kt,34,onReceive,kotlin,wiring,guard-early-return,0.54
android/app/src/test/java/com/scmessenger/android/network/DiagnosticsReporterRelayRecommendationTest.kt,113,`a reachable node suppresses the recommendation`,kotlin,wiring,no-change,0.54
android/app/src/test/java/com/scmessenger/android/service/MeshLifecycleSerializationTest.kt,186,onStartCommand_delegatesToDecideCommand,kotlin,wiring,guard-early-return,0.54
android/app/src/test/java/com/scmessenger/android/test/DiagnosticsBundleFormatterTest.kt,10,`bundle includes required tester sections`,kotlin,wiring,no-change,0.54
android/app/src/test/java/com/scmessenger/android/test/MeshRepositoryTest.kt,15,meshSettings,kotlin,wiring,no-change,0.54
android/app/src/test/java/com/scmessenger/android/test/MeshRepositoryTest.kt,358,`isInfrastructureAgent rejects regular peer agents`,kotlin,wiring,no-change,0.54
android/app/src/test/java/com/scmessenger/android/transport/ble/BleL2capManagerTest.kt,26,acceptRecoveryDelayIsCapped,kotlin,wiring,no-change,0.54
android/app/src/test/java/com/scmessenger/android/utils/NotificationHelperGateTest.kt,109,`explicitly disabled gate suppresses message notification`,kotlin,wiring,guard-early-return,0.54
cli/src/api_axum.rs,543,handle_get_connection_path_state,rust,wiring,propagate-question,0.54
cli/src/ble_daemon.rs,461,test_ble_status_disabled,rust,wiring,no-change,0.54
cli/src/bootstrap.rs,89,parse_bootstrap_addr,rust,wiring,propagate-question,0.54
cli/src/bootstrap.rs,197,test_default_topics,rust,wiring,no-change,0.54
cli/src/ledger.rs,961,test_strip_peer_id,rust,wiring,no-change,0.54
cli/src/ledger.rs,1058,test_try_begin_dial_allows_circuit_when_relay_healthy,rust,wiring,no-change,0.54
cli/tests/integration_peer_identified_gate.rs,30,peer,rust,wiring,no-change,0.54
core/src/abuse/spam_detection.rs,425,test_content_fingerprint_deterministic,rust,wiring,no-change,0.54
core/src/contacts_bridge.rs,463,placeholder_or_derived_contact,rust,wiring,handle-local-fallback,0.54
core/src/crypto/backup.rs,422,test_legacy_pbkdf2_with_salt_format_still_decrypts,rust,security,validate-guard,0.54
core/src/drift/relay.rs,213,generate_cover_traffic_if_due,rust,wiring,propagate-question,0.54
core/src/drift/relay.rs,392,messages_for_sync,rust,wiring,propagate-question,0.54
core/src/dspy/modules.rs,242,create_cot,rust,wiring,propagate-question,0.54
core/src/iron_core.rs,4952,prune_stale_spam_peers,rust,wiring,propagate-question,0.54
core/src/iron_core.rs,6568,wp1_send_identifiers_resolve_to_one_peer_id,rust,security,validate-guard,0.54
core/src/mobile_bridge.rs,4340,is_peer_abusive,rust,wiring,propagate-question,0.54
core/src/mobile_bridge.rs,5548,wifi_direct_create_group,rust,wiring,propagate-question,0.54
core/src/mobile_bridge.rs,5607,wifi_direct_remove_group,rust,wiring,propagate-question,0.54
core/src/observability.rs,103,new,rust,wiring,propagate-question,0.54
core/src/observability.rs,177,load,rust,wiring,propagate-question,0.54
core/src/privacy/cover.rs,189,reset_timer,rust,wiring,no-change,0.54
core/src/relay/invite.rs,1406,test_is_direct_connection,rust,wiring,no-change,0.54
core/src/relay/invite.rs,1415,test_get_connected_peers,rust,wiring,no-change,0.54
core/src/relay/peer_exchange.rs,202,clear,rust,wiring,no-change,0.54
core/src/routing/resume_prefetch.rs,439,create_test_route,rust,wiring,propagate-question,0.54
core/src/routing/timeout_budget.rs,242,test_phase_progression,rust,wiring,state-machine,0.54
core/src/store/ledger_entry.rs,1192,record_connection,rust,wiring,split-function,0.54
core/src/store/ledger_entry.rs,1571,import_seed_entries,rust,wiring,propagate-question,0.54
core/src/transport/addr_filter.rs,734,is_acceptable_peer_address,rust,wiring,propagate-question,0.54
core/src/transport/addr_filter.rs,1601,rfc1918_disclosure_rejects_relay_loopback_and_link_local,rust,wiring,validate-guard,0.54
core/src/transport/ble/beacon.rs,287,test_beacon_builder_with_custom_rotation_period,rust,security,propagate-question,0.54
core/src/transport/bootstrap.rs,182,add_bootstrap_node,rust,wiring,propagate-question,0.54
core/src/transport/dial_policy.rs,144,on_permanent_failure,rust,wiring,state-machine,0.54
core/src/transport/dial_policy.rs,381,new,rust,wiring,no-change,0.54
core/src/transport/discovery.rs,77,allows_lan_broadcast,rust,wiring,complete-match,0.54
core/src/transport/reputation.rs,103,new,rust,wiring,no-change,0.54
core/src/transport/swarm.rs,1234,prune_peer_relay_use,rust,wiring,no-change,0.54
core/src/transport/swarm.rs,3155,is_event_loop_alive,rust,wiring,no-change,0.54
core/src/wasm_support/mesh.rs,119,get_libp2p_peer_id,rust,wiring,propagate-question,0.54
core/tests/integration_e00_ratchet_wiring.rs,111,test_legacy_fallback_no_bundle,rust,security,validate-guard,0.54
core/tests/test_multiport.rs,314,test_requires_elevated_privileges,rust,wiring,no-change,0.54
core/tests/test_multiport.rs,339,test_default_multiport_config,rust,wiring,no-change,0.54
desktop_bridge/src/lib.rs,25,xdg_data_dir,rust,wiring,handle-local-fallback,0.54
iOS/SCMessenger/SCMessenger/Data/MeshRepository.swift,1373,clearCachedIdentityInfo,swift,wiring,no-change,0.54
iOS/SCMessenger/SCMessenger/Data/MeshRepository.swift,7116,setNickname,swift,wiring,split-function,0.54
iOS/SCMessenger/SCMessenger/Transport/BLEPeripheralManager.swift,82,stopAdvertising,swift,wiring,defer-cleanup,0.54
iOS/SCMessengerTests/NotificationVerificationTests.swift,606,testPendingNotificationManagement,swift,wiring,guard-let,0.54
wasm/src/lib.rs,1336,get_seniority_timestamp,rust,wiring,no-change,0.54
wasm/src/storage.rs,476,test_clear_storage,rust,wiring,propagate-question,0.54
AgentSwarmCline/scmessenger_swarm/observability_tests.rs,346,test_display_always_starts_with_relay_trace,rust,wiring,no-change,0.53
android/app/src/main/java/com/scmessenger/android/data/MeshRepository.kt,4117,exportIdentityBackup,kotlin,security,result-sealed,0.53
android/app/src/main/java/com/scmessenger/android/data/MeshRepository.kt,4958,mutePeer,kotlin,wiring,result-sealed,0.53
android/app/src/main/java/com/scmessenger/android/data/MeshRepository.kt,11068,isAddrHostConnected,kotlin,wiring,split-function,0.53
android/app/src/main/java/com/scmessenger/android/notification/NotificationActionReceiver.kt,164,handleOpenRequests,kotlin,wiring,guard-early-return,0.53
android/app/src/main/java/com/scmessenger/android/service/AndroidPlatformBridge.kt,140,setWifiDirectTransport,kotlin,wiring,guard-early-return,0.53
android/app/src/main/java/com/scmessenger/android/service/AndroidPlatformBridge.kt,328,dispatchDeviceStateUpdate,kotlin,wiring,coroutine-scope,0.53
android/app/src/main/java/com/scmessenger/android/service/AnrWatchdog.kt,193,buildAnrDiagnostics,kotlin,wiring,split-function,0.53
android/app/src/main/java/com/scmessenger/android/transport/NetworkDetector.kt,409,probePorts,kotlin,wiring,use-block,0.53
android/app/src/main/java/com/scmessenger/android/transport/ble/BleGattServer.kt,229,getConnectedDeviceAddresses,kotlin,wiring,no-change,0.53
android/app/src/main/java/com/scmessenger/android/ui/MeshApp.kt,449,MeshBottomBar,kotlin,wiring,guard-early-return,0.53
android/app/src/main/java/com/scmessenger/android/ui/components/ErrorBanner.kt,122,mapErrorToMessage,kotlin,wiring,result-sealed,0.53
android/app/src/main/java/com/scmessenger/android/ui/components/Identicon.kt,81,generateColors,kotlin,wiring,guard-early-return,0.53
android/app/src/main/java/com/scmessenger/android/ui/components/Identicon.kt,118,IdenticonFromHex,kotlin,wiring,result-stdlib,0.53
android/app/src/main/java/com/scmessenger/android/ui/viewmodels/ConversationsViewModel.kt,278,mutePeer,kotlin,wiring,result-sealed,0.53
android/app/src/main/java/com/scmessenger/android/ui/viewmodels/MainViewModel.kt,403,navigateToChat,kotlin,wiring,guard-early-return,0.53
android/app/src/main/java/com/scmessenger/android/ui/viewmodels/SettingsViewModel.kt,442,clearImportResult,kotlin,wiring,no-change,0.53
android/app/src/main/java/com/scmessenger/android/ui/viewmodels/SettingsViewModel.kt,648,setNotificationsEnabled,kotlin,wiring,coroutine-scope,0.53
android/app/src/test/java/com/scmessenger/android/data/GhostIdentityGateTest.kt,18,rca_ghost_577fd171_is_ghost,kotlin,wiring,no-change,0.53
android/app/src/test/java/com/scmessenger/android/data/SelfAsPeerGhostTest.kt,27,ownPkAsPeerId_nullPk_successZero_isGhost,kotlin,wiring,guard-early-return,0.53
android/app/src/test/java/com/scmessenger/android/test/MeshRepositoryTest.kt,504,`fresh install generates new passphrase and saves to encrypted store`,kotlin,wiring,result-sealed,0.53
android/app/src/test/java/com/scmessenger/android/test/MockTestHelper.kt,16,createMockMeshSettings,kotlin,wiring,no-change,0.53
android/app/src/test/java/com/scmessenger/android/test/MockTestHelper.kt,54,createMockContact,kotlin,wiring,no-change,0.53
android/app/src/test/java/com/scmessenger/android/test/RoleNavigationPolicyTest.kt,21,`full role exposes conversations and contacts`,kotlin,wiring,no-change,0.53
android/app/src/test/java/com/scmessenger/android/transport/SubnetProbeDialCandidateTest.kt,31,`raw tcp port yields the direct multiaddr`,kotlin,wiring,no-change,0.53
android/app/src/test/java/com/scmessenger/android/ui/viewmodels/MainViewModelTest.kt,216,`isStorageDegraded flow reflects meshRepository`,kotlin,wiring,flow-collect,0.53
android/app/src/test/java/com/scmessenger/android/utils/ContactDisplayNameTest.kt,35,`both present - primary with secondary in parentheses`,kotlin,wiring,no-change,0.53
android/app/src/test/java/com/scmessenger/android/utils/PeerIdValidatorCanonicalTest.kt,32,`different nodes never collapse`,kotlin,wiring,no-change,0.53
android/app/src/test/java/com/scmessenger/android/utils/PeerIdValidatorCanonicalTest.kt,37,`empty and unknown ids stay stable`,kotlin,wiring,guard-early-return,0.53
android/shared/src/commonMain/kotlin/com/scmessenger/shared/platform/PlatformStorage.kt,12,getString,kotlin,wiring,result-stdlib,0.53
cli/src/api.rs,1418,handle_get_discovery_status,rust,wiring,propagate-question,0.53
cli/src/ble_mesh.rs,62,scm_service_uuid,rust,wiring,no-change,0.53
cli/src/main.rs,866,auto_reply_body_defaults_to_generic_and_accepts_custom_text,rust,wiring,handle-local-fallback,0.53
core/src/drift/rate_limit.rs,146,test_different_peers_independent,rust,wiring,no-change,0.53
core/src/drift/rate_limit.rs,208,test_sliding_window,rust,wiring,no-change,0.53
core/src/drift/rate_limit.rs,240,test_zero_limit,rust,wiring,no-change,0.53
core/src/drift/relay.rs,403,maintenance,rust,wiring,propagate-question,0.53
core/src/drift/store.rs,697,test_messages_for_recipient,rust,wiring,no-change,0.53
core/src/identity/mod.rs,252,test_identity_verification,rust,security,propagate-question,0.53
core/src/identity/store.rs,271,test_memory_store,rust,security,propagate-question,0.53
core/src/message/identity_envelope.rs,64,clean_hints,rust,wiring,no-change,0.53
core/src/mobile_bridge.rs,2801,is_available,rust,wiring,propagate-question,0.53
core/src/mobile_bridge.rs,6420,wifi_aware_subscribe,rust,wiring,propagate-question,0.53
core/src/notification_defaults.rs,9,notify_dm_request_enabled,rust,wiring,no-change,0.53
core/src/privacy/cover.rs,362,test_generate_cover_message_uniqueness,rust,security,propagate-question,0.53
core/src/relay/invite.rs,1367,test_invite_system_creation,rust,wiring,no-change,0.53
core/src/routing/local.rs,248,gateway_peers,rust,wiring,no-change,0.53
core/src/routing/negative_cache.rs,498,test_negative_cache_stats,rust,wiring,no-change,0.53
core/src/store/contacts.rs,89,identity_id_index_key,rust,wiring,validate-guard,0.53
core/src/store/ledger_entry.rs,1571,import_seed_entries,rust,security,validate-guard,0.53
core/src/store/outbox.rs,1281,remove_expired,rust,wiring,propagate-question,0.53
core/src/transport/abstraction.rs,404,test_transport_event_data_received,rust,wiring,complete-match,0.53
core/src/transport/health.rs,554,new,rust,wiring,handle-local-fallback,0.53
core/src/transport/health.rs,719,test_connection_stats_unhealthy,rust,wiring,no-change,0.53
core/src/transport/manager.rs,1679,test_reconnection_exhaustion,rust,wiring,no-change,0.53
core/src/transport/mesh_routing.rs,948,test_retry_strategy,rust,wiring,no-change,0.53
core/src/transport/observation.rs,137,primary_external_address,rust,wiring,no-change,0.53
core/src/transport/observation.rs,247,new,rust,wiring,no-change,0.53
core/src/transport/reflection.rs,234,test_request_with_id,rust,wiring,no-change,0.53
core/src/transport/swarm.rs,672,for_swarm,rust,wiring,handle-local-fallback,0.53
core/src/transport/swarm.rs,1931,decode_delivery_convergence_marker,rust,wiring,propagate-question,0.53
core/src/transport/swarm.rs,8834,drop,rust,wiring,drop-guard,0.53
core/src/transport/swarm.rs,11058,duplicate_window_suppresses_immediate_replay_then_expires,rust,wiring,no-change,0.53
core/src/transport/wifi_aware.rs,569,shutdown,rust,wiring,propagate-question,0.53
core/src/wasm_support/mesh.rs,199,tick,rust,wiring,state-machine,0.53
core/tests/integration_pq_verification_suite.rs,10,test_pqc_01_hybrid_handshake,rust,security,propagate-question,0.53
desktop_bridge/src/power.rs,113,test_power_state_for_suspend,rust,wiring,no-change,0.53
iOS/SCMessenger/SCMessenger/ContactManagerFix.swift,23,flush,swift,wiring,throws-propagate,0.53
iOS/SCMessenger/SCMessenger/Data/MeshRepository.swift,1448,persistIdentityBackupToKeychain,swift,wiring,throws-propagate,0.53
iOS/SCMessenger/SCMessenger/Data/MeshRepository.swift,3138,displayNameForContact,swift,wiring,guard-let,0.53
iOS/SCMessenger/SCMessenger/Data/MeshRepository.swift,4055,updateStats,swift,wiring,guard-let,0.53
iOS/SCMessenger/SCMessenger/Services/IosPlatformBridge.swift,84,onNetworkChanged,swift,wiring,no-change,0.53
iOS/SCMessenger/SCMessenger/Services/NotificationManager.swift,186,categoryIdentifier,swift,wiring,no-change,0.53
iOS/SCMessenger/SCMessenger/Transport/MultipeerTransport.swift,301,diagnosticsSnapshot,swift,wiring,no-change,0.53
iOS/SCMessenger/SCMessenger/Transport/SmartTransportRouter.swift,213,getDedupStats,swift,wiring,no-change,0.53
iOS/SCMessenger/SCMessenger/Transport/SmartTransportRouter.swift,218,cleanupDedupCache,swift,wiring,no-change,0.53
iOS/SCMessenger/SCMessenger/Transport/SmartTransportRouter.swift,403,resetHealth,swift,wiring,no-change,0.53
iOS/SCMessenger/SCMessenger/ViewModels/ContactsViewModel.swift,409,refreshNearbyFilter,swift,wiring,no-change,0.53
iOS/SCMessengerCore.xcframework/ios-arm64-simulator/Headers/SCMessengerCore.swift,5451,uniffiCallbackInitCoreDelegate,swift,wiring,no-change,0.53
iOS/SCMessengerTests/OutboxRetryPolicyTests.swift,31,testTransportSettingsPlanOnlyChangedSupportedTransports,swift,wiring,no-change,0.53
AgentSwarmCline/scmessenger_swarm/observability_tests.rs,42,test_display_format,rust,wiring,no-change,0.52
android/app/src/main/java/com/scmessenger/android/data/MeshRepository.kt,11994,logDeliveryState,kotlin,wiring,guard-early-return,0.52
android/app/src/main/java/com/scmessenger/android/data/MeshRepository.kt,12463,startAllTransports,kotlin,wiring,guard-early-return,0.52
android/app/src/main/java/com/scmessenger/android/data/TopicManager.kt,71,subscribe,kotlin,wiring,result-sealed,0.52
android/app/src/main/java/com/scmessenger/android/service/BootReceiver.kt,79,shouldAutoStart,kotlin,wiring,guard-early-return,0.52
android/app/src/main/java/com/scmessenger/android/service/ServiceHealthMonitor.kt,321,requestManualRestart,kotlin,wiring,result-sealed,0.52
android/app/src/main/java/com/scmessenger/android/transport/NetworkDetector.kt,257,fallbackRank,kotlin,wiring,no-change,0.52
android/app/src/main/java/com/scmessenger/android/transport/ble/BleGattClient.kt,833,scheduleIdentityRefreshReads,kotlin,wiring,coroutine-scope,0.52
android/app/src/main/java/com/scmessenger/android/ui/MainActivity.kt,352,onResume,kotlin,wiring,coroutine-scope,0.52
android/app/src/main/java/com/scmessenger/android/ui/components/EntropyCanvas.kt,39,EntropyCanvas,kotlin,wiring,coroutine-scope,0.52
android/app/src/main/java/com/scmessenger/android/ui/dashboard/TopologyScreen.kt,371,getTransportColor,kotlin,wiring,no-change,0.52
android/app/src/main/java/com/scmessenger/android/ui/viewmodels/ChatViewModel.kt,85,setPeer,kotlin,wiring,coroutine-scope,0.52
android/app/src/main/java/com/scmessenger/android/ui/viewmodels/MainViewModel.kt,413,consumeRequestsInboxNav,kotlin,wiring,flow-collect,0.52
android/app/src/main/java/com/scmessenger/android/ui/viewmodels/SettingsViewModel.kt,772,exportDiagnostics,kotlin,wiring,result-sealed,0.52
android/app/src/main/java/com/scmessenger/android/utils/CircuitBreaker.kt,77,allowRequest,kotlin,wiring,result-sealed,0.52
android/app/src/main/java/com/scmessenger/android/utils/NotificationHelper.kt,646,showPeerDiscoveredNotification,kotlin,wiring,guard-early-return,0.52
android/app/src/main/java/com/scmessenger/android/utils/NotificationHelper.kt,856,hasNotificationPermission,kotlin,wiring,no-change,0.52
android/app/src/test/java/com/scmessenger/android/data/GhostIdentityGateTest.kt,45,live_proven_peer_is_not_ghost,kotlin,wiring,no-change,0.52
android/app/src/test/java/com/scmessenger/android/data/MeshRepositorySeedImportTest.kt,44,fakeContext,kotlin,wiring,no-change,0.52
android/app/src/test/java/com/scmessenger/android/test/ChatViewModelTest.kt,238,`reply arriving on the live stream lands below the message it answers`,kotlin,wiring,flow-collect,0.52
android/app/src/test/java/com/scmessenger/android/transport/MdnsServiceDiscoveryTest.kt,26,setUp,kotlin,wiring,no-change,0.52
android/shared/src/commonMain/kotlin/com/scmessenger/shared/platform/PlatformNetworking.kt,32,getDiscoveredPeers,kotlin,security,result-sealed,0.52
cli/src/transport_bridge.rs,258,get_forwarding_capability,rust,wiring,complete-match,0.52
cli/tests/integration.rs,85,test_ble_daemon_default_unavailable,rust,wiring,no-change,0.52
core/src/crypto/backup.rs,357,test_user_exports_use_argon2id_format_tag,rust,security,propagate-question,0.52
core/src/crypto/backup.rs,385,test_fast_custom_salt_roundtrip,rust,security,propagate-question,0.52
core/src/crypto/encrypt.rs,1888,test_large_plaintext,rust,security,propagate-question,0.52
core/src/drift/policy.rs,61,update_device_state,rust,wiring,propagate-question,0.52
core/src/drift/policy.rs,137,should_reduce,rust,wiring,no-change,0.52
core/src/iron_core.rs,335,hydrated_ledger_manager,rust,wiring,propagate-question,0.52
core/src/mobile_bridge.rs,3872,send_to_all_peers,rust,wiring,propagate-question,0.52
core/src/mobile_bridge.rs,5429,set_none_during_detached_window_wins,rust,wiring,drop-guard,0.52
core/src/mobile_bridge.rs,5534,wifi_aware_subscribe,rust,wiring,propagate-question,0.52
core/src/mobile_bridge.rs,6434,wifi_direct_create_group,rust,wiring,propagate-question,0.52
core/src/privacy/cover.rs,476,test_is_cover_traffic,rust,wiring,no-change,0.52
core/src/relay/findmy.rs,409,test_beacon_manager_is_our_beacon,rust,security,propagate-question,0.52
core/src/relay/peer_exchange.rs,69,to_message,rust,wiring,no-change,0.52
core/src/relay/peer_exchange.rs,166,prune_stale,rust,wiring,handle-local-fallback,0.52
core/src/routing/global.rs,239,is_route_pending_fresh,rust,wiring,no-change,0.52
core/src/routing/local.rs,510,test_gateway_detection,rust,wiring,no-change,0.52
core/src/routing/neighborhood.rs,196,gateways_for_hint,rust,wiring,no-change,0.52
core/src/routing/optimized_engine.rs,443,multipath_mark_path_failed,rust,wiring,propagate-question,0.52
core/src/store/backend.rs,26,new,rust,wiring,no-change,0.52
core/src/store/outbox.rs,1474,can_retry,rust,wiring,no-change,0.52
core/src/store/relay_custody.rs,2940,store_compat_mode_defaults_to_phase_a,rust,wiring,no-change,0.52
core/src/store/storage.rs,62,new,rust,wiring,propagate-question,0.52
core/src/transport/addr_filter.rs,1193,strip_peer_id_does_not_collapse_circuit_to_relay_address,rust,wiring,no-change,0.52
core/src/transport/addr_filter.rs,1354,teredo_checks_both_the_server_and_the_obfuscated_client_ipv4,rust,wiring,no-change,0.52
core/src/transport/ble/scanner.rs,466,test_scan_result_creation,rust,wiring,no-change,0.52
core/src/transport/bootstrap.rs,623,test_dns_discovery,rust,security,propagate-question,0.52
core/src/transport/discovery.rs,90,advertises_identify,rust,wiring,no-change,0.52
core/src/transport/swarm.rs,1032,is_valid_reservation_base,rust,wiring,validate-guard,0.52
core/src/transport/wifi_aware.rs,293,close_data_path,rust,wiring,propagate-question,0.52
core/tests/integration_backup.rs,606,iron_core_fast_backup_tracks_bridge_contact_removals,rust,security,propagate-question,0.52
core/tests/integration_contact_block.rs,141,test_unblock_restores_hidden_message_visibility,rust,security,propagate-question,0.52
core/tests/integration_ironcore_roundtrip.rs,239,test_self_message_roundtrip,rust,security,propagate-question,0.52
core/tests/integration_ledger_seeding_hardening.rs,185,ledger_exchange_response_is_capped_topic_free_and_address_filtered,rust,security,validate-guard,0.52
core/tests/property/message_serialization.rs,19,arb_delivery_status,rust,wiring,no-change,0.52
desktop_bridge/src/desktop_bridge.rs,94,is_running,rust,wiring,propagate-question,0.52
iOS/SCMessenger/SCMessenger/Background/NotificationBackgroundProcessor.swift,139,testConstraintHandling,swift,wiring,result-type,0.52
iOS/SCMessenger/SCMessenger/Data/MeshRepository.swift,1365,writeCachedIdentityInfo,swift,wiring,throws-propagate,0.52
iOS/SCMessenger/SCMessenger/Data/MeshRepository.swift,1531,writeIdentityBackupToKeychain,swift,wiring,throws-propagate,0.52
iOS/SCMessenger/SCMessenger/Data/MeshRepository.swift,6003,toMultiaddrFromSocketAddress,swift,wiring,result-type,0.52
iOS/SCMessenger/SCMessenger/Data/MeshRepository.swift,6424,buildBeacon,swift,wiring,guard-let,0.52
iOS/SCMessenger/SCMessenger/Generated/api.swift,7589,FfiConverterTypeSeedLedgerEntry_lower,swift,wiring,no-change,0.52
iOS/SCMessenger/SCMessenger/Services/NotificationManager.swift,164,title,swift,wiring,no-change,0.52
iOS/SCMessenger/SCMessenger/Transport/BLECentralManager.swift,232,cleanupReconnectionState,swift,wiring,no-change,0.52
iOS/SCMessenger/SCMessenger/Transport/MultipeerTransport.swift,112,scheduleReconnect,swift,wiring,async-await,0.52
iOS/SCMessenger/SCMessenger/Views/Contacts/VerifySafetyNumberSheet.swift,142,formattedDate,swift,wiring,no-change,0.52
iOS/SCMessengerCore.xcframework/ios-arm64-simulator/Headers/SCMessengerCore.swift,144,writeInt,swift,wiring,no-change,0.52
iOS/SCMessengerTests/NotificationVerificationTests.swift,417,testSilentNotificationSetup,swift,wiring,result-type,0.52
patch/if-watch-full/src/lib.rs,35,iter,rust,wiring,return-value,0.52
wasm/src/lib.rs,282,with_storage,rust,wiring,propagate-question,0.52
wasm/src/lib.rs,882,get_audit_log,rust,wiring,handle-local-fallback,0.52
wasm/src/lib.rs,1177,get_contact_manager,rust,wiring,propagate-question,0.52
wasm/src/notification_manager.rs,91,new,rust,wiring,handle-local-fallback,0.52
wasm/src/worker.rs,68,on_push_event,rust,wiring,channel-event,0.52
android/app/src/main/java/com/scmessenger/android/data/GhostIdentityGate.kt,28,isGhost,kotlin,wiring,guard-early-return,0.51
android/app/src/main/java/com/scmessenger/android/data/IdentityCreationCoordinator.kt,159,clearError,kotlin,wiring,no-change,0.51
android/app/src/main/java/com/scmessenger/android/data/MeshRepository.kt,400,attemptWifiThenBleFallback,kotlin,wiring,result-sealed,0.51
android/app/src/main/java/com/scmessenger/android/data/MeshRepository.kt,3802,refreshDiscoveredPeerForContact,kotlin,wiring,split-function,0.51
android/app/src/main/java/com/scmessenger/android/data/MeshRepository.kt,4027,getPlatformSecuredPassphrase,kotlin,wiring,result-sealed,0.51
android/app/src/main/java/com/scmessenger/android/data/MeshRepository.kt,5470,setLocalNickname,kotlin,wiring,split-function,0.51
android/app/src/main/java/com/scmessenger/android/data/MeshRepository.kt,10259,markDeliveredReceiptSeen,kotlin,wiring,mutex-guard,0.51
android/app/src/main/java/com/scmessenger/android/data/TopicManager.kt,167,getSubscribedTopicsList,kotlin,wiring,flow-collect,0.51
android/app/src/main/java/com/scmessenger/android/di/AppModule.kt,73,provideNetworkDetector,kotlin,wiring,no-change,0.51
android/app/src/main/java/com/scmessenger/android/di/AppModule.kt,87,provideNetworkFailureMetrics,kotlin,wiring,no-change,0.51
android/app/src/main/java/com/scmessenger/android/ui/chat/DeliveryStateSurface.kt,50,resolve,kotlin,wiring,result-sealed,0.51
android/app/src/main/java/com/scmessenger/android/ui/chat/MessageBubble.kt,25,MessageBubble,kotlin,wiring,no-change,0.51
android/app/src/main/java/com/scmessenger/android/ui/contacts/AddContactScreen.kt,656,NearbyPeerCard,kotlin,wiring,no-change,0.51
android/app/src/main/java/com/scmessenger/android/ui/viewmodels/ChatViewModel.kt,482,isSameDay,kotlin,wiring,no-change,0.51
android/app/src/main/java/com/scmessenger/android/ui/viewmodels/ContactsViewModel.kt,198,isSameNearbyIdentity,kotlin,wiring,split-function,0.51
android/app/src/main/java/com/scmessenger/android/utils/PeerKeyUtils.kt,34,extractPublicKeyFromPeerId,kotlin,wiring,result-sealed,0.51
android/app/src/test/java/com/scmessenger/android/data/CellTransportBurnDownTest.kt,78,throttleKeyTrimsWhitespaceAndDefaultsBlankPurpose,kotlin,wiring,guard-early-return,0.51
android/app/src/test/java/com/scmessenger/android/service/StopRaceLatchTest.kt,15,resetLatch,kotlin,wiring,mutex-guard,0.51
android/app/src/test/java/com/scmessenger/android/test/MeshRepositoryTest.kt,60,`checkMeshParticipationEnabled handles disabled settings`,kotlin,wiring,no-change,0.51
android/app/src/test/java/com/scmessenger/android/utils/PeerIdValidatorTest.kt,87,`isBlePeerId correctly identifies UUID format`,kotlin,wiring,guard-early-return,0.51
cli/src/ble_mesh.rs,33,address_string,rust,wiring,complete-match,0.51
cli/src/ble_mesh.rs,128,new,rust,wiring,no-change,0.51
cli/src/ledger.rs,1250,test_dialable_addresses_excludes_self_and_hearsay,rust,wiring,no-change,0.51
core/src/crypto/encrypt.rs,1800,test_encrypt_decrypt_roundtrip,rust,security,propagate-question,0.51
core/src/crypto/encrypt.rs,1876,test_empty_plaintext,rust,security,propagate-question,0.51
core/src/crypto/pq/mod.rs,58,from_seed,rust,security,validate-guard,0.51
core/src/crypto/pq/mod.rs,118,test_roundtrip,rust,security,propagate-question,0.51
core/src/crypto/ratchet.rs,1319,derive_root_key_v1,rust,security,propagate-question,0.51
core/src/drift/envelope.rs,903,test_is_expired_in_future,rust,wiring,no-change,0.51
core/src/drift/policy.rs,320,test_scan_interval_override,rust,wiring,no-change,0.51
core/src/drift/rate_limit.rs,132,test_deny_sync_over_limit,rust,wiring,no-change,0.51
core/src/dspy/signatures.rs,57,new,rust,wiring,validate-guard,0.51
core/src/dspy/signatures.rs,75,new,rust,wiring,validate-guard,0.51
core/src/identity/keys.rs,89,is_valid_identity_id,rust,wiring,no-change,0.51
core/src/identity/keys.rs,101,identity_id_from_public_key_hex,rust,wiring,propagate-question,0.51
core/src/iron_core.rs,813,stop,rust,wiring,state-machine,0.51
core/src/iron_core.rs,2604,history_manager,rust,wiring,propagate-question,0.51
core/src/message/types.rs,205,is_recent,rust,wiring,handle-local-fallback,0.51
core/src/mobile_bridge.rs,2587,drop,rust,wiring,drop-guard,0.51
core/src/mobile_bridge.rs,5679,on_entering_foreground,rust,wiring,state-machine,0.51
core/src/mobile_bridge.rs,5853,wifi_aware_stop,rust,wiring,explicit-close,0.51
core/src/mobile_bridge.rs,6465,send_ble_packet,rust,security,validate-guard,0.51
core/src/notification.rs,518,foreground_direct_messages_follow_foreground_toggle,rust,wiring,no-change,0.51
core/src/relay/client.rs,761,test_client,rust,wiring,propagate-question,0.51
core/src/relay/invite.rs,224,new,rust,wiring,propagate-question,0.51
core/src/relay/peer_exchange.rs,242,test_relay_peer_info_creation,rust,wiring,no-change,0.51
core/src/routing/adaptive_ttl.rs,35,new,rust,wiring,no-change,0.51
core/src/routing/adaptive_ttl.rs,44,record_message,rust,wiring,no-change,0.51
core/src/routing/engine.rs,641,test_next_hop_route_discovery,rust,wiring,no-change,0.51
core/src/routing/local.rs,582,test_peers_for_hint_sorted_by_reliability,rust,wiring,no-change,0.51
core/src/routing/negative_cache.rs,145,new,rust,wiring,no-change,0.51
core/src/routing/optimized_engine.rs,431,prune_below,rust,wiring,propagate-question,0.51
core/src/store/backend.rs,169,flush,rust,wiring,propagate-question,0.51
core/src/store/blocked.rs,698,public_key_hex_from_peer_id,rust,wiring,propagate-question,0.51
core/src/transport/addr_filter.rs,1179,strip_peer_id_keeps_plain_address,rust,wiring,no-change,0.51
core/src/transport/ble/scanner.rs,349,time_since_state_change_ms,rust,wiring,handle-local-fallback,0.51
core/src/transport/bootstrap.rs,172,relay_discovery,rust,wiring,no-change,0.51
core/src/transport/circuit_breaker.rs,160,record_success,rust,wiring,state-machine,0.51
core/src/transport/circuit_breaker.rs,354,test_circuit_starts_closed,rust,wiring,no-change,0.51
core/src/transport/manager.rs,1652,test_reconnection_backoff_increases,rust,wiring,no-change,0.51
core/src/transport/multiport.rs,387,test_excluded_ports_filtered,rust,wiring,no-change,0.51
core/src/transport/reflection.rs,111,new,rust,wiring,no-change,0.51
core/src/transport/reflection.rs,296,test_service_enable_disable,rust,wiring,no-change,0.51
core/src/transport/swarm.rs,11816,dns_seed_entries_never_become_dial_candidates,rust,wiring,validate-guard,0.51
core/src/wasm_support/mesh.rs,230,test_mesh_node_creation,rust,wiring,no-change,0.51
core/tests/integration_backup.rs,156,backup_empty_payload_roundtrip,rust,security,propagate-question,0.51
core/tests/integration_relay_diagnostics.rs,22,get_fallback_relays_returns_empty_by_default,rust,wiring,no-change,0.51
core/tests/integration_storage_relay_node4.rs,231,node4_layer5_memory_zeroization_on_key_drop,rust,security,drop-guard,0.51
core/tests/integration_wifi_aware.rs,36,wifi_aware_create_data_path,rust,wiring,propagate-question,0.51
desktop_bridge/src/desktop_bridge.rs,268,start_ble_scan,rust,wiring,propagate-question,0.51
iOS/SCMessenger/SCMessenger/Data/MeshRepository.swift,3298,importSeedAddresses,swift,wiring,result-type,0.51
iOS/SCMessenger/SCMessenger/Data/MeshRepository.swift,6698,appendDiagnostic,swift,wiring,split-function,0.51
iOS/SCMessenger/SCMessenger/Data/MeshRepository.swift,6786,startStorageMaintenance,swift,wiring,task-cancel,0.51
iOS/SCMessenger/SCMessenger/Transport/BLECentralManager.swift,166,payloadFingerprint,swift,wiring,no-change,0.51
iOS/SCMessenger/SCMessenger/Transport/BLECentralManager.swift,652,validateConnection,swift,wiring,result-type,0.51
wasm/src/mesh.rs,294,unregister_peer,rust,wiring,propagate-question,0.51
wasm/src/worker.rs,160,register,rust,wiring,state-machine,0.51
android/app/src/main/java/com/scmessenger/android/data/MeshRepository.kt,4351,pauseMeshService,kotlin,wiring,coroutine-scope,0.5
android/app/src/main/java/com/scmessenger/android/data/MeshRepository.kt,4521,resolveToIdentityId,kotlin,wiring,result-stdlib,0.5
android/app/src/main/java/com/scmessenger/android/data/MeshRepository.kt,7708,updateDeviceState,kotlin,wiring,coroutine-scope,0.5
android/app/src/main/java/com/scmessenger/android/data/MeshRepository.kt,11464,startNetworkChangeWatch,kotlin,wiring,coroutine-scope,0.5
android/app/src/main/java/com/scmessenger/android/transport/WifiAwareTransport.kt,546,cleanup,kotlin,wiring,coroutine-scope,0.5
android/app/src/main/java/com/scmessenger/android/transport/WifiDirectTransport.kt,533,cleanup,kotlin,wiring,coroutine-scope,0.5
android/app/src/main/java/com/scmessenger/android/ui/MeshApp.kt,177,MeshNavHost,kotlin,wiring,split-function,0.5
android/app/src/main/java/com/scmessenger/android/ui/chat/MessageInput.kt,23,MessageInput,kotlin,wiring,no-change,0.5
android/app/src/main/java/com/scmessenger/android/ui/join/JoinMeshScreen.kt,389,parseAndJoin,kotlin,security,result-sealed,0.5
android/app/src/main/java/com/scmessenger/android/ui/viewmodels/MeshServiceViewModel.kt,174,formatBytes,kotlin,wiring,no-change,0.5
android/app/src/test/java/com/scmessenger/android/data/NicknameAuthorityTest.kt,14,normalizeNickname,kotlin,wiring,no-change,0.5
android/app/src/test/java/com/scmessenger/android/test/ChatViewModelTest.kt,155,record,kotlin,wiring,no-change,0.5
android/app/src/test/java/com/scmessenger/android/transport/MdnsDnsaddrInteropTest.kt,110,`explicit peer-id keys still take precedence over dnsaddr`,kotlin,wiring,no-change,0.5
android/app/src/test/java/com/scmessenger/android/ui/viewmodels/ConversationsViewModelTest.kt,150,`isBlocked delegates to repository and returns correct value`,kotlin,wiring,no-change,0.5
android/app/src/test/java/com/scmessenger/android/ui/viewmodels/MeshServiceViewModelTest.kt,103,`getStatsText returns formatted stats`,kotlin,wiring,flow-collect,0.5
android/app/src/test/java/com/scmessenger/android/utils/ContactDisplayNameTest.kt,44,`only localNickname - rendered alone`,kotlin,wiring,no-change,0.5
android/app/src/test/java/com/scmessenger/android/utils/ContactImportParserTest.kt,9,`parses iOS identity QR contract with peer id and routing fields`,kotlin,security,guard-early-return,0.5
android/app/src/test/java/com/scmessenger/android/utils/DiagnosticsShareControllerTest.kt,139,tempRoot,kotlin,wiring,result-stdlib,0.5
android/shared/src/desktopMain/kotlin/com/scmessenger/shared/desktop/Main.kt,50,main,kotlin,wiring,split-function,0.5
cli/src/api.rs,1492,generate_run_id,rust,wiring,propagate-question,0.5
cli/src/api_axum.rs,724,start_api_server,rust,security,validate-guard,0.5
cli/src/main.rs,2324,auto_reply_rate_limited,rust,wiring,no-change,0.5
cli/src/seed_dial.rs,15,next_delay,rust,wiring,no-change,0.5
cli/src/server.rs,1845,resolvable_from_authenticated_envelope_key,rust,security,validate-guard,0.5
core/src/crypto/proptest_harness.rs,31,arb_plaintext,rust,wiring,no-change,0.5
core/src/crypto/ratchet.rs,232,reconstruct,rust,wiring,validate-guard,0.5
core/src/drift/policy.rs,248,test_profile_reduced_at_boundary_low,rust,wiring,no-change,0.5
core/src/drift/rate_limit.rs,89,cleanup_expired,rust,wiring,no-change,0.5
core/src/drift/store.rs,410,test_merge_non_overlapping_stores,rust,wiring,no-change,0.5
core/src/dspy/modules.rs,38,fingerprint,rust,wiring,no-change,0.5
core/src/dspy/modules.rs,270,build_security_audit_pipeline,rust,wiring,propagate-question,0.5
core/src/iron_core.rs,2626,custody_get_registration_state_info,rust,wiring,propagate-question,0.5
core/src/iron_core.rs,4507,enforce_storage_pressure,rust,wiring,propagate-question,0.5
core/src/lib.rs,158,get_build_provenance,rust,wiring,handle-local-fallback,0.5
core/src/mobile_bridge.rs,2680,drop,rust,wiring,drop-guard,0.5
core/src/mobile_bridge.rs,4121,get_peers_blocking,rust,wiring,propagate-question,0.5
core/src/mobile_bridge.rs,4382,is_device_blocked,rust,wiring,propagate-question,0.5
core/src/mobile_bridge.rs,5545,wifi_direct_connect,rust,wiring,propagate-question,0.5
core/src/mobile_bridge.rs,5743,wifi_aware_stop,rust,wiring,propagate-question,0.5
core/src/mobile_bridge.rs,6225,proximity_oversize_payload_rejected_per_transport_outbound,rust,wiring,validate-guard,0.5
core/src/privacy/onion.rs,776,test_tampered_hybrid_layer_fails_cleanly,rust,security,validate-guard,0.5
core/src/relay/delegate_prewarm.rs,162,new,rust,wiring,no-change,0.5
core/src/routing/engine.rs,450,make_message_id,rust,wiring,no-change,0.5
core/src/routing/global.rs,549,test_max_routes_per_hint_replacement,rust,wiring,no-change,0.5
core/src/routing/global.rs,615,test_remove_routes_via_peer,rust,wiring,no-change,0.5
core/src/routing/global.rs,797,test_complex_routing_scenario,rust,wiring,propagate-question,0.5
core/src/routing/multipath.rs,119,mark_path_failed,rust,wiring,return-value,0.5
core/src/routing/negative_cache.rs,59,for_peer_cache,rust,wiring,no-change,0.5
core/src/routing/negative_cache.rs,413,test_bloom_filter_false_positive_rate,rust,wiring,no-change,0.5
core/src/routing/neighborhood.rs,764,test_evict_stalest_skips_fresh_burst,rust,wiring,no-change,0.5
core/src/routing/optimized_engine.rs,233,is_discovery_in_progress,rust,wiring,no-change,0.5
core/src/routing/timeout_budget.rs,41,next,rust,wiring,state-machine,0.5
core/src/store/dedup.rs,137,aggregate,rust,wiring,no-change,0.5
core/src/store/inbox.rs,273,all_messages,rust,wiring,propagate-question,0.5
core/src/store/ledger_entry.rs,1790,import_seed_entries_with_mode,rust,wiring,propagate-question,0.5
core/src/transport/abstraction.rs,206,fmt,rust,wiring,no-change,0.5
core/src/transport/addr_filter.rs,453,is_disclosable_multiaddr,rust,wiring,propagate-question,0.5
core/src/transport/addr_filter.rs,874,rejects_non_routable_ipv6_in_every_mode,rust,wiring,no-change,0.5
core/src/transport/addr_filter.rs,1299,nat64_local_use_prefix_uses_the_rfc6052_48_embedding,rust,wiring,no-change,0.5
core/src/transport/ble/beacon.rs,175,test_beacon_builder_creates_beacon,rust,security,propagate-question,0.5
core/src/transport/ble/l2cap.rs,70,with_mtu,rust,wiring,validate-guard,0.5
core/src/transport/hint_store.rs,39,now_unix,rust,wiring,propagate-question,0.5
core/src/transport/hint_store.rs,49,transport_only,rust,wiring,no-change,0.5
core/src/transport/manager.rs,1529,test_tick_cleanup,rust,wiring,drop-guard,0.5
core/src/transport/manager.rs,1667,test_reconnection_backoff_capped_at_max,rust,wiring,no-change,0.5
core/src/transport/reflection.rs,227,test_request_creation,rust,wiring,no-change,0.5
core/src/transport/reputation.rs,480,test_rate_limit_multiplier,rust,wiring,no-change,0.5
core/src/transport/wifi_direct.rs,176,stop_discovery,rust,wiring,propagate-question,0.5
core/tests/integration_backup.rs,143,backup_custom_salt_roundtrip,rust,security,propagate-question,0.5
core/tests/integration_drift_mule.rs,25,mesh_store_insert_and_dedup,rust,wiring,no-change,0.5
core/tests/integration_ratchet_persistence.rs,26,ratchet_session_persistence_roundtrip,rust,security,validate-guard,0.5
core/tests/integration_ratchet_persistence.rs,278,ratchet_persistence_zeroizes_json,rust,security,drop-guard,0.5
core/tests/test_and06_public_key_vector_parity.rs,76,y_values_at_or_above_p_are_rejected,rust,wiring,validate-guard,0.5
desktop_bridge/src/desktop_bridge.rs,64,get_xdg_paths,rust,wiring,no-change,0.5
iOS/SCMessenger/SCMessenger/Data/MeshRepository.swift,227,receiptRetryDelaySeconds,swift,wiring,no-change,0.5
iOS/SCMessenger/SCMessenger/Data/MeshRepository.swift,3850,getRegistrationState,swift,wiring,guard-let,0.5
iOS/SCMessenger/SCMessenger/Data/MeshRepository.swift,4859,isSamePeerId,swift,wiring,no-change,0.5
iOS/SCMessenger/SCMessenger/Generated/api.swift,5719,lower,swift,wiring,defer-cleanup,0.5
iOS/SCMessenger/SCMessenger/Services/IosPlatformBridge.swift,181,wifiDirectRemoveGroup,swift,wiring,result-type,0.5
iOS/SCMessenger/SCMessenger/Transport/BLECentralManager.swift,551,scheduleIdentityRefreshReads,swift,wiring,async-await,0.5
iOS/SCMessenger/SCMessenger/Views/Navigation/MainTabView.swift,130,openRequestsInbox,swift,wiring,no-change,0.5
iOS/SCMessengerTests/NotificationVerificationTests.swift,586,testNotificationRequestCreation,swift,wiring,no-change,0.5
iOS/SCMessengerTests/NotificationVerificationTests.swift,672,testNotificationPermissionStates,swift,wiring,guard-let,0.5
wasm/src/lib.rs,1380,update_disk_stats,rust,wiring,propagate-question,0.5
android/app/src/main/java/com/scmessenger/android/data/MeshRepository.kt,1060,recordMessageTransportAck,kotlin,wiring,mutex-guard,0.49
android/app/src/main/java/com/scmessenger/android/data/MeshRepository.kt,6590,importSeedAddresses,kotlin,wiring,result-sealed,0.49
android/app/src/main/java/com/scmessenger/android/data/MeshRepository.kt,7304,getPendingTerminalFailureCode,kotlin,wiring,result-sealed,0.49
android/app/src/main/java/com/scmessenger/android/data/MeshRepository.kt,12537,formatDiagnosticsReportForUser,kotlin,wiring,result-sealed,0.49
android/app/src/main/java/com/scmessenger/android/service/AndroidPlatformBridge.kt,262,initializeMotionDetection,kotlin,wiring,callback-flow,0.49
android/app/src/main/java/com/scmessenger/android/service/AndroidPlatformBridge.kt,478,wifiAwareSubscribe,kotlin,wiring,result-sealed,0.49
android/app/src/main/java/com/scmessenger/android/service/AnrWatchdog.kt,51,watchdogLoop,kotlin,wiring,coroutine-scope,0.49
android/app/src/main/java/com/scmessenger/android/service/AnrWatchdog.kt,260,isMainThreadResponsive,kotlin,wiring,mutex-guard,0.49
android/app/src/main/java/com/scmessenger/android/service/ServiceHealthMonitor.kt,96,resetHealthStats,kotlin,wiring,mutex-guard,0.49
android/app/src/main/java/com/scmessenger/android/transport/WifiTransportManager.kt,35,onReceive,kotlin,wiring,guard-early-return,0.49
android/app/src/main/java/com/scmessenger/android/transport/ble/BleGattClient.kt,86,getConnectedDeviceAddresses,kotlin,wiring,mutex-guard,0.49
android/app/src/main/java/com/scmessenger/android/transport/ble/BleGattServer.kt,66,setIdentityData,kotlin,wiring,guard-early-return,0.49
android/app/src/main/java/com/scmessenger/android/ui/screens/ContactsScreen.kt,551,NearbyPeerItem,kotlin,wiring,no-change,0.49
android/app/src/main/java/com/scmessenger/android/ui/screens/DashboardScreen.kt,203,PeerItem,kotlin,wiring,split-function,0.49
android/app/src/main/java/com/scmessenger/android/ui/viewmodels/ChatViewModel.kt,404,incrementAttemptCount,kotlin,wiring,result-sealed,0.49
android/app/src/main/java/com/scmessenger/android/ui/viewmodels/ContactsViewModel.kt,121,normalizeNickname,kotlin,wiring,no-change,0.49
android/app/src/main/java/com/scmessenger/android/ui/viewmodels/ContactsViewModel.kt,285,observeNearbyPeers,kotlin,wiring,split-function,0.49
android/app/src/main/java/com/scmessenger/android/utils/ApkShareManager.kt,137,isSiteLocalIpv4,kotlin,wiring,guard-early-return,0.49
android/app/src/main/java/com/scmessenger/android/utils/NotificationHelper.kt,82,shouldPostGroupSummary,kotlin,wiring,no-change,0.49
android/app/src/test/java/com/scmessenger/android/data/CellTransportBurnDownTest.kt,43,publicIpv4IsStillAdmitted,kotlin,wiring,no-change,0.49
android/app/src/test/java/com/scmessenger/android/data/ReceiptUnificationTest.kt,267,`guard itself flags the historical bare-json wire format`,kotlin,wiring,no-change,0.49
android/app/src/test/java/com/scmessenger/android/test/MeshRepositoryTest.kt,81,`disabled helper remains false regardless of budget values`,kotlin,wiring,no-change,0.49
android/app/src/test/java/com/scmessenger/android/utils/ContactImportParserTest.kt,86,`listener list capped at six entries to match deep-link path`,kotlin,wiring,result-sealed,0.49
android/app/src/test/java/com/scmessenger/android/utils/PeerIdValidatorTest.kt,23,`accepts well formed sha256 multihash peer ids`,kotlin,wiring,no-change,0.49
android/app/src/test/java/com/scmessenger/android/utils/PeerIdValidatorTest.kt,141,hexLower,kotlin,wiring,no-change,0.49
cli/src/ble_daemon.rs,250,new,rust,wiring,propagate-question,0.49
cli/src/ledger.rs,633,dial_state,rust,wiring,no-change,0.49
cli/src/main.rs,713,test_relay_healthy_from_ts_recent,rust,wiring,no-change,0.49
cli/src/main.rs,1788,cmd_contact,rust,wiring,propagate-question,0.49
core/src/crypto/backup.rs,373,test_fast_encrypt_decrypt_roundtrip,rust,security,propagate-question,0.49
core/src/crypto/ratchet.rs,1176,handle_incoming_pq_fields,rust,wiring,propagate-question,0.49
core/src/drift/compress.rs,25,test_compress_decompress_roundtrip,rust,wiring,propagate-question,0.49
core/src/iron_core.rs,4889,record_spam_signal,rust,wiring,propagate-question,0.49
core/src/iron_core.rs,6490,wp1_recovery_binds_derived_key_and_survives_restart,rust,security,propagate-question,0.49
core/src/mobile_bridge.rs,4387,current_timestamp,rust,wiring,propagate-question,0.49
core/src/mobile_bridge.rs,4435,test_safety_number_is_order_independent_for_valid_keys,rust,wiring,no-change,0.49
core/src/mobile_bridge.rs,5252,wifi_direct_discover_peers,rust,wiring,return-value,0.49
core/src/mobile_bridge.rs,5693,wifi_direct_discover_peers,rust,wiring,propagate-question,0.49
core/src/mobile_bridge.rs,5815,same_thread_echo_after_intervening_stash_keeps_latest_state,rust,wiring,state-machine,0.49
core/src/mobile_bridge.rs,6005,wifi_direct_discover_peers,rust,wiring,return-value,0.49
core/src/mobile_bridge.rs,6043,send_proximity_packet,rust,security,validate-guard,0.49
core/src/privacy/onion.rs,662,test_construct_onion_mixed_path,rust,security,propagate-question,0.49
core/src/relay/delegate_prewarm.rs,88,new,rust,wiring,no-change,0.49
core/src/relay/server.rs,522,test_stats_tracking,rust,wiring,no-change,0.49
core/src/routing/engine.rs,118,new,rust,wiring,propagate-question,0.49
core/src/routing/global.rs,324,remove_routes_via,rust,wiring,no-change,0.49
core/src/routing/global.rs,408,test_add_route_basic,rust,wiring,no-change,0.49
core/src/routing/negative_cache.rs,64,hash_positions,rust,wiring,no-change,0.49
core/src/routing/negative_cache.rs,325,prune_below_confidence,rust,wiring,validate-guard,0.49
core/src/store/dedup.rs,200,aggregate_stats_are_correct,rust,wiring,no-change,0.49
core/src/store/inbox.rs,141,is_duplicate,rust,wiring,handle-local-fallback,0.49
core/src/store/inbox.rs,252,messages_from,rust,wiring,propagate-question,0.49
core/src/store/outbox.rs,1001,queue_keys_with_messages,rust,wiring,propagate-question,0.49
core/src/store/relay_custody.rs,2059,identity_related,rust,wiring,no-change,0.49
core/src/store/sweeper.rs,108,test_sweep_no_expired_messages,rust,wiring,no-change,0.49
core/src/transport/abstraction.rs,306,test_transport_capabilities_for_wifi_aware,rust,wiring,no-change,0.49
core/src/transport/ble/scanner.rs,314,set_wifi_available,rust,wiring,propagate-question,0.49
core/src/transport/internet.rs,522,current_unix_timestamp,rust,wiring,propagate-question,0.49
core/src/transport/mesh_routing.rs,1286,one_relay_cannot_exceed_its_route_quota,rust,wiring,no-change,0.49
core/src/transport/observation.rs,53,new,rust,wiring,no-change,0.49
core/src/transport/swarm.rs,1602,new,rust,wiring,no-change,0.49
core/src/transport/swarm.rs,11191,peer_id_public_key_extraction_roundtrips_for_ed25519_peers,rust,security,propagate-question,0.49
core/src/transport/swarm.rs,12258,peer_topic,rust,wiring,validate-guard,0.49
core/src/wasm_support/mesh.rs,164,get_messages_for_hint,rust,wiring,propagate-question,0.49
core/src/wasm_support/storage.rs,125,get,rust,wiring,drop-guard,0.49
core/tests/integration_e2e.rs,152,test_e2e_persistent_message_flow,rust,security,propagate-question,0.49
core/tests/integration_pq_verification_suite.rs,48,test_pqc_02_ratchet_cadence,rust,security,propagate-question,0.49
core/tests/mocks/routing.rs,103,test_mock_routing_reset,rust,wiring,no-change,0.49
core/tests/mocks/transport.rs,45,remove_peer,rust,wiring,no-change,0.49
core/tests/property/encryption_roundtrip.rs,211,test_empty_plaintext_roundtrip,rust,security,propagate-question,0.49
core/tests/property/identity_roundtrip.rs,199,test_device_metadata_regenerated_after_import,rust,security,propagate-question,0.49
desktop_bridge/src/desktop_bridge.rs,210,set_delegate,rust,wiring,propagate-question,0.49
desktop_bridge/src/lib.rs,39,xdg_config_dir,rust,wiring,handle-local-fallback,0.49
iOS/SCMessenger/SCMessenger/ContactManagerFix.swift,71,add,swift,wiring,throws-propagate,0.49
iOS/SCMessenger/SCMessenger/Data/MeshRepository.swift,2930,promoteMatchingLedgerSeeds,swift,wiring,guard-let,0.49
iOS/SCMessenger/SCMessenger/Generated/api.swift,136,writeBytes,swift,wiring,no-change,0.49
iOS/SCMessenger/SCMessenger/Generated/api.swift,6468,write,swift,wiring,throws-propagate,0.49
iOS/SCMessenger/SCMessenger/Transport/mDNSServiceDiscovery.swift,132,stopAdvertising,swift,wiring,defer-cleanup,0.49
iOS/SCMessenger/SCMessenger/ViewModels/SettingsViewModel.swift,235,updateDiscoveryMode,swift,wiring,async-await,0.49
iOS/SCMessenger/SCMessenger/Views/Contacts/ContactsListView.swift,659,makeUIViewController,swift,wiring,no-change,0.49
iOS/SCMessengerCore.xcframework/ios-arm64-simulator/Headers/SCMessengerCore.swift,468,write,swift,wiring,throws-propagate,0.49
iOS/SCMessengerTests/NotificationVerificationTests.swift,18,setUp,swift,wiring,defer-cleanup,0.49
wasm/src/lib.rs,912,get_privacy_config,rust,wiring,propagate-question,0.49
wasm/src/mesh.rs,264,get_peer_count,rust,wiring,no-change,0.49
wasm/src/storage.rs,64,new,rust,wiring,handle-local-fallback,0.49
android/app/src/main/java/com/scmessenger/android/data/MeshRepository.kt,314,decidePendingOutboxFlushAction,kotlin,wiring,split-function,0.48
android/app/src/main/java/com/scmessenger/android/data/MeshRepository.kt,4085,restoreIdentityFromBackup,kotlin,security,result-sealed,0.48
android/app/src/main/java/com/scmessenger/android/data/MeshRepository.kt,6872,performStartupDialSweep,kotlin,wiring,coroutine-scope,0.48
android/app/src/main/java/com/scmessenger/android/data/MeshRepository.kt,6901,triggerTransportRescan,kotlin,wiring,coroutine-scope,0.48
android/app/src/main/java/com/scmessenger/android/notification/NotificationActionReceiver.kt,135,handleMute,kotlin,wiring,coroutine-scope,0.48
android/app/src/main/java/com/scmessenger/android/service/AnrWatchdog.kt,99,handleAnrWarning,kotlin,wiring,split-function,0.48
android/app/src/main/java/com/scmessenger/android/service/MeshForegroundService.kt,648,createSimpleForegroundNotification,kotlin,wiring,split-function,0.48
android/app/src/main/java/com/scmessenger/android/transport/ble/BleBackoffStrategy.kt,41,reset,kotlin,wiring,no-change,0.48
android/app/src/main/java/com/scmessenger/android/ui/settings/MeshSettingsScreen.kt,288,SliderSetting,kotlin,wiring,no-change,0.48
android/app/src/main/java/com/scmessenger/android/ui/viewmodels/DashboardViewModel.kt,813,isNearby,kotlin,wiring,split-function,0.48
android/app/src/main/java/com/scmessenger/android/ui/viewmodels/SettingsViewModel.kt,725,setAutoAdjust,kotlin,wiring,coroutine-scope,0.48
android/app/src/main/java/com/scmessenger/android/utils/NotificationHelper.kt,697,createReplyIntent,kotlin,wiring,guard-early-return,0.48
android/app/src/main/java/com/scmessenger/android/utils/Permissions.kt,144,hasMdnsPermissions,kotlin,wiring,no-change,0.48
android/app/src/test/java/com/scmessenger/android/data/NicknameAuthorityTest.kt,17,isSyntheticFallbackNickname,kotlin,wiring,guard-early-return,0.48
android/app/src/test/java/com/scmessenger/android/test/ContactsViewModelTest.kt,90,`addContact validates key and persists contact`,kotlin,wiring,guard-early-return,0.48
android/app/src/test/java/com/scmessenger/android/test/MeshRepositoryTest.kt,97,`checkMeshParticipationEnabled never throws for enabled settings across repeated calls`,kotlin,wiring,no-change,0.48
android/app/src/test/java/com/scmessenger/android/test/MockTestHelper.kt,77,createMockIronCore,kotlin,wiring,no-change,0.48
android/app/src/test/java/com/scmessenger/android/transport/MdnsDnsaddrInteropTest.kt,157,`our own peer id advertised by a Rust-style record is filtered as self`,kotlin,wiring,no-change,0.48
android/app/src/test/java/com/scmessenger/android/ui/identity/IdentityViewModelTest.kt,72,`isLoading is true when coordinator state is Restoring`,kotlin,wiring,coroutine-scope,0.48
android/app/src/test/java/com/scmessenger/android/utils/DeepLinkValidatorTest.kt,356,`tcp port zero is rejected`,kotlin,wiring,guard-early-return,0.48
android/app/src/test/java/com/scmessenger/android/utils/PeerIdValidatorCurveVectorTest.kt,62,`y values at or above p are rejected`,kotlin,wiring,no-change,0.48
cli/src/ledger.rs,200,run_legacy_migration,rust,wiring,propagate-question,0.48
cli/src/ledger.rs,1025,test_peer_dial_state_success_reset,rust,wiring,state-machine,0.48
cli/src/ledger.rs,1238,test_recorded_connection_is_dialable_candidate,rust,wiring,no-change,0.48
cli/src/transport_bridge.rs,243,register_peer_capabilities,rust,wiring,validate-guard,0.48
cli/src/watchdog.rs,61,new,rust,wiring,no-change,0.48
cli/tests/integration_mesh_acceptance.rs,44,fixture_nodes,rust,wiring,no-change,0.48
core/src/abuse/reputation.rs,212,test_neutral_peer_has_neutral_score,rust,wiring,no-change,0.48
core/src/abuse/reputation.rs,219,test_positive_signals_increase_score,rust,wiring,no-change,0.48
core/src/bin/gen_kotlin.rs,128,main,rust,wiring,split-function,0.48
core/src/drift/policy.rs,132,set_battery_floor_override,rust,wiring,validate-guard,0.48
core/src/drift/policy.rs,353,test_relay_budget_standard,rust,wiring,no-change,0.48
core/src/drift/store.rs,100,with_capacity,rust,wiring,no-change,0.48
core/src/drift/sync.rs,534,test_sync_message_frame_types,rust,wiring,complete-match,0.48
core/src/dspy/signatures.rs,21,new,rust,wiring,validate-guard,0.48
core/src/dspy/teleprompt.rs,311,test_golden_examples_fingerprint,rust,wiring,no-change,0.48
core/src/iron_core.rs,2405,update_disk_stats,rust,wiring,propagate-question,0.48
core/src/iron_core.rs,3553,outbox_contains_for_recipient,rust,wiring,propagate-question,0.48
core/src/iron_core.rs,4900,record_outbound_message,rust,wiring,propagate-question,0.48
core/src/iron_core.rs,5326,step2_test_sender_id_uses_public_key_not_identity_id,rust,wiring,propagate-question,0.48
core/src/lib.rs,258,can_retry,rust,wiring,no-change,0.48
core/src/mobile_bridge.rs,4038,shutdown,rust,wiring,propagate-question,0.48
core/src/mobile_bridge.rs,4106,get_runtime_handle,rust,wiring,handle-local-fallback,0.48
core/src/mobile_bridge.rs,5256,wifi_direct_connect,rust,wiring,propagate-question,0.48
core/src/mobile_bridge.rs,5526,on_entering_background,rust,wiring,channel-event,0.48
core/src/mobile_bridge.rs,6015,wifi_direct_remove_group,rust,wiring,propagate-question,0.48
core/src/mobile_bridge.rs,6417,wifi_aware_publish,rust,wiring,propagate-question,0.48
core/src/relay/peer_exchange.rs,250,test_mark_seen,rust,wiring,no-change,0.48
core/src/relay/peer_exchange.rs,352,test_get_peer,rust,wiring,propagate-question,0.48
core/src/routing/engine.rs,517,test_layer_access,rust,wiring,no-change,0.48
core/src/routing/negative_cache.rs,384,default,rust,wiring,no-change,0.48
core/src/routing/negative_cache.rs,444,test_negative_cache_expiry,rust,wiring,no-change,0.48
core/src/routing/negative_cache.rs,484,test_negative_cache_capacity,rust,wiring,no-change,0.48
core/src/routing/neighborhood.rs,809,test_evict_stalest_defers_fresh_burst,rust,wiring,no-change,0.48
core/src/routing/optimized_engine.rs,313,record_unreachable_peer,rust,wiring,propagate-question,0.48
core/src/routing/timeout_budget.rs,31,estimated_duration,rust,wiring,no-change,0.48
core/src/store/dedup.rs,194,get_dedup_stats_returns_none_for_unknown,rust,wiring,no-change,0.48
core/src/store/inbox.rs,100,new,rust,wiring,no-change,0.48
core/src/store/ledger_entry.rs,4217,annotate_identity_refuses_dns_forms_too,rust,wiring,validate-guard,0.48
core/src/store/outbox.rs,1479,suppress_on_custody,rust,wiring,no-change,0.48
core/src/store/outbox.rs,1516,make_msg,rust,wiring,handle-local-fallback,0.48
core/src/transport/dial_policy.rs,332,prune_old_entries,rust,wiring,drop-guard,0.48
core/src/transport/internet.rs,787,test_nat_traversal_relay_circuit,rust,security,propagate-question,0.48
core/src/transport/mesh_routing.rs,452,start_delivery,rust,wiring,propagate-question,0.48
core/src/transport/mesh_routing.rs,893,test_reputation_calculation,rust,wiring,no-change,0.48
core/src/transport/mesh_routing.rs,967,test_multi_path_delivery,rust,wiring,state-machine,0.48
core/src/transport/mesh_routing.rs,1105,pruning_is_amortised_not_per_insert,rust,wiring,no-change,0.48
core/src/transport/multiport.rs,290,test_generate_listen_addresses_ipv4_only,rust,wiring,no-change,0.48
core/src/transport/reputation.rs,351,record_signal,rust,wiring,propagate-question,0.48
core/src/transport/reputation.rs,434,is_empty,rust,wiring,no-change,0.48
core/src/transport/swarm.rs,901,build_routable_relay_addrs,rust,wiring,validate-guard,0.48
core/src/transport/swarm.rs,11346,target_peer_id_from_multiaddr_uses_circuit_target_not_relay_source,rust,security,validate-guard,0.48
core/src/transport/wifi_direct.rs,479,test_group_owner_intent_low_battery_prefers_client,rust,wiring,no-change,0.48
core/tests/integration_wifi_aware.rs,12,on_ble_data_received,rust,wiring,channel-event,0.48
core/tests/property/encryption_roundtrip.rs,294,test_property_test_strategies_compile,rust,wiring,no-change,0.48
core/tests/test_mesh_routing.rs,14,now_secs,rust,wiring,propagate-question,0.48
iOS/SCMessenger/SCMessenger/Data/MeshRepository.swift,3173,resolveTransportIdentity,swift,wiring,split-function,0.48
iOS/SCMessenger/SCMessenger/Data/MeshRepository.swift,4065,resetServiceStats,swift,wiring,guard-let,0.48
iOS/SCMessenger/SCMessenger/Data/MeshRepository.swift,5762,loadPendingOutbox,swift,wiring,result-type,0.48
iOS/SCMessenger/SCMessenger/Data/MeshRepository.swift,5913,sameSubnet24,swift,wiring,guard-let,0.48
iOS/SCMessenger/SCMessenger/Data/MeshRepository.swift,6400,scheduleIdentityBeaconRefresh,swift,wiring,task-cancel,0.48
iOS/SCMessenger/SCMessenger/Transport/BLEPeripheralManager.swift,126,broadcastDataToCentrals,swift,wiring,async-await,0.48
iOS/SCMessenger/SCMessenger/Transport/MultipeerTransport.swift,79,appendRepositoryDiagnostic,swift,wiring,async-await,0.48
iOS/SCMessenger/SCMessenger/Transport/MultipeerTransport.swift,229,startBrowsing,swift,wiring,guard-let,0.48
iOS/SCMessenger/SCMessenger/Transport/mDNSServiceDiscovery.swift,64,stopBrowsing,swift,wiring,defer-cleanup,0.48
iOS/SCMessengerCore.xcframework/ios-arm64-simulator/Headers/SCMessengerCore.swift,183,lower,swift,wiring,no-change,0.48
iOS/SCMessengerCore.xcframework/ios-arm64-simulator/Headers/SCMessengerCore.swift,6072,write,swift,wiring,throws-propagate,0.48
iOS/SCMessengerTests/NotificationVerificationTests.swift,448,setUp,swift,wiring,defer-cleanup,0.48
wasm/src/connection_state.rs,99,close,rust,wiring,propagate-question,0.48
wasm/src/notification_manager.rs,323,detect_browser,rust,wiring,propagate-question,0.48
wasm/src/transport.rs,1182,stop,rust,wiring,drop-guard,0.48
android/app/src/main/java/com/scmessenger/android/data/MeshRepository.kt,94,federatedKeyConflict,kotlin,wiring,guard-early-return,0.47
android/app/src/main/java/com/scmessenger/android/data/MeshRepository.kt,4366,resumeMeshService,kotlin,wiring,coroutine-scope,0.47
android/app/src/main/java/com/scmessenger/android/data/MeshRepository.kt,5251,setNickname,kotlin,wiring,coroutine-scope,0.47
android/app/src/main/java/com/scmessenger/android/data/MeshRepository.kt,7267,getConnectionPathState,kotlin,wiring,result-sealed,0.47
android/app/src/main/java/com/scmessenger/android/data/MeshRepository.kt,9327,resolveCanonicalPeerIdFromMessageHints,kotlin,wiring,split-function,0.47
android/app/src/main/java/com/scmessenger/android/data/MeshRepository.kt,10805,relayCircuitAddressesForPeer,kotlin,wiring,split-function,0.47
android/app/src/main/java/com/scmessenger/android/service/ServiceHealthMonitor.kt,246,notifyServiceRestartInitiated,kotlin,wiring,no-change,0.47
android/app/src/main/java/com/scmessenger/android/transport/ble/BleAdvertiser.kt,258,run,kotlin,wiring,split-function,0.47
android/app/src/main/java/com/scmessenger/android/transport/ble/BleGattServer.kt,453,handleReassembly,kotlin,security,guard-early-return,0.47
android/app/src/main/java/com/scmessenger/android/transport/ble/BleGattServer.kt,550,notifyCharacteristicChangedSafe,kotlin,wiring,result-sealed,0.47
android/app/src/main/java/com/scmessenger/android/ui/MeshApp.kt,498,roleBasedBottomNavItems,kotlin,wiring,no-change,0.47
android/app/src/main/java/com/scmessenger/android/ui/components/Identicon.kt,104,generatePattern,kotlin,wiring,guard-early-return,0.47
android/app/src/main/java/com/scmessenger/android/ui/contacts/AddContactScreen.kt,564,ScanningState,kotlin,wiring,no-change,0.47
android/app/src/main/java/com/scmessenger/android/ui/dashboard/PeerListScreen.kt,260,isSyntheticFallbackNickname,kotlin,wiring,guard-early-return,0.47
android/app/src/main/java/com/scmessenger/android/ui/identity/IdentityProgressDisplay.kt,40,IdentityProgressDisplay,kotlin,wiring,flow-collect,0.47
android/app/src/main/java/com/scmessenger/android/ui/screens/DashboardScreen.kt,44,DashboardScreen,kotlin,wiring,split-function,0.47
android/app/src/main/java/com/scmessenger/android/ui/viewmodels/ChatViewModel.kt,254,clearInput,kotlin,wiring,no-change,0.47
android/app/src/main/java/com/scmessenger/android/ui/viewmodels/DashboardViewModel.kt,797,isRecent,kotlin,wiring,guard-early-return,0.47
android/app/src/main/java/com/scmessenger/android/ui/viewmodels/DashboardViewModel.kt,864,isSyntheticFallbackNickname,kotlin,wiring,guard-early-return,0.47
android/app/src/main/java/com/scmessenger/android/ui/viewmodels/SettingsViewModel.kt,745,overrideBleScanInterval,kotlin,wiring,result-sealed,0.47
android/app/src/main/java/com/scmessenger/android/utils/SecurityUtils.kt,75,createEncryptedSharedPreferences,kotlin,security,result-sealed,0.47
android/app/src/main/java/com/scmessenger/android/utils/TimestampUtils.kt,9,toEpochMillis,kotlin,wiring,guard-early-return,0.47
android/app/src/test/java/com/scmessenger/android/data/NicknameAuthorityTest.kt,62,`synthetic pair clears to null`,kotlin,wiring,no-change,0.47
android/app/src/test/java/com/scmessenger/android/utils/PeerIdValidatorCanonicalTest.kt,26,`public key hint wins over libp2p id`,kotlin,wiring,no-change,0.47
android/app/src/test/java/com/scmessenger/android/utils/PeerIdValidatorCurveVectorTest.kt,47,`y equals p minus one is a valid point only with sign bit zero`,kotlin,wiring,no-change,0.47
android/shared/src/commonMain/kotlin/com/scmessenger/shared/viewmodel/ContactsViewModel.kt,40,loadContacts,kotlin,security,result-sealed,0.47
cli/src/api.rs,282,is_api_available,rust,wiring,propagate-question,0.47
cli/src/api_axum.rs,690,export_diagnostics,rust,wiring,handle-local-fallback,0.47
cli/src/ble_daemon.rs,325,scan_for_advertisements,rust,wiring,propagate-question,0.47
cli/src/ble_mesh.rs,91,diagnostic_message_hash,rust,wiring,no-change,0.47
cli/src/ledger.rs,94,record_success,rust,wiring,state-machine,0.47
cli/src/ledger.rs,396,merge_shared_entries,rust,wiring,propagate-question,0.47
cli/src/ledger.rs,410,add_bootstrap,rust,wiring,validate-guard,0.47
cli/src/ledger.rs,945,test_peer_id,rust,wiring,no-change,0.47
cli/src/seed_dial.rs,64,sweep_once,rust,wiring,propagate-question,0.47
core/src/abuse/reputation.rs,183,is_suspicious,rust,wiring,no-change,0.47
core/src/contacts_bridge.rs,36,new,rust,wiring,propagate-question,0.47
core/src/contacts_bridge.rs,444,current_timestamp,rust,wiring,propagate-question,0.47
core/src/crypto/encrypt.rs,1847,test_different_messages_different_ciphertext,rust,security,propagate-question,0.47
core/src/crypto/pq/hybrid.rs,226,test_kat_stability,rust,security,propagate-question,0.47
core/src/drift/policy.rs,194,test_profile_maximum,rust,wiring,no-change,0.47
core/src/drift/policy.rs,362,test_relay_budget_reduced,rust,wiring,no-change,0.47
core/src/drift/policy.rs,480,test_should_reduce_false_for_maximum,rust,wiring,no-change,0.47
core/src/drift/rate_limit.rs,103,peer_sync_count,rust,wiring,no-change,0.47
core/src/drift/store.rs,453,test_merge_commutativity,rust,wiring,no-change,0.47
core/src/dspy/modules.rs,138,new,rust,wiring,validate-guard,0.47
core/src/dspy/signatures.rs,139,signature_fingerprint,rust,wiring,propagate-question,0.47
core/src/dspy/signatures.rs,217,test_signature_fingerprint_format,rust,security,no-change,0.47
core/src/identity/keys.rs,201,log_label,rust,wiring,handle-local-fallback,0.47
core/src/iron_core.rs,4881,auto_block_evaluate_all_tracked,rust,wiring,propagate-question,0.47
core/src/iron_core.rs,6228,onion_enabled_send_fails_closed_when_relay_wrapping_fails,rust,security,validate-guard,0.47
core/src/message/identity_envelope.rs,109,parse_identity_envelope,rust,wiring,propagate-question,0.47
core/src/message/identity_envelope.rs,284,test_parse_rejects_bare_text_and_foreign_schemas,rust,wiring,no-change,0.47
core/src/mobile_bridge.rs,1344,update_device_state,rust,wiring,split-function,0.47
core/src/mobile_bridge.rs,5221,on_ble_data_received,rust,wiring,channel-event,0.47
core/src/mobile_bridge.rs,5537,wifi_aware_create_data_path,rust,wiring,propagate-question,0.47
core/src/mobile_bridge.rs,5551,wifi_direct_remove_group,rust,wiring,propagate-question,0.47
core/src/mobile_bridge.rs,5700,wifi_direct_create_group,rust,wiring,propagate-question,0.47
core/src/mobile_bridge.rs,5892,send_proximity_packet,rust,security,propagate-question,0.47
core/src/notification.rs,438,base_message,rust,wiring,no-change,0.47
core/src/relay/delegate_prewarm.rs,215,refresh_delegate_routes,rust,wiring,propagate-question,0.47
core/src/relay/peer_exchange.rs,50,mark_seen,rust,wiring,handle-local-fallback,0.47
core/src/routing/engine.rs,615,test_next_hop_global_route,rust,wiring,no-change,0.47
core/src/routing/global.rs,92,with_limits,rust,wiring,validate-guard,0.47
core/src/routing/negative_cache.rs,199,new,rust,wiring,no-change,0.47
core/src/routing/negative_cache.rs,427,test_negative_cache_basic,rust,wiring,no-change,0.47
core/src/routing/neighborhood.rs,159,update_gateway_with_energy,rust,wiring,validate-guard,0.47
core/src/routing/neighborhood.rs,714,test_max_gateways_eviction,rust,wiring,no-change,0.47
core/src/routing/resume_prefetch.rs,422,default,rust,wiring,no-change,0.47
core/src/store/history.rs,58,new_received,rust,wiring,propagate-question,0.47
core/src/store/ledger_entry.rs,374,is_dns_multiaddr,rust,wiring,no-change,0.47
core/src/store/ledger_entry.rs,1579,get_preferred_relays,rust,wiring,drop-guard,0.47
core/src/store/ledger_entry.rs,2572,is_locally_verified_pair,rust,wiring,validate-guard,0.47
core/src/store/ledger_entry.rs,2715,seed,rust,wiring,validate-guard,0.47
core/src/store/logs.rs,237,test_install_time_persisted,rust,wiring,no-change,0.47
core/src/store/relay_custody.rs,485,new_with_backends,rust,wiring,propagate-question,0.47
core/src/store/relay_custody.rs,2099,derive_identity_id_from_public_key_hex,rust,wiring,propagate-question,0.47
core/src/transport/addr_filter.rs,832,rejects_non_routable_ipv4_in_every_mode,rust,wiring,no-change,0.47
core/src/transport/behaviour.rs,649,signed_registration_request_verifies_against_matching_public_key,rust,security,validate-guard,0.47
core/src/transport/capability.rs,30,can_forward_for_wasm_returns_false_when_empty,rust,wiring,no-change,0.47
core/src/transport/dial_policy.rs,551,test_connection_established_reset,rust,wiring,state-machine,0.47
core/src/transport/manager.rs,107,default,rust,wiring,no-change,0.47
core/src/transport/swarm.rs,1069,is_poison_circuit_listener,rust,wiring,validate-guard,0.47
core/src/transport/swarm.rs,1216,peer_relay_used,rust,wiring,no-change,0.47
core/src/transport/swarm.rs,1404,note_inbound_attempt_by_ip,rust,wiring,propagate-question,0.47
core/src/transport/swarm.rs,2678,apply_delivery_convergence_marker,rust,wiring,propagate-question,0.47
core/src/transport/swarm.rs,10589,closed_connections_stop_counting_toward_the_zombie_condition,rust,wiring,no-change,0.47
core/tests/integration_ledger_seeding_hardening.rs,741,flood_ledger_exchange,rust,wiring,propagate-question,0.47
core/tests/integration_pq_session.rs,21,test_pq_session_full_send_receive,rust,security,propagate-question,0.47
core/tests/integration_pq_session.rs,350,test_pq_ratchet_cadence_refreshes_shared_secret,rust,security,propagate-question,0.47
core/tests/property/encryption_roundtrip.rs,11,generate_keypair,rust,security,propagate-question,0.47
core/tests/property/message_serialization.rs,65,arb_envelope,rust,wiring,validate-guard,0.47
core/tests/test_and06_live_key_corpus.rs,80,deterministic_seed,rust,wiring,no-change,0.47
core/tests/test_mesh_routing.rs,270,test_relay_tie_break_prefers_latest_successful_path,rust,wiring,no-change,0.47
core/tests/test_mesh_routing.rs,404,test_phases_3_through_6_integration,rust,wiring,split-function,0.47
desktop_bridge/src/desktop_bridge.rs,53,with_storage_path,rust,wiring,validate-guard,0.47
desktop_bridge/src/desktop_bridge.rs,86,stop,rust,wiring,drop-guard,0.47
desktop_bridge/src/tray.rs,71,test_tray_connected_with_peers,rust,wiring,no-change,0.47
iOS/SCMessenger/SCMessenger/Data/MeshRepository.swift,595,contactCount,swift,wiring,result-type,0.47
iOS/SCMessenger/SCMessenger/Data/MeshRepository.swift,1117,initializeAndStartSwarm,swift,wiring,throws-propagate,0.47
iOS/SCMessenger/SCMessenger/Data/MeshRepository.swift,1337,publishIdentityInfo,swift,wiring,throws-propagate,0.47
iOS/SCMessenger/SCMessenger/Data/MeshRepository.swift,2553,resolveCanonicalPeerIdFromMessageHints,swift,wiring,split-function,0.47
iOS/SCMessenger/SCMessenger/Data/MeshRepository.swift,6721,persistDiagnosticLine,swift,wiring,async-await,0.47
iOS/SCMessenger/SCMessenger/Services/CoreDelegateImpl.swift,205,onStatsUpdated,swift,wiring,async-await,0.47
iOS/SCMessenger/SCMessenger/Services/IosPlatformBridge.swift,146,wifiAwareSubscribe,swift,wiring,result-type,0.47
iOS/SCMessenger/SCMessenger/Transport/BLEPeripheralManager.swift,613,peripheralManager,swift,wiring,split-function,0.47
iOS/SCMessenger/SCMessenger/Utils/NotificationLogger.swift,101,getLogEntries,swift,wiring,throws-propagate,0.47
iOS/SCMessenger/SCMessenger/Views/Navigation/MainTabView.swift,271,loadRequestCount,swift,wiring,async-await,0.47
iOS/SCMessengerCore.xcframework/ios-arm64-simulator/Headers/SCMessengerCore.swift,5735,uniffiCallbackInitPlatformBridge,swift,wiring,no-change,0.47
iOS/SCMessengerTests/NotificationVerificationTests.swift,522,testNotificationSuppressionReasons,swift,wiring,no-change,0.47
wasm/src/connection_state.rs,332,drop,rust,wiring,explicit-close,0.47
wasm/src/lib.rs,1386,get_disk_stats,rust,wiring,propagate-question,0.47
wasm/src/lib.rs,2097,from,rust,wiring,no-change,0.47
wasm/src/lib.rs,2244,test_desktop_role_resolution_defaults_to_relay_only_without_identity,rust,security,propagate-question,0.47
wasm/src/worker.rs,96,set_last_sync,rust,wiring,handle-local-fallback,0.47
android/app/src/main/java/com/scmessenger/android/data/MeshRepository.kt,7320,exportDiagnosticsAsync,kotlin,wiring,result-stdlib,0.46
android/app/src/main/java/com/scmessenger/android/data/MeshRepository.kt,7722,clearAdjustmentOverrides,kotlin,wiring,guard-early-return,0.46
android/app/src/main/java/com/scmessenger/android/data/MeshRepository.kt,9917,resolveTransportIdentity,kotlin,wiring,split-function,0.46
android/app/src/main/java/com/scmessenger/android/data/MeshRepository.kt,11246,isSameLanAddress,kotlin,wiring,result-stdlib,0.46
android/app/src/main/java/com/scmessenger/android/data/MeshRepository.kt,12481,getBleQuotaCount,kotlin,wiring,result-stdlib,0.46
android/app/src/main/java/com/scmessenger/android/service/AndroidPlatformBridge.kt,653,checkNetworkState,kotlin,wiring,coroutine-scope,0.46
android/app/src/main/java/com/scmessenger/android/transport/SubnetProbe.kt,255,firstRawTcpCandidate,kotlin,wiring,mutex-guard,0.46
android/app/src/main/java/com/scmessenger/android/transport/TransportManager.kt,350,getActiveTransports,kotlin,wiring,no-change,0.46
android/app/src/main/java/com/scmessenger/android/transport/ble/BleGattClient.kt,184,enqueueGattOp,kotlin,wiring,result-sealed,0.46
android/app/src/main/java/com/scmessenger/android/utils/StorageManager.kt,76,clearCache,kotlin,wiring,result-stdlib,0.46
android/app/src/test/java/com/scmessenger/android/data/BootstrapCandidateMergeTest.kt,76,trimNormalizesWhitespacePaddedEntries,kotlin,wiring,no-change,0.46
android/app/src/test/java/com/scmessenger/android/data/NicknameAuthorityTest.kt,40,`real incoming cannot steal real existing`,kotlin,wiring,no-change,0.46
android/app/src/test/java/com/scmessenger/android/test/MeshForegroundServiceTest.kt,39,`resume resolves to Resume only when both running`,kotlin,wiring,guard-early-return,0.46
android/app/src/test/java/com/scmessenger/android/test/MeshRepositoryTest.kt,45,`isMeshParticipationEnabled false when relay disabled`,kotlin,wiring,no-change,0.46
android/app/src/test/java/com/scmessenger/android/test/MeshRepositoryTest.kt,481,`already-migrated passphrase returns immediately without reading legacy store`,kotlin,wiring,guard-early-return,0.46
android/app/src/test/java/com/scmessenger/android/transport/SubnetProbeDialCandidateTest.kt,26,`websocket port yields no dial candidate`,kotlin,wiring,no-change,0.46
android/app/src/test/java/com/scmessenger/android/transport/ble/BleL2capManagerTest.kt,8,acceptRecoveryBacksOffWithoutAProcessLifetimeFailureCeiling,kotlin,wiring,no-change,0.46
android/app/src/test/java/com/scmessenger/android/ui/viewmodels/ContactsViewModelTest.kt,30,setup,kotlin,wiring,coroutine-scope,0.46
android/app/src/test/java/com/scmessenger/android/utils/ContactDisplayNameTest.kt,108,`resolveLocalNickname preserves real existing over different real incoming`,kotlin,wiring,guard-early-return,0.46
android/app/src/test/java/com/scmessenger/android/utils/DiagnosticsShareControllerTest.kt,37,setup,kotlin,wiring,no-change,0.46
android/app/src/test/java/com/scmessenger/android/utils/PeerIdValidatorTest.kt,18,`accepts well formed ed25519 identity multihash peer ids`,kotlin,wiring,no-change,0.46
android/app/src/test/java/com/scmessenger/android/utils/PeerIdValidatorTest.kt,76,`isSame is case-insensitive only for hex ids`,kotlin,wiring,guard-early-return,0.46
android/app/src/test/java/com/scmessenger/android/utils/SecurityUtilsTest.kt,48,setUp,kotlin,wiring,split-function,0.46
android/shared/src/commonMain/kotlin/com/scmessenger/shared/platform/PlatformNetworking.kt,27,sendMessage,kotlin,security,result-sealed,0.46
cli/src/ble_windows.rs,34,set_message_characteristic,rust,wiring,propagate-question,0.46
cli/src/ledger.rs,1037,test_try_begin_dial_blocks_in_flight_reuse,rust,wiring,no-change,0.46
cli/src/main.rs,708,test_relay_healthy_from_ts_never_established,rust,wiring,no-change,0.46
core/src/abuse/reputation.rs,41,apply_decay,rust,wiring,propagate-question,0.46
core/src/abuse/spam_detection.rs,157,detect_spam,rust,wiring,handle-local-fallback,0.46
core/src/crypto/backup.rs,308,test_custom_salt_encrypt_decrypt,rust,security,propagate-question,0.46
core/src/crypto/negotiation.rs,86,test_negotiate_suite_singleton,rust,wiring,propagate-question,0.46
core/src/crypto/ratchet.rs,310,receiving_chain_state,rust,wiring,no-change,0.46
core/src/drift/relay.rs,129,new,rust,wiring,propagate-question,0.46
core/src/drift/relay.rs,166,network_state,rust,wiring,no-change,0.46
core/src/drift/relay.rs,420,apply_policy_config,rust,wiring,validate-guard,0.46
core/src/drift/store.rs,183,messages_for_recipient,rust,wiring,no-change,0.46
core/src/drift/store.rs,776,test_message_ids,rust,wiring,no-change,0.46
core/src/dspy/modules.rs,250,create_optimizer,rust,wiring,propagate-question,0.46
core/src/identity/keys.rs,887,test_strict_canonical_decoding_matches_rfc8032,rust,wiring,no-change,0.46
core/src/iron_core.rs,2842,routing_update_peer_hints,rust,wiring,validate-guard,0.46
core/src/iron_core.rs,3094,swarm_get_best_relays,rust,wiring,handle-local-fallback,0.46
core/src/iron_core.rs,4980,is_device_blocked,rust,wiring,handle-local-fallback,0.46
core/src/iron_core.rs,6409,on_message_received,rust,wiring,validate-guard,0.46
core/src/message/identity_envelope.rs,214,sample_hints,rust,wiring,no-change,0.46
core/src/mobile_bridge.rs,66,max_payload_size,rust,wiring,no-change,0.46
core/src/mobile_bridge.rs,4135,get_listeners_blocking,rust,wiring,propagate-question,0.46
core/src/mobile_bridge.rs,4164,get_topics_blocking,rust,wiring,propagate-question,0.46
core/src/mobile_bridge.rs,5223,on_entering_foreground,rust,wiring,state-machine,0.46
core/src/mobile_bridge.rs,5574,send_ble_packet,rust,security,propagate-question,0.46
core/src/mobile_bridge.rs,5864,wifi_direct_remove_group,rust,wiring,propagate-question,0.46
core/src/notification_defaults.rs,25,badge_enabled,rust,wiring,no-change,0.46
core/src/privacy/circuit.rs,300,create_test_peers,rust,wiring,no-change,0.46
core/src/relay/bootstrap.rs,272,set_addresses,rust,wiring,validate-guard,0.46
core/src/relay/client.rs,126,set_state,rust,wiring,handle-local-fallback,0.46
core/src/relay/invite.rs,668,is_direct_connection,rust,wiring,no-change,0.46
core/src/relay/invite.rs,1336,test_distance_from_root,rust,wiring,no-change,0.46
core/src/routing/adaptive_ttl.rs,187,test_active_peer_ttl,rust,wiring,no-change,0.46
core/src/routing/negative_cache.rs,543,test_reputation_exemption_recurring_failures,rust,wiring,no-change,0.46
core/src/routing/timeout_budget.rs,271,test_budget_summary,rust,wiring,no-change,0.46
core/src/store/contacts.rs,59,display_name,rust,wiring,handle-local-fallback,0.46
core/src/store/dedup.rs,36,record_duplicate,rust,wiring,no-change,0.46
core/src/store/ledger_entry.rs,3272,ledger_entry_to_shared_never_binds_target_peer_id_to_relay_address,rust,wiring,no-change,0.46
core/src/store/outbox.rs,72,current_unix_secs,rust,wiring,propagate-question,0.46
core/src/store/storage.rs,200,test_update_disk_stats,rust,wiring,propagate-question,0.46
core/src/transport/addr_filter.rs,177,is_globally_routable_ipv4,rust,wiring,validate-guard,0.46
core/src/transport/addr_filter.rs,297,ipv6_permitted,rust,wiring,validate-guard,0.46
core/src/transport/ble/gatt.rs,244,new,rust,wiring,no-change,0.46
core/src/transport/ble/scanner.rs,129,get_recommended_duty_cycle,rust,wiring,complete-match,0.46
core/src/transport/bootstrap.rs,513,discover_dns_bootstrap,rust,wiring,propagate-question,0.46
core/src/transport/escalation.rs,106,should_escalate,rust,wiring,drop-guard,0.46
core/src/transport/escalation.rs,405,test_select_best_transport_low_power,rust,wiring,no-change,0.46
core/src/transport/manager.rs,69,new,rust,wiring,no-change,0.46
core/src/transport/manager.rs,82,dequeue,rust,wiring,no-change,0.46
core/src/transport/multiport.rs,311,test_generate_listen_addresses_custom_ports,rust,wiring,no-change,0.46
core/src/transport/observation.rs,305,get_connection_by_id,rust,wiring,no-change,0.46
core/src/transport/swarm.rs,1919,key,rust,wiring,no-change,0.46
core/src/wasm_support/mesh.rs,100,stop,rust,wiring,state-machine,0.46
core/src/wasm_support/rpc.rs,701,notif_peer_discovered,rust,wiring,propagate-question,0.46
core/src/wasm_support/storage.rs,268,test_store_creation,rust,wiring,no-change,0.46
core/tests/integration_backup.rs,269,iron_core_backup_restore_preserves_ratchet_continuity_and_contacts,rust,security,propagate-question,0.46
core/tests/integration_ironcore_roundtrip.rs,27,make_node_with_routing,rust,wiring,return-value,0.46
core/tests/integration_wan_swarm_node2.rs,856,test_keypair_memory_zeroization_and_hygiene,rust,wiring,drop-guard,0.46
desktop_bridge/src/lib.rs,17,desktop_version,rust,wiring,no-change,0.46
desktop_bridge/src/power.rs,97,set_idle_inhibited,rust,wiring,no-change,0.46
iOS/SCMessenger/SCMessenger/Data/MeshRepository.swift,699,start,swift,wiring,throws-propagate,0.46
iOS/SCMessenger/SCMessenger/Data/MeshRepository.swift,2722,isSyntheticFallbackNickname,swift,wiring,guard-let,0.46
iOS/SCMessenger/SCMessenger/Generated/api.swift,9880,uniffiCallbackInitPlatformBridge,swift,wiring,no-change,0.46
iOS/SCMessenger/SCMessenger/Services/CoreDelegateImpl.swift,155,onMessageSent,swift,wiring,async-await,0.46
iOS/SCMessenger/SCMessenger/Services/CoreDelegateImpl.swift,198,onServiceStateChanged,swift,wiring,async-await,0.46
iOS/SCMessenger/SCMessenger/Transport/BLECentralManager.swift,95,stopScanning,swift,wiring,defer-cleanup,0.46
iOS/SCMessenger/SCMessenger/Transport/SmartTransportRouter.swift,119,getHealth,swift,wiring,no-change,0.46
iOS/SCMessenger/SCMessenger/ViewModels/SettingsViewModel.swift,403,stopService,swift,wiring,guard-let,0.46
iOS/SCMessenger/SCMessenger/Views/Contacts/ContactsListView.swift,274,conversationDisplayName,swift,wiring,guard-let,0.46
iOS/SCMessengerCore.xcframework/ios-arm64/Headers/SCMessengerCore.swift,136,writeBytes,swift,wiring,no-change,0.46
iOS/SCMessengerCore.xcframework/ios-arm64/Headers/SCMessengerCore.swift,3777,FfiConverterTypeMeshSettings_lower,swift,wiring,no-change,0.46
iOS/SCMessengerCore.xcframework/ios-arm64/Headers/SCMessengerCore.swift,5735,uniffiCallbackInitPlatformBridge,swift,wiring,no-change,0.46
wasm/src/lib.rs,867,get_nat_status,rust,wiring,propagate-question,0.46
wasm/src/lib.rs,1330,get_device_id,rust,wiring,no-change,0.46
wasm/src/worker.rs,106,should_sync,rust,wiring,handle-local-fallback,0.46
android/app/src/main/java/com/scmessenger/android/data/MeshRepository.kt,4909,unverifyContact,kotlin,wiring,guard-early-return,0.45
android/app/src/main/java/com/scmessenger/android/data/MeshRepository.kt,5425,reclaimExclusiveFederatedNickname,kotlin,wiring,split-function,0.45
android/app/src/main/java/com/scmessenger/android/data/MeshRepository.kt,7425,emitIdentityDiscoveredIfChanged,kotlin,wiring,mutex-guard,0.45
android/app/src/main/java/com/scmessenger/android/data/MeshRepository.kt,7650,validateSettings,kotlin,wiring,result-sealed,0.45
android/app/src/main/java/com/scmessenger/android/data/MeshRepository.kt,11587,shouldAttemptDial,kotlin,wiring,mutex-guard,0.45
android/app/src/main/java/com/scmessenger/android/data/MeshRepository.kt,11965,getDiagnosticsLogs,kotlin,wiring,result-stdlib,0.45
android/app/src/main/java/com/scmessenger/android/notification/NotificationActionReceiver.kt,102,handleMarkRead,kotlin,wiring,coroutine-scope,0.45
android/app/src/main/java/com/scmessenger/android/service/AnrWatchdog.kt,162,triggerAnrRecovery,kotlin,wiring,split-function,0.45
android/app/src/main/java/com/scmessenger/android/service/ServiceHealthMonitor.kt,192,triggerServiceRecovery,kotlin,wiring,coroutine-scope,0.45
android/app/src/main/java/com/scmessenger/android/transport/WifiAwareTransport.kt,266,initiateDataPath,kotlin,wiring,callback-flow,0.45
android/app/src/main/java/com/scmessenger/android/transport/ble/BleGattClient.kt,197,releaseGattOp,kotlin,wiring,guard-early-return,0.45
android/app/src/main/java/com/scmessenger/android/transport/ble/BleGattServer.kt,71,start,kotlin,wiring,result-sealed,0.45
android/app/src/main/java/com/scmessenger/android/transport/ble/BleGattServer.kt,524,hasBluetoothConnectPermission,kotlin,wiring,no-change,0.45
android/app/src/main/java/com/scmessenger/android/ui/components/StorageWarningBanner.kt,18,StorageWarningBanner,kotlin,wiring,no-change,0.45
android/app/src/main/java/com/scmessenger/android/ui/viewmodels/ContactsViewModel.kt,244,isNearbyPeerContact,kotlin,wiring,no-change,0.45
android/app/src/main/java/com/scmessenger/android/ui/viewmodels/DashboardViewModel.kt,656,normalizePublicKey,kotlin,wiring,result-sealed,0.45
android/app/src/main/java/com/scmessenger/android/ui/viewmodels/DashboardViewModel.kt,862,normalizeNickname,kotlin,wiring,no-change,0.45
android/app/src/main/java/com/scmessenger/android/ui/viewmodels/MainViewModel.kt,393,navigateToRequestsInbox,kotlin,wiring,guard-early-return,0.45
android/app/src/main/java/com/scmessenger/android/utils/SecurityUtils.kt,102,quarantineCorruptPreferences,kotlin,wiring,result-stdlib,0.45
android/app/src/test/java/com/scmessenger/android/data/BootstrapCandidateMergeTest.kt,50,seedSweepIsCappedToPreventPoisonedLedgerFanout,kotlin,wiring,no-change,0.45
android/app/src/test/java/com/scmessenger/android/data/NicknameAuthorityTest.kt,57,`synthetic incoming never beats real existing`,kotlin,wiring,no-change,0.45
android/app/src/test/java/com/scmessenger/android/test/MeshForegroundServiceTest.kt,19,`pause resolves to NoOp when service not running`,kotlin,wiring,guard-early-return,0.45
android/app/src/test/java/com/scmessenger/android/ui/viewmodels/ConversationsViewModelTest.kt,97,`clearConversation delegates to repository and refreshes list`,kotlin,wiring,coroutine-scope,0.45
android/app/src/test/java/com/scmessenger/android/utils/PeerIdValidatorCanonicalTest.kt,19,`libp2p peer id canonicalizes to same key as public key`,kotlin,wiring,guard-early-return,0.45
cli/src/ble_daemon.rs,314,is_available,rust,wiring,no-change,0.45
cli/src/ble_mesh.rs,230,decode_ble_payload_for_ui,rust,wiring,propagate-question,0.45
cli/src/ledger.rs,374,all_known_topics,rust,wiring,propagate-question,0.45
cli/src/transport_bridge.rs,63,detect_cli_capabilities,rust,wiring,no-change,0.45
cli/src/transport_bridge.rs,221,get_available_peer_capabilities,rust,wiring,no-change,0.45
core/src/crypto/encrypt.rs,1938,test_sign_and_verify_envelope,rust,security,propagate-question,0.45
core/src/crypto/encrypt.rs,1999,test_relay_can_verify_without_decrypting,rust,security,propagate-question,0.45
core/src/crypto/ratchet.rs,1520,test_pq_ratchet_step,rust,security,propagate-question,0.45
core/src/drift/policy.rs,302,test_scan_interval_reduced,rust,wiring,no-change,0.45
core/src/drift/policy.rs,471,test_should_reduce_false_for_standard,rust,wiring,no-change,0.45
core/src/identity/keys.rs,1125,test_v1_identity_migration_and_compatibility,rust,security,propagate-question,0.45
core/src/identity/mod.rs,429,test_identity_signature_integration,rust,security,propagate-question,0.45
core/src/iron_core.rs,1272,send_message_status,rust,security,validate-guard,0.45
core/src/iron_core.rs,1640,peek_received_messages,rust,wiring,propagate-question,0.45
core/src/iron_core.rs,4224,get_healthy_relays,rust,wiring,handle-local-fallback,0.45
core/src/mobile_bridge.rs,1668,on_proximity_data_received,rust,wiring,validate-guard,0.45
core/src/mobile_bridge.rs,4174,shutdown_blocking,rust,wiring,propagate-question,0.45
core/src/mobile_bridge.rs,5998,wifi_aware_subscribe,rust,wiring,propagate-question,0.45
core/src/mobile_bridge.rs,6437,wifi_direct_remove_group,rust,wiring,propagate-question,0.45
core/src/relay/bootstrap.rs,87,new,rust,wiring,propagate-question,0.45
core/src/relay/invite.rs,385,is_valid,rust,wiring,propagate-question,0.45
core/src/relay/invite.rs,744,test_invite_token_creation,rust,wiring,no-change,0.45
core/src/relay/peer_exchange.rs,207,exchange_peers,rust,wiring,validate-guard,0.45
core/src/routing/adaptive_ttl.rs,236,test_cleanup_old_entries,rust,wiring,no-change,0.45
core/src/routing/engine.rs,454,make_hint,rust,wiring,no-change,0.45
core/src/routing/engine.rs,572,test_next_hop_direct,rust,wiring,no-change,0.45
core/src/routing/negative_cache.rs,100,contains,rust,wiring,no-change,0.45
core/src/routing/negative_cache.rs,110,false_positive_rate,rust,wiring,validate-guard,0.45
core/src/routing/negative_cache.rs,279,evict_oldest,rust,wiring,no-change,0.45
core/src/routing/timeout_budget.rs,89,current_phase,rust,wiring,no-change,0.45
core/src/routing/timeout_budget.rs,263,test_budget_completion,rust,wiring,no-change,0.45
core/src/store/backend.rs,155,scan_prefix,rust,wiring,propagate-question,0.45
core/src/store/history.rs,43,new_sent,rust,wiring,propagate-question,0.45
core/src/store/inbox.rs,157,receive,rust,wiring,propagate-question,0.45
core/src/store/inbox.rs,412,test_deduplication,rust,wiring,no-change,0.45
core/src/store/inbox.rs,432,test_all_messages,rust,wiring,no-change,0.45
core/src/store/ledger_entry.rs,1147,save,rust,wiring,propagate-question,0.45
core/src/store/ledger_entry.rs,1418,dialable_addresses,rust,wiring,drop-guard,0.45
core/src/store/ledger_entry.rs,4198,record_connection_still_records_loopback_and_lan,rust,wiring,validate-guard,0.45
core/src/store/relay_custody.rs,306,snapshot,rust,wiring,propagate-question,0.45
core/src/store/relay_custody.rs,520,for_local_peer,rust,wiring,propagate-question,0.45
core/src/transport/abstraction.rs,470,test_transport_command_disconnect,rust,wiring,complete-match,0.45
core/src/transport/addr_filter.rs,1085,disclosure_always_drops_private_ranges,rust,wiring,no-change,0.45
core/src/transport/addr_filter.rs,1221,self_address_matches_regardless_of_peer_id_placement,rust,wiring,validate-guard,0.45
core/src/transport/diagnostics.rs,259,routing_telemetry_ring_buffer_capacity,rust,wiring,no-change,0.45
core/src/transport/discovery.rs,118,new,rust,wiring,no-change,0.45
core/src/transport/health.rs,122,record_bytes_received,rust,wiring,handle-local-fallback,0.45
core/src/transport/health.rs,685,uptime_seconds,rust,wiring,handle-local-fallback,0.45
core/src/transport/manager.rs,656,tick,rust,wiring,split-function,0.45
core/src/transport/manager.rs,1106,test_peer_disconnected_event,rust,wiring,no-change,0.45
core/src/transport/mesh_routing.rs,917,test_reputation_probationary_period,rust,wiring,no-change,0.45
core/src/transport/peer_broadcast.rs,92,create_peer_left_message,rust,wiring,no-change,0.45
core/src/transport/swarm.rs,1475,extract_ip_component,rust,wiring,no-change,0.45
core/src/transport/swarm.rs,1960,purge_request_map_for_message,rust,wiring,no-change,0.45
core/src/transport/swarm.rs,2331,flush_outbox_over_swarm,rust,wiring,propagate-question,0.45
core/src/transport/swarm.rs,3639,default_routing_engine_handle,rust,wiring,no-change,0.45
core/src/transport/swarm.rs,11376,relay_circuit_addresses_skip_direct_port_ladder,rust,wiring,panic-invariant-only,0.45
core/src/transport/swarm.rs,11892,inbound_exchange_entry_cap_is_symmetric_and_small,rust,wiring,no-change,0.45
core/src/transport/wifi_aware.rs,643,test_decode_port_tlv_truncated,rust,wiring,no-change,0.45
core/src/transport/wifi_direct.rs,65,compute_group_owner_intent,rust,wiring,no-change,0.45
core/src/wasm_support/mesh.rs,106,state,rust,wiring,drop-guard,0.45
core/src/wasm_support/rpc.rs,708,notif_mesh_topology,rust,wiring,propagate-question,0.45
core/tests/integration_core_ffi_node1.rs,255,test_layer1_and_2_identity_resolution,rust,security,propagate-question,0.45
core/tests/integration_dial_policy.rs,64,test_connection_resets_backoff,rust,wiring,state-machine,0.45
core/tests/integration_dial_policy.rs,348,test_circuit_relay_invalid_addresses_skipped,rust,wiring,validate-guard,0.45
core/tests/integration_ratchet_persistence.rs,20,x25519_public_from_signing,rust,security,propagate-question,0.45
core/tests/integration_wifi_aware.rs,43,wifi_direct_stop_discovery,rust,wiring,propagate-question,0.45
core/tests/integration_wp1_identity_unification.rs,152,a_verified_recipient_still_encrypts,rust,security,propagate-question,0.45
core/tests/integration_ws13_migration.rs,17,pre_ws13_identity_store_backfills_device_id_on_hydrate,rust,security,propagate-question,0.45
core/tests/mocks/routing.rs,67,create_mock_relay_routing,rust,wiring,no-change,0.45
core/tests/seam_freeze_onion.rs,72,collect_construction_call_sites,rust,wiring,return-value,0.45
core/tests/test_mesh_routing.rs,345,test_continuous_retry_never_gives_up,rust,wiring,no-change,0.45
desktop_bridge/src/desktop_bridge.rs,99,get_identity_info,rust,wiring,propagate-question,0.45
desktop_bridge/src/desktop_bridge.rs,275,stop_ble_scan,rust,wiring,propagate-question,0.45
desktop_bridge/src/socket_activation.rs,65,test_no_activation_by_default,rust,wiring,drop-guard,0.45
desktop_bridge/src/xdg_paths.rs,16,resolve_xdg_paths,rust,wiring,propagate-question,0.45
iOS/SCMessenger/SCMessenger/Data/MeshRepository.swift,1101,resumeMeshService,swift,wiring,guard-let,0.45
iOS/SCMessenger/SCMessenger/Data/MeshRepository.swift,2749,selectCanonicalPeerId,swift,wiring,split-function,0.45
iOS/SCMessenger/SCMessenger/Data/MeshRepository.swift,4001,setAutoAdjustEnabled,swift,wiring,async-await,0.45
iOS/SCMessenger/SCMessenger/Data/MeshRepository.swift,4598,parseRoutingInfo,swift,wiring,result-type,0.45
iOS/SCMessenger/SCMessenger/Data/MeshRepository.swift,6087,relayCircuitAddresses,swift,wiring,split-function,0.45
iOS/SCMessenger/SCMessenger/Data/MeshRepository.swift,6220,persistRouteHintsForTransportPeer,swift,wiring,throws-propagate,0.45
iOS/SCMessenger/SCMessenger/Data/MeshRepository.swift,7289,isSame,swift,wiring,no-change,0.45
iOS/SCMessenger/SCMessenger/Transport/BLEPeripheralManager.swift,246,cleanupReconnectionState,swift,wiring,no-change,0.45
iOS/SCMessenger/SCMessenger/Transport/MultipeerTransport.swift,267,sendDataToAll,swift,wiring,throws-propagate,0.45
iOS/SCMessenger/SCMessenger/Transport/MultipeerTransport.swift,336,session,swift,wiring,guard-let,0.45
iOS/SCMessenger/SCMessenger/Utils/NotificationLogger.swift,48,logTestResult,swift,wiring,result-type,0.45
iOS/SCMessenger/SCMessenger/ViewModels/SettingsViewModel.swift,425,exportDiagnostics,swift,wiring,result-type,0.45
iOS/SCMessengerCore.xcframework/ios-arm64-simulator/Headers/SCMessengerCore.swift,3501,write,swift,wiring,throws-propagate,0.45
iOS/SCMessengerCore.xcframework/ios-arm64/Headers/SCMessengerCore.swift,3368,write,swift,wiring,throws-propagate,0.45
iOS/SCMessengerTests/NotificationVerificationTests.swift,496,testBackgroundAndForegroundIntegration,swift,wiring,split-function,0.45
wasm/src/lib.rs,2187,test_desktop_identity_flow_exposes_metadata_after_init,rust,security,propagate-question,0.45
wasm/src/storage.rs,330,test_storage_creation,rust,wiring,no-change,0.45
wasm/src/worker.rs,259,on_notification,rust,wiring,propagate-question,0.45
AgentSwarmCline/scmessenger_swarm/observability_tests.rs,65,test_unicode_in_message_id,rust,wiring,no-change,0.44
android/app/src/main/java/com/scmessenger/android/MeshApplication.kt,93,onTerminate,kotlin,wiring,coroutine-scope,0.44
android/app/src/main/java/com/scmessenger/android/data/MeshRepository.kt,279,shouldStopAckedWithoutReceiptRetries,kotlin,wiring,guard-early-return,0.44
android/app/src/main/java/com/scmessenger/android/data/MeshRepository.kt,991,markMessageCorrupted,kotlin,wiring,result-sealed,0.44
android/app/src/main/java/com/scmessenger/android/data/MeshRepository.kt,4042,restoreIdentityFromBackup,kotlin,wiring,result-sealed,0.44
android/app/src/main/java/com/scmessenger/android/data/MeshRepository.kt,6090,grantConsent,kotlin,wiring,result-sealed,0.44
android/app/src/main/java/com/scmessenger/android/data/MeshRepository.kt,10901,createEmergencyContact,kotlin,wiring,result-sealed,0.44
android/app/src/main/java/com/scmessenger/android/service/AndroidPlatformBridge.kt,132,setWifiAwareTransport,kotlin,wiring,guard-early-return,0.44
android/app/src/main/java/com/scmessenger/android/service/AnrWatchdog.kt,157,recordRecoveryEvent,kotlin,wiring,no-change,0.44
android/app/src/main/java/com/scmessenger/android/transport/MdnsServiceDiscovery.kt,118,peerIdFromDnsaddr,kotlin,wiring,result-stdlib,0.44
android/app/src/main/java/com/scmessenger/android/transport/SubnetProbe.kt,311,enumerateLocalIPv4Addresses,kotlin,wiring,result-stdlib,0.44
android/app/src/main/java/com/scmessenger/android/transport/WifiAwareTransport.kt,78,start,kotlin,wiring,result-sealed,0.44
android/app/src/main/java/com/scmessenger/android/transport/WifiAwareTransport.kt,102,stop,kotlin,wiring,mutex-guard,0.44
android/app/src/main/java/com/scmessenger/android/transport/ble/BleAdvertiser.kt,206,startAdvertisingInternal,kotlin,wiring,result-sealed,0.44
android/app/src/main/java/com/scmessenger/android/ui/components/Identicon.kt,140,IdenticonFromPeerId,kotlin,wiring,guard-early-return,0.44
android/app/src/main/java/com/scmessenger/android/ui/screens/DashboardScreen.kt,308,StatusCard,kotlin,wiring,no-change,0.44
android/app/src/main/java/com/scmessenger/android/ui/screens/DiagnosticsScreen.kt,61,refreshLogs,kotlin,wiring,coroutine-scope,0.44
android/app/src/main/java/com/scmessenger/android/ui/screens/SettingsScreen.kt,596,MeshSettingsSection,kotlin,wiring,no-change,0.44
android/app/src/main/java/com/scmessenger/android/ui/viewmodels/ContactsViewModel.kt,133,selectAuthoritativeNickname,kotlin,wiring,split-function,0.44
android/app/src/main/java/com/scmessenger/android/ui/viewmodels/MeshServiceViewModel.kt,150,applyTransportSettings,kotlin,wiring,result-sealed,0.44
android/app/src/main/java/com/scmessenger/android/ui/viewmodels/SettingsViewModel.kt,879,handleBleFailure,kotlin,wiring,result-sealed,0.44
android/app/src/main/java/com/scmessenger/android/utils/BackoffStrategy.kt,98,nextDelay,kotlin,wiring,mutex-guard,0.44
android/app/src/test/java/com/scmessenger/android/data/IdentityUnificationCanonicalIdTest.kt,221,`canonical hex peer_id bound to itself is self-certifying`,kotlin,security,guard-early-return,0.44
android/app/src/test/java/com/scmessenger/android/test/MeshForegroundServiceTest.kt,112,`stop decision recorded via latch does not block a later explicit start`,kotlin,wiring,mutex-guard,0.44
android/app/src/test/java/com/scmessenger/android/test/UniffiIntegrationTest.kt,26,setupLibraryPath,kotlin,wiring,guard-early-return,0.44
android/app/src/test/java/com/scmessenger/android/ui/viewmodels/ContactsViewModelTest.kt,245,`refreshDiscovery calls meshRepository replayDiscoveredPeerEvents at least once`,kotlin,wiring,coroutine-scope,0.44
android/app/src/test/java/com/scmessenger/android/utils/ContactDisplayNameTest.kt,16,contact,kotlin,wiring,no-change,0.44
android/app/src/test/java/com/scmessenger/android/utils/DeepLinkValidatorTest.kt,173,`multiaddr with invalid IPv4 octets is dropped`,kotlin,wiring,guard-early-return,0.44
android/app/src/test/java/com/scmessenger/android/utils/DeepLinkValidatorTest.kt,187,`whitespace-only string is dropped`,kotlin,wiring,guard-early-return,0.44
android/shared/src/desktopMain/kotlin/com/scmessenger/shared/platform/PlatformNetworking.desktop.kt,20,sendMessage,kotlin,wiring,result-stdlib,0.44
cli/src/api.rs,1286,export_diagnostics,rust,wiring,handle-local-fallback,0.44
cli/src/api.rs,1337,handle_get_connection_path_state,rust,wiring,propagate-question,0.44
cli/src/ble_mesh.rs,1046,ingest_unfragmented_passthrough,rust,wiring,return-value,0.44
cli/src/bootstrap.rs,30,default_bootstrap_nodes,rust,wiring,handle-local-fallback,0.44
cli/src/config.rs,283,list,rust,wiring,handle-local-fallback,0.44
cli/src/main.rs,1364,get_local_transport_addresses,rust,wiring,propagate-question,0.44
cli/tests/integration_message_requests.rs,40,make_ctx,rust,wiring,propagate-question,0.44
core/src/abuse/reputation.rs,229,test_negative_signals_decrease_score,rust,wiring,no-change,0.44
core/src/crypto/encrypt.rs,1862,test_sender_public_key_in_envelope,rust,security,propagate-question,0.44
core/src/drift/envelope.rs,444,increment_hop,rust,wiring,no-change,0.44
core/src/drift/policy.rs,335,test_relay_budget_maximum,rust,wiring,no-change,0.44
core/src/drift/policy.rs,344,test_relay_budget_high,rust,wiring,no-change,0.44
core/src/drift/relay.rs,547,test_deliver_local,rust,security,validate-guard,0.44
core/src/drift/store.rs,125,insert,rust,wiring,handle-local-fallback,0.44
core/src/dspy/signatures.rs,210,test_blake3_hash_different_inputs,rust,wiring,no-change,0.44
core/src/iron_core.rs,5326,step2_test_sender_id_uses_public_key_not_identity_id,rust,security,propagate-question,0.44
core/src/iron_core.rs,5546,crypto01_spoofed_payload_sender_id_cannot_decide_attribution,rust,security,validate-guard,0.44
core/src/mobile_bridge.rs,4447,test_fresh_install_without_identity_resolves_headless_mode_with_persisted_key,rust,security,propagate-question,0.44
core/src/mobile_bridge.rs,5697,wifi_direct_connect,rust,wiring,propagate-question,0.44
core/src/mobile_bridge.rs,5731,send_proximity_packet,rust,security,propagate-question,0.44
core/src/mobile_bridge.rs,5992,send_ble_packet,rust,wiring,propagate-question,0.44
core/src/mobile_bridge.rs,6427,wifi_direct_discover_peers,rust,wiring,propagate-question,0.44
core/src/mobile_bridge.rs,6493,wifi_aware_stop,rust,wiring,propagate-question,0.44
core/src/privacy/timing.rs,373,test_exponential_distribution_bias,rust,wiring,no-change,0.44
core/src/relay/bootstrap.rs,522,test_shape_check_does_not_detect_tampering,rust,wiring,no-change,0.44
core/src/relay/server.rs,244,remove_peer,rust,wiring,drop-guard,0.44
core/src/routing/global.rs,532,test_max_routes_per_hint,rust,wiring,no-change,0.44
core/src/routing/global.rs,757,test_pending_requests_cleanup,rust,wiring,no-change,0.44
core/src/routing/local.rs,452,test_peers_for_hint,rust,wiring,no-change,0.44
core/src/routing/negative_cache.rs,270,cleanup_expired,rust,wiring,no-change,0.44
core/src/routing/optimized_engine.rs,228,current_discovery_phase,rust,wiring,no-change,0.44
core/src/routing/resume_prefetch.rs,63,is_fresh,rust,wiring,no-change,0.44
core/src/routing/timeout_budget.rs,177,is_final_phase,rust,wiring,no-change,0.44
core/src/store/ledger_entry.rs,15,current_timestamp,rust,wiring,handle-local-fallback,0.44
core/src/store/outbox.rs,976,resolve_queue_key,rust,wiring,propagate-question,0.44
core/src/store/outbox.rs,1025,flush_queue_key,rust,wiring,propagate-question,0.44
core/src/store/relay_custody.rs,3022,phase_a_enforces_ws13_device_mismatch,rust,security,validate-guard,0.44
core/src/transport/addr_filter.rs,708,strip_peer_id,rust,wiring,propagate-question,0.44
core/src/transport/addr_filter.rs,918,private_ranges_follow_network_mode,rust,wiring,no-change,0.44
core/src/transport/addr_filter.rs,1022,remote_supplied_dns_cannot_hide_behind_a_circuit_marker,rust,wiring,validate-guard,0.44
core/src/transport/addr_filter.rs,1213,strip_peer_id_of_bare_p2p_is_empty,rust,wiring,no-change,0.44
core/src/transport/ble/gatt.rs,542,test_gatt_characteristic_all_variants,rust,wiring,no-change,0.44
core/src/transport/ble/scanner.rs,198,new,rust,wiring,handle-local-fallback,0.44
core/src/transport/circuit_breaker.rs,281,get_open_circuits,rust,wiring,no-change,0.44
core/src/transport/diagnostics.rs,141,now_ms,rust,wiring,propagate-question,0.44
core/src/transport/escalation.rs,167,current_transport,rust,wiring,no-change,0.44
core/src/transport/escalation.rs,379,test_select_best_transport_high_bandwidth,rust,wiring,no-change,0.44
core/src/transport/internet.rs,429,can_accept_relay,rust,wiring,no-change,0.44
core/src/transport/mesh_routing.rs,254,best_relays,rust,wiring,no-change,0.44
core/src/transport/mesh_routing.rs,458,add_relay,rust,wiring,propagate-question,0.44
core/src/transport/reputation.rs,460,test_successful_delivery_increases_score,rust,wiring,no-change,0.44
core/src/transport/swarm.rs,1104,is_canonical_reservation_addr,rust,wiring,no-change,0.44
core/src/transport/swarm.rs,2463,transport_type_to_routing_transport,rust,wiring,complete-match,0.44
core/src/transport/swarm.rs,2485,transport_quality_score,rust,wiring,validate-guard,0.44
core/src/transport/swarm.rs,11276,identify_log_dedup_suppresses_within_ttl,rust,wiring,drop-guard,0.44
core/src/transport/wifi_aware.rs,854,test_bandwidth_estimation,rust,wiring,no-change,0.44
core/src/wasm_support/mesh.rs,111,get_identity_info,rust,wiring,propagate-question,0.44
core/src/wasm_support/mesh.rs,431,test_identity_management,rust,wiring,no-change,0.44
core/tests/integration_e00_ratchet_wiring.rs,90,test_ratchet_roundtrip_two_messages,rust,security,propagate-question,0.44
core/tests/integration_recency_map_bounds.rs,71,pruning_uses_a_hysteresis_band,rust,wiring,no-change,0.44
core/tests/integration_wan_swarm_node2.rs,164,test_transport_manager_reconnection_backoff_and_tick,rust,security,validate-guard,0.44
core/tests/mocks/mod.rs,36,test_mock_transport,rust,wiring,no-change,0.44
core/tests/property/message_serialization.rs,10,arb_message_type,rust,wiring,no-change,0.44
core/tests/test_address_observation.rs,10,test_address_observation_between_peers,rust,wiring,channel-event,0.44
desktop_bridge/src/desktop_bridge.rs,169,get_power_state,rust,wiring,propagate-question,0.44
desktop_bridge/src/tray.rs,18,build_tray_status,rust,wiring,no-change,0.44
iOS/SCMessenger/SCMessenger/Data/MeshRepository.swift,2745,isBlePeerId,swift,wiring,no-change,0.44
iOS/SCMessenger/SCMessenger/Data/MeshRepository.swift,3520,displayNameForPeer,swift,wiring,guard-let,0.44
iOS/SCMessenger/SCMessenger/Services/IosPlatformBridge.swift,156,wifiAwareStop,swift,wiring,result-type,0.44
iOS/SCMessenger/SCMessenger/Transport/BLECentralManager.swift,152,connectedPeripheralIds,swift,wiring,guard-let,0.44
iOS/SCMessenger/SCMessenger/Utils/QRCodeGenerator.swift,18,image,swift,wiring,guard-let,0.44
iOS/SCMessenger/SCMessenger/Views/Dashboard/MeshDashboardView.swift,360,markPeer,swift,wiring,split-function,0.44
iOS/SCMessenger/SCMessenger/Views/Dashboard/MeshDashboardView.swift,501,isIdentityId,swift,wiring,no-change,0.44
iOS/SCMessengerCore.xcframework/ios-arm64/Headers/SCMessengerCore.swift,144,writeInt,swift,wiring,no-change,0.44
wasm/src/notification_manager.rs,432,get_user_agent,rust,wiring,propagate-question,0.44
wasm/src/storage.rs,169,get_unread_messages,rust,wiring,no-change,0.44
wasm/src/worker.rs,86,clear_notifications,rust,wiring,no-change,0.44
wasm/src/worker.rs,320,test_push_notification_handler_should_sync,rust,wiring,no-change,0.44
android/app/src/main/java/com/scmessenger/android/data/MeshRepository.kt,4532,canonicalContactId,kotlin,wiring,result-sealed,0.43
android/app/src/main/java/com/scmessenger/android/data/MeshRepository.kt,7669,computeBleAdjustment,kotlin,wiring,result-sealed,0.43
android/app/src/main/java/com/scmessenger/android/data/MeshRepository.kt,7691,setRelayBudget,kotlin,wiring,coroutine-scope,0.43
android/app/src/main/java/com/scmessenger/android/data/MeshRepository.kt,9380,encodeMeshMessagePayload,kotlin,wiring,result-sealed,0.43
android/app/src/main/java/com/scmessenger/android/data/MeshRepository.kt,11635,startStorageMaintenance,kotlin,wiring,coroutine-scope,0.43
android/app/src/main/java/com/scmessenger/android/data/MeshRepository.kt,11926,cleanup,kotlin,wiring,split-function,0.43
android/app/src/main/java/com/scmessenger/android/data/MeshRepository.kt,12238,backupCorruptedDatabase,kotlin,wiring,result-stdlib,0.43
android/app/src/main/java/com/scmessenger/android/di/AppModule.kt,57,provideNetworkDiagnostics,kotlin,wiring,no-change,0.43
android/app/src/main/java/com/scmessenger/android/service/AndroidPlatformBridge.kt,371,sendBlePacket,kotlin,wiring,result-sealed,0.43
android/app/src/main/java/com/scmessenger/android/service/PerformanceMonitor.kt,141,getHealthStatus,kotlin,wiring,result-stdlib,0.43
android/app/src/main/java/com/scmessenger/android/transport/ble/BleScanner.kt,426,currentFilters,kotlin,wiring,no-change,0.43
android/app/src/main/java/com/scmessenger/android/ui/screens/SettingsScreen.kt,1152,PrivacySection,kotlin,wiring,no-change,0.43
android/app/src/main/java/com/scmessenger/android/ui/viewmodels/MainViewModel.kt,407,consumeChatNav,kotlin,wiring,flow-collect,0.43
android/app/src/main/java/com/scmessenger/android/ui/viewmodels/MeshServiceViewModel.kt,183,formatDuration,kotlin,wiring,no-change,0.43
android/app/src/main/java/com/scmessenger/android/utils/DeepLinkValidator.kt,54,validateMultiaddr,kotlin,wiring,result-sealed,0.43
android/app/src/main/java/com/scmessenger/android/utils/InstallPayload.kt,56,parseInstallPayloadUri,kotlin,wiring,result-stdlib,0.43
android/app/src/main/java/com/scmessenger/android/utils/NotificationHelper.kt,249,buildForegroundServiceNotification,kotlin,wiring,guard-early-return,0.43
android/app/src/test/java/com/scmessenger/android/data/BootstrapCandidateMergeTest.kt,57,blankEntriesDroppedFromBothTiers,kotlin,wiring,no-change,0.43
android/app/src/test/java/com/scmessenger/android/data/GhostIdentityGateTest.kt,72,discovered_live_always_renders,kotlin,wiring,guard-early-return,0.43
android/app/src/test/java/com/scmessenger/android/data/IdentityUnificationCanonicalIdTest.kt,191,`blank stored contact key is not a federated key conflict`,kotlin,wiring,guard-early-return,0.43
android/app/src/test/java/com/scmessenger/android/data/NicknameAuthorityTest.kt,46,`real incoming fills empty existing`,kotlin,wiring,guard-early-return,0.43
android/app/src/test/java/com/scmessenger/android/test/MeshRepositoryTest.kt,504,`fresh install generates new passphrase and saves to encrypted store`,kotlin,security,result-sealed,0.43
android/app/src/test/java/com/scmessenger/android/transport/MdnsDnsaddrInteropTest.kt,129,`a dnsaddr without a peer component is still ignored`,kotlin,wiring,no-change,0.43
android/app/src/test/java/com/scmessenger/android/ui/viewmodels/ConversationsViewModelTest.kt,60,`viewModel reloads messages when a new message update is received`,kotlin,wiring,coroutine-scope,0.43
android/app/src/test/java/com/scmessenger/android/ui/viewmodels/MeshServiceViewModelTest.kt,144,`isStorageDegraded reflects repository state`,kotlin,wiring,coroutine-scope,0.43
android/app/src/test/java/com/scmessenger/android/utils/PeerIdValidatorTest.kt,116,"`identity triad strictly categorizes identity hash, public key, and peer id`",kotlin,wiring,no-change,0.43
cli/src/ble_daemon.rs,343,advertise_service,rust,wiring,propagate-question,0.43
cli/src/ble_mesh.rs,209,log_ble_payload_diagnostic,rust,wiring,no-change,0.43
cli/src/ledger.rs,1065,test_try_begin_dial_allows_bootstrap_when_relay_healthy,rust,wiring,no-change,0.43
cli/src/main.rs,89,try_replace_port,rust,wiring,propagate-question,0.43
cli/tests/integration_peer_identified_gate.rs,113,identify_still_records_real_addresses_but_never_verifies,rust,wiring,no-change,0.43
core/src/abuse/auto_block.rs,261,make_engine,rust,wiring,propagate-question,0.43
core/src/abuse/auto_block.rs,318,test_disabled_auto_block,rust,wiring,no-change,0.43
core/src/abuse/spam_detection.rs,417,test_heuristics_only_no_contacts_is_not_spam,rust,wiring,no-change,0.43
core/src/crypto/backup.rs,451,test_oldest_blake3_salt_format_still_decrypts,rust,security,validate-guard,0.43
core/src/crypto/kani_proofs.rs,89,derive_key_always_32_bytes,rust,wiring,no-change,0.43
core/src/crypto/ratchet.rs,304,sending_chain_state,rust,wiring,no-change,0.43
core/src/drift/policy.rs,284,test_scan_interval_high,rust,wiring,no-change,0.43
core/src/drift/sketch.rs,64,xor_out,rust,wiring,no-change,0.43
core/src/drift/store.rs,809,test_merge_with_eviction,rust,wiring,no-change,0.43
core/src/iron_core.rs,116,parse_transport_type,rust,wiring,complete-match,0.43
core/src/iron_core.rs,2975,routing_summary,rust,wiring,propagate-question,0.43
core/src/iron_core.rs,6430,wp1_delegate_receives_authenticated_sender_binding,rust,security,propagate-question,0.43
core/src/mobile_bridge.rs,4632,test_identity_creation_upgrades_resolved_mode_from_headless_to_full,rust,security,propagate-question,0.43
core/src/mobile_bridge.rs,5683,wifi_aware_publish,rust,wiring,propagate-question,0.43
core/src/mobile_bridge.rs,5854,wifi_direct_discover_peers,rust,wiring,propagate-question,0.43
core/src/mobile_bridge.rs,5910,wifi_direct_stop_discovery,rust,wiring,propagate-question,0.43
core/src/mobile_bridge.rs,6426,wifi_aware_stop,rust,wiring,explicit-close,0.43
core/src/privacy/timing.rs,284,test_compute_jitter_exponential,rust,wiring,no-change,0.43
core/src/privacy/timing.rs,299,test_compute_jitter_equal_bounds,rust,wiring,no-change,0.43
core/src/relay/delegate_prewarm.rs,346,create_test_delegate,rust,wiring,propagate-question,0.43
core/src/relay/findmy.rs,301,test_encode_decode_message_flag_false,rust,security,propagate-question,0.43
core/src/routing/neighborhood.rs,130,with_max_staleness,rust,wiring,no-change,0.43
core/src/routing/neighborhood.rs,467,test_gateways_for_hint,rust,wiring,no-change,0.43
core/src/routing/neighborhood.rs,892,test_deduplication_prefers_fresh_data,rust,wiring,no-change,0.43
core/src/routing/resume_prefetch.rs,171,record_message,rust,wiring,no-change,0.43
core/src/routing/resume_prefetch.rs,188,new,rust,wiring,no-change,0.43
core/src/routing/resume_prefetch.rs,299,next_refresh_hint,rust,wiring,no-change,0.43
core/src/routing/resume_prefetch.rs,304,is_prefetch_complete,rust,wiring,no-change,0.43
core/src/store/contacts.rs,1792,test_canonical_hex_dedup_preserves_real_over_synthetic,rust,security,propagate-question,0.43
core/src/store/history.rs,399,count,rust,wiring,handle-local-fallback,0.43
core/src/store/inbox.rs,508,test_drain_received_messages,rust,wiring,no-change,0.43
core/src/store/logs.rs,25,new,rust,wiring,propagate-question,0.43
core/src/store/outbox.rs,301,new,rust,wiring,propagate-question,0.43
core/src/store/relay_custody.rs,3134,test_adoption_stats_start_at_zero,rust,wiring,no-change,0.43
core/src/store/sweeper.rs,19,sweep_expired_messages,rust,wiring,propagate-question,0.43
core/src/transport/addr_filter.rs,533,first_ip_component,rust,wiring,propagate-question,0.43
core/src/transport/addr_filter.rs,1397,disclosure_drops_cgnat_benchmark_reserved_and_test_net_1,rust,wiring,no-change,0.43
core/src/transport/ble/beacon.rs,298,test_beacon_parser_with_custom_rotation_period,rust,security,propagate-question,0.43
core/src/transport/ble/scanner.rs,263,is_active,rust,wiring,no-change,0.43
core/src/transport/ble/scanner.rs,324,get_mode,rust,wiring,no-change,0.43
core/src/transport/bootstrap.rs,639,test_websocket_discovery,rust,wiring,propagate-question,0.43
core/src/transport/dial_policy.rs,155,on_connection_established,rust,wiring,state-machine,0.43
core/src/transport/dial_policy.rs,185,new,rust,wiring,no-change,0.43
core/src/transport/dial_policy.rs,620,test_dial_policy_manager_registration,rust,wiring,no-change,0.43
core/src/transport/discovery.rs,72,allows_mdns,rust,wiring,no-change,0.43
core/src/transport/health.rs,262,new,rust,wiring,no-change,0.43
core/src/transport/health.rs,761,test_global_metrics_health_score,rust,wiring,no-change,0.43
core/src/transport/swarm.rs,3870,google_resolver_config,rust,wiring,propagate-question,0.43
core/tests/integration_backup.rs,508,iron_core_fast_backup_restore_preserves_bridge_contacts,rust,security,propagate-question,0.43
core/tests/integration_drift_mule.rs,70,mesh_store_merge_idempotent,rust,wiring,no-change,0.43
core/tests/integration_e00_drift_v2_diag.rs,410,test_from_bytes_offset_trace,rust,security,validate-guard,0.43
core/tests/integration_ironcore_roundtrip.rs,304,on_peer_identified,rust,wiring,channel-event,0.43
core/tests/integration_nat_reflection.rs,298,test_multiple_address_reflections,rust,security,propagate-question,0.43
core/tests/mocks/transport.rs,80,test_mock_swarm_peer_management,rust,wiring,no-change,0.43
core/tests/test_mesh_routing.rs,119,test_retry_strategy_exponential_backoff,rust,wiring,no-change,0.43
desktop_bridge/src/power.rs,128,test_set_idle_inhibited,rust,wiring,no-change,0.43
iOS/SCMessenger/SCMessenger/Background/NotificationBackgroundProcessor.swift,163,checkNetworkConditions,swift,wiring,result-type,0.43
iOS/SCMessenger/SCMessenger/Data/MeshRepository.swift,1377,getPlatformSecuredPassphrase,swift,wiring,throws-propagate,0.43
iOS/SCMessenger/SCMessenger/Data/MeshRepository.swift,2288,sendIdentitySyncIfNeeded,swift,wiring,split-function,0.43
iOS/SCMessenger/SCMessenger/Data/MeshRepository.swift,3930,reportBattery,swift,wiring,async-await,0.43
iOS/SCMessenger/SCMessenger/Data/MeshRepository.swift,3982,reportMotion,swift,wiring,async-await,0.43
iOS/SCMessenger/SCMessenger/Data/MeshRepository.swift,5515,awaitPeerConnection,swift,wiring,task-cancel,0.43
iOS/SCMessenger/SCMessenger/Data/MeshRepository.swift,6639,shouldAttemptDial,swift,wiring,split-function,0.43
iOS/SCMessenger/SCMessenger/Data/MeshRepository.swift,6683,diagnosticsSnapshot,swift,wiring,no-change,0.43
iOS/SCMessenger/SCMessenger/Generated/api.swift,9339,write,swift,wiring,throws-propagate,0.43
iOS/SCMessenger/SCMessenger/Services/NotificationManager.swift,175,body,swift,wiring,no-change,0.43
iOS/SCMessenger/SCMessenger/Transport/BLECentralManager.swift,342,disconnectAll,swift,wiring,async-await,0.43
iOS/SCMessenger/SCMessenger/Transport/MultipeerTransport.swift,282,disconnect,swift,wiring,defer-cleanup,0.43
iOS/SCMessenger/SCMessenger/Transport/mDNSServiceDiscovery.swift,208,netServiceDidResolveAddress,swift,wiring,split-function,0.43
iOS/SCMessenger/SCMessenger/ViewModels/SettingsViewModel.swift,417,getConnectionPathState,swift,wiring,guard-let,0.43
iOS/SCMessenger/SCMessenger/Views/Dashboard/MeshDashboardView.swift,425,dateFromEpoch,swift,wiring,no-change,0.43
iOS/SCMessenger/SCMessenger/Views/Navigation/MainTabView.swift,296,preferredContact,swift,wiring,split-function,0.43
iOS/SCMessengerCore.xcframework/ios-arm64/Headers/SCMessengerCore.swift,132,createWriter,swift,wiring,result-type,0.43
patch/if-watch/src/lib.rs,28,new,rust,wiring,propagate-question,0.43
android/app/src/main/java/com/scmessenger/android/data/MeshRepository.kt,4579,addContact,kotlin,wiring,split-function,0.42
android/app/src/main/java/com/scmessenger/android/data/MeshRepository.kt,6475,enforceRetention,kotlin,wiring,result-sealed,0.42
android/app/src/main/java/com/scmessenger/android/network/NetworkDiagnostics.kt,64,testInternetConnectivity,kotlin,wiring,use-block,0.42
android/app/src/main/java/com/scmessenger/android/service/AndroidPlatformBridge.kt,225,onCapabilitiesChanged,kotlin,wiring,guard-early-return,0.42
android/app/src/main/java/com/scmessenger/android/service/MeshVpnService.kt,31,onStartCommand,kotlin,wiring,guard-early-return,0.42
android/app/src/main/java/com/scmessenger/android/transport/TransportHealthMonitor.kt,42,getHealth,kotlin,wiring,result-sealed,0.42
android/app/src/main/java/com/scmessenger/android/transport/WifiDirectTransport.kt,57,start,kotlin,wiring,result-sealed,0.42
android/app/src/main/java/com/scmessenger/android/transport/WifiDirectTransport.kt,364,connectToGroupOwner,kotlin,wiring,use-block,0.42
android/app/src/main/java/com/scmessenger/android/transport/ble/BleAdvertiser.kt,62,onStartSuccess,kotlin,wiring,callback-flow,0.42
android/app/src/main/java/com/scmessenger/android/ui/components/StatusIndicator.kt,121,ConnectionQualityIndicator,kotlin,wiring,no-change,0.42
android/app/src/main/java/com/scmessenger/android/ui/viewmodels/ConversationsViewModel.kt,308,blockAndDeletePeer,kotlin,wiring,result-sealed,0.42
android/app/src/main/java/com/scmessenger/android/ui/viewmodels/SettingsViewModel.kt,980,recordConnectionFailure,kotlin,wiring,result-sealed,0.42
android/app/src/main/java/com/scmessenger/android/ui/viewmodels/SettingsViewModel.kt,1073,updateContactDeviceId,kotlin,wiring,result-sealed,0.42
android/app/src/main/java/com/scmessenger/android/utils/ApkShareManager.kt,128,rankIpv4Address,kotlin,wiring,guard-early-return,0.42
android/app/src/main/java/com/scmessenger/android/utils/ContactDisplayName.kt,26,isSyntheticFallbackNickname,kotlin,wiring,guard-early-return,0.42
android/app/src/main/java/com/scmessenger/android/utils/NetworkFailureMetrics.kt,61,hasDnsFailures,kotlin,wiring,result-sealed,0.42
android/app/src/main/java/com/scmessenger/android/utils/StorageManager.kt,163,getDirSize,kotlin,wiring,result-stdlib,0.42
android/app/src/test/java/com/scmessenger/android/data/BootstrapCandidateMergeTest.kt,32,provenCandidatesPassThroughInOrderWithNoSeeds,kotlin,wiring,no-change,0.42
android/app/src/test/java/com/scmessenger/android/test/DeliveryStateMapperTest.kt,78,`exhausted flag does not override a delivered receipt`,kotlin,wiring,no-change,0.42
android/app/src/test/java/com/scmessenger/android/test/ReceiptWindowTest.kt,176,testAckedMessagesFollowAgeCeiling,kotlin,wiring,use-block,0.42
android/app/src/test/java/com/scmessenger/android/utils/DeepLinkValidatorTest.kt,364,`tcp port above 65535 is rejected`,kotlin,wiring,guard-early-return,0.42
android/app/src/test/java/com/scmessenger/android/utils/InstallPayloadTest.kt,79,`malformed inputs return null`,kotlin,wiring,result-sealed,0.42
android/shared/src/commonMain/kotlin/com/scmessenger/shared/platform/PlatformNotifier.kt,16,notify,kotlin,wiring,result-sealed,0.42
cli/src/api.rs,1432,handle_get_discovery_peers,rust,wiring,handle-local-fallback,0.42
cli/src/ble_mesh.rs,964,run_ble_peripheral_advertising,rust,wiring,propagate-question,0.42
cli/src/transport_bridge.rs,315,test_transport_bridge_creation,rust,wiring,no-change,0.42
cli/src/watchdog.rs,211,wp4_poll_interval_tracks_the_threshold,rust,wiring,no-change,0.42
core/src/abuse/spam_detection.rs,397,make_heuristics_only_engine,rust,wiring,propagate-question,0.42
core/src/abuse/spam_detection.rs,409,test_no_contacts_is_not_spam,rust,wiring,no-change,0.42
core/src/drift/policy.rs,230,test_profile_reduced_mid_battery,rust,wiring,no-change,0.42
core/src/drift/store.rs,91,new,rust,wiring,propagate-question,0.42
core/src/drift/store.rs,348,make_envelope,rust,wiring,propagate-question,0.42
core/src/drift/sync.rs,574,test_merge_envelopes_idempotent,rust,wiring,no-change,0.42
core/src/dspy/modules.rs,198,new,rust,wiring,validate-guard,0.42
core/src/dspy/modules.rs,225,validate_input,rust,wiring,no-change,0.42
core/src/identity/keys.rs,75,is_valid_public_key,rust,wiring,propagate-question,0.42
core/src/identity/keys.rs,859,test_public_key_to_peer_id_to_public_key_roundtrip,rust,security,propagate-question,0.42
core/src/iron_core.rs,2819,ratchet_reset_session,rust,wiring,propagate-question,0.42
core/src/message/codec.rs,445,test_decode_envelope_drift_format,rust,security,validate-guard,0.42
core/src/message/codec.rs,511,test_envelope_compression_threshold,rust,security,propagate-question,0.42
core/src/mobile_bridge.rs,1659,on_entering_foreground,rust,wiring,state-machine,0.42
core/src/mobile_bridge.rs,1988,get_all_connection_stats,rust,wiring,propagate-question,0.42
core/src/mobile_bridge.rs,4734,test_compute_behavior_normal_operation,rust,wiring,no-change,0.42
core/src/mobile_bridge.rs,5222,on_entering_background,rust,wiring,channel-event,0.42
core/src/mobile_bridge.rs,5541,wifi_direct_discover_peers,rust,wiring,return-value,0.42
core/src/mobile_bridge.rs,5601,wifi_direct_connect,rust,wiring,propagate-question,0.42
core/src/mobile_bridge.rs,5682,send_proximity_packet,rust,wiring,propagate-question,0.42
core/src/privacy/onion.rs,695,test_construct_onion_classical_only,rust,security,propagate-question,0.42
core/src/relay/delegate_prewarm.rs,105,mark_registered,rust,wiring,state-machine,0.42
core/src/relay/delegate_prewarm.rs,415,test_stats,rust,wiring,no-change,0.42
core/src/relay/invite.rs,1152,test_encoded_invite_leaks_no_third_party_identity,rust,security,validate-guard,0.42
core/src/relay/peer_exchange.rs,138,get_peer,rust,wiring,no-change,0.42
core/src/relay/peer_exchange.rs,271,test_record_failure,rust,wiring,no-change,0.42
core/src/relay/peer_exchange.rs,376,test_get_peers_by_reliability,rust,wiring,propagate-question,0.42
core/src/relay/server.rs,503,test_create_handshake_ack,rust,wiring,complete-match,0.42
core/src/routing/global.rs,639,test_route_request_creation,rust,wiring,no-change,0.42
core/src/routing/local.rs,606,test_cell_summary_generation,rust,wiring,no-change,0.42
core/src/routing/negative_cache.rs,157,refresh,rust,wiring,no-change,0.42
core/src/store/backend.rs,176,approximate_size,rust,wiring,propagate-question,0.42
core/src/store/backend.rs,430,persist_put,rust,wiring,channel-event,0.42
core/src/store/blocked.rs,672,current_timestamp,rust,wiring,propagate-question,0.42
core/src/store/ledger_entry.rs,93,is_dialable_for_this_node,rust,wiring,validate-guard,0.42
core/src/store/ledger_entry.rs,398,evict_one_locked,rust,wiring,split-function,0.42
core/src/store/ledger_entry.rs,550,annotate_identity_locked,rust,wiring,split-function,0.42
core/src/store/ledger_entry.rs,5489,observed_peer_ids_bounded_and_store_capped,rust,wiring,drop-guard,0.42
core/src/store/relay_custody.rs,1640,len,rust,wiring,propagate-question,0.42
core/src/store/transport_memory.rs,20,new,rust,wiring,no-change,0.42
core/src/transport/abstraction.rs,322,test_transport_capabilities_for_internet,rust,wiring,no-change,0.42
core/src/transport/abstraction.rs,427,test_transport_command_send_data,rust,wiring,no-change,0.42
core/src/transport/abstraction.rs,450,test_transport_command_connect,rust,wiring,no-change,0.42
core/src/transport/addr_filter.rs,573,is_private_adjacency_ip,rust,wiring,validate-guard,0.42
core/src/transport/addr_filter.rs,1519,rfc1918_not_disclosable_when_different_private_class,rust,wiring,no-change,0.42
core/src/transport/ble/scanner.rs,94,from_percentage,rust,wiring,no-change,0.42
core/src/transport/ble/scanner.rs,319,get_duty_cycle,rust,wiring,propagate-question,0.42
core/src/transport/diagnostics.rs,96,get_extended_network_diagnostics,rust,wiring,propagate-question,0.42
core/src/transport/dial_policy.rs,654,test_backoff_eligibility,rust,wiring,state-machine,0.42
core/src/transport/health.rs,63,new,rust,wiring,handle-local-fallback,0.42
core/src/transport/manager.rs,551,add_target_peer,rust,wiring,validate-guard,0.42
core/src/transport/manager.rs,1142,test_tick_stale_prune_clears_connected_peers,rust,wiring,state-machine,0.42
core/src/transport/mesh_routing.rs,474,record_recipient_seen_via_relay,rust,wiring,validate-guard,0.42
core/src/transport/mesh_routing.rs,985,test_converge_delivery_clears_pending_retry_attempt,rust,wiring,no-change,0.42
core/src/transport/multiport.rs,75,generate_listen_addresses,rust,wiring,propagate-question,0.42
core/src/transport/observation.rs,132,external_addresses,rust,wiring,no-change,0.42
core/src/transport/peer_broadcast.rs,49,peer_connected,rust,wiring,propagate-question,0.42
core/src/transport/reflection.rs,263,test_service_creation,rust,wiring,no-change,0.42
core/src/transport/wifi_aware.rs,40,encode_port_tlv,rust,wiring,no-change,0.42
core/src/wasm_support/mesh.rs,417,test_relay_configuration,rust,wiring,no-change,0.42
core/src/wasm_support/rpc.rs,715,notif_delivery_status,rust,wiring,propagate-question,0.42
core/tests/integration_backup.rs,23,backup_identity_roundtrip,rust,security,propagate-question,0.42
core/tests/integration_core_ffi_node1.rs,540,test_layer5_memory_zeroization,rust,wiring,drop-guard,0.42
core/tests/integration_ironcore_roundtrip.rs,50,test_two_node_message_roundtrip,rust,security,propagate-question,0.42
core/tests/integration_ironcore_roundtrip.rs,196,test_multiple_messages_roundtrip,rust,security,propagate-question,0.42
core/tests/integration_mycorrhizal_routing.rs,23,make_hint,rust,wiring,no-change,0.42
core/tests/integration_mycorrhizal_routing.rs,254,test_gateway_routing_decision,rust,wiring,complete-match,0.42
core/tests/integration_outbox_flush_reconnect.rs,6,make_test_message,rust,wiring,handle-local-fallback,0.42
core/tests/integration_ratchet_persistence.rs,50,ratchet_session_multiple_peers_persist,rust,security,propagate-question,0.42
core/tests/integration_retry_lifecycle.rs,29,recipient_hint_hex,rust,wiring,propagate-question,0.42
core/tests/mocks/routing.rs,83,test_mock_routing_round_robin,rust,wiring,no-change,0.42
core/tests/property/message_serialization.rs,29,arb_message,rust,wiring,no-change,0.42
core/tests/test_mesh_routing.rs,307,test_bootstrap_capability,rust,wiring,no-change,0.42
iOS/SCMessenger/SCMessenger/Data/MeshRepository.swift,661,migrateStaleRoutingHints,swift,wiring,throws-propagate,0.42
iOS/SCMessenger/SCMessenger/Data/MeshRepository.swift,1467,persistIdentityBackupToKeychainAsync,swift,wiring,async-await,0.42
iOS/SCMessenger/SCMessenger/Data/MeshRepository.swift,4627,emitIdentityDiscoveredIfChanged,swift,wiring,split-function,0.42
iOS/SCMessenger/SCMessenger/Data/MeshRepository.swift,6132,shouldAttemptRelayDial,swift,wiring,split-function,0.42
iOS/SCMessenger/SCMessenger/Data/MeshRepository.swift,6667,diagnosticsLogPath,swift,wiring,no-change,0.42
iOS/SCMessenger/SCMessenger/Generated/api.swift,149,writeFloat,swift,wiring,throws-propagate,0.42
iOS/SCMessenger/SCMessenger/Generated/api.swift,10510,write,swift,wiring,throws-propagate,0.42
iOS/SCMessenger/SCMessenger/Services/IosPlatformBridge.swift,110,sendBlePacket,swift,security,throws-propagate,0.42
iOS/SCMessenger/SCMessenger/Services/NotificationManager.swift,199,setupNotificationCategories,swift,wiring,no-change,0.42
iOS/SCMessenger/SCMessenger/ViewModels/ChatViewModel.swift,118,subscribeToNewMessages,swift,wiring,task-cancel,0.42
iOS/SCMessenger/SCMessenger/ViewModels/ContactsViewModel.swift,83,normalizeNickname,swift,wiring,guard-let,0.42
iOS/SCMessenger/SCMessenger/ViewModels/ContactsViewModel.swift,118,isBlePeerId,swift,wiring,no-change,0.42
iOS/SCMessengerCore.xcframework/ios-arm64/Headers/SCMessengerCore.swift,508,write,swift,wiring,throws-propagate,0.42
iOS/SCMessengerTests/OutboxRetryPolicyTests.swift,67,testInternetOnOffOnPlansAStopThenFreshStart,swift,wiring,no-change,0.42
shared/src/commonMain/kotlin/com/scmessenger/shared/SharedApp.kt,3,platformName,kotlin,wiring,no-change,0.42
wasm/src/lib.rs,1485,count,rust,wiring,propagate-question,0.42
wasm/src/notification_manager.rs,306,close_all_notifications,rust,wiring,propagate-question,0.42
android/app/src/main/java/com/scmessenger/android/data/MeshRepository.kt,972,terminalIdentityFailureMessage,kotlin,wiring,result-sealed,0.41
android/app/src/main/java/com/scmessenger/android/data/MeshRepository.kt,4903,markContactVerified,kotlin,wiring,guard-early-return,0.41
android/app/src/main/java/com/scmessenger/android/data/MeshRepository.kt,6812,getRelayHopPeerIds,kotlin,wiring,split-function,0.41
android/app/src/main/java/com/scmessenger/android/data/MeshRepository.kt,10220,promotePendingOutboundForPeer,kotlin,wiring,mutex-guard,0.41
android/app/src/main/java/com/scmessenger/android/data/MeshRepository.kt,11525,stopNetworkChangeWatch,kotlin,wiring,coroutine-scope,0.41
android/app/src/main/java/com/scmessenger/android/data/MeshRepository.kt,11667,refreshAddressesSnapshots,kotlin,wiring,coroutine-scope,0.41
android/app/src/main/java/com/scmessenger/android/network/NetworkDiagnostics.kt,81,testDnsResolution,kotlin,wiring,result-stdlib,0.41
android/app/src/main/java/com/scmessenger/android/service/MeshForegroundService.kt,566,pauseMeshServiceLocked,kotlin,wiring,guard-early-return,0.41
android/app/src/main/java/com/scmessenger/android/service/MeshForegroundService.kt,861,onDestroy,kotlin,wiring,coroutine-scope,0.41
android/app/src/main/java/com/scmessenger/android/transport/NetworkDetector.kt,471,toLogString,kotlin,wiring,no-change,0.41
android/app/src/main/java/com/scmessenger/android/transport/WifiAwareTransport.kt,295,onCapabilitiesChanged,kotlin,wiring,coroutine-scope,0.41
android/app/src/main/java/com/scmessenger/android/transport/WifiAwareTransport.kt,417,startLoopbackProxy,kotlin,wiring,coroutine-scope,0.41
android/app/src/main/java/com/scmessenger/android/transport/ble/BleScanner.kt,390,startDutyCycle,kotlin,wiring,coroutine-scope,0.41
android/app/src/main/java/com/scmessenger/android/ui/viewmodels/ContactsViewModel.kt,953,isPrivateLanAddress,kotlin,wiring,guard-early-return,0.41
android/app/src/main/java/com/scmessenger/android/utils/PeerIdValidator.kt,77,isSame,kotlin,wiring,guard-early-return,0.41
android/app/src/test/java/com/scmessenger/android/network/DiagnosticsReporterRelayRecommendationTest.kt,57,stubHappyPath,kotlin,wiring,no-change,0.41
android/app/src/test/java/com/scmessenger/android/test/ChatViewModelTest.kt,207,`same-millisecond local stamp still keeps the trigger first`,kotlin,wiring,no-change,0.41
android/app/src/test/java/com/scmessenger/android/test/ContactsViewModelTest.kt,131,`online status updates nearby peers from peer events`,kotlin,wiring,coroutine-scope,0.41
android/app/src/test/java/com/scmessenger/android/test/DropAtCapRetentionTest.kt,86,"`at-cap entry that later gets delivered is REMOVED, not parked`",kotlin,wiring,no-change,0.41
android/app/src/test/java/com/scmessenger/android/utils/DeepLinkValidatorTest.kt,101,`private IPv4 off-subnet is rejected`,kotlin,wiring,result-sealed,0.41
android/app/src/test/java/com/scmessenger/android/utils/DeepLinkValidatorTest.kt,311,`reserved class E range is rejected`,kotlin,wiring,guard-early-return,0.41
android/app/src/test/java/com/scmessenger/android/utils/PeerIdValidatorCurveVectorTest.kt,30,`rfc8032 public keys are valid curve points`,kotlin,security,guard-early-return,0.41
cli/src/ble_daemon.rs,397,format_timestamp,rust,wiring,propagate-question,0.41
cli/src/ble_mesh.rs,48,get_active_peers,rust,wiring,no-change,0.41
cli/src/ledger.rs,278,key_to_policy_args,rust,wiring,handle-local-fallback,0.41
cli/src/ledger.rs,968,test_strip_peer_id_preserves_circuit_path,rust,wiring,no-change,0.41
cli/src/ledger.rs,998,test_dial_key_for_target,rust,wiring,no-change,0.41
cli/src/main.rs,723,circuit_scheduler_key_retains_relay_fallback_classification,rust,wiring,complete-match,0.41
cli/src/seed_dial.rs,117,sweep_decision_dials_when_seeds_nonempty_and_peers_zero,rust,wiring,no-change,0.41
cli/src/transport_bridge.rs,149,find_cli_bridge_transport,rust,wiring,complete-match,0.41
cli/tests/heartbeat_watchdog_integration.rs,22,probe_path,rust,wiring,propagate-question,0.41
cli/tests/integration_message_requests.rs,85,message_request_lifecycle_accept,rust,security,drop-guard,0.41
core/src/abuse/spam_detection.rs,350,is_content_suspicious,rust,wiring,validate-guard,0.41
core/src/abuse/spam_detection.rs,465,test_content_suspicious_length,rust,wiring,no-change,0.41
core/src/crypto/ratchet.rs,291,root_key_bytes,rust,wiring,no-change,0.41
core/src/crypto/ratchet.rs,1340,signing_key_to_x25519_public,rust,security,propagate-question,0.41
core/src/drift/policy.rs,293,test_scan_interval_standard,rust,wiring,no-change,0.41
core/src/drift/policy.rs,430,test_battery_floor_override,rust,wiring,no-change,0.41
core/src/drift/store.rs,159,merge,rust,wiring,propagate-question,0.41
core/src/drift/store.rs,574,test_priority_score_fewer_hops_higher,rust,wiring,handle-local-fallback,0.41
core/src/drift/store.rs,638,test_remove_expired_messages,rust,wiring,no-change,0.41
core/src/identity/store.rs,283,test_persistent_store,rust,security,propagate-question,0.41
core/src/iron_core.rs,1384,notify_peer_discovered,rust,wiring,handle-local-fallback,0.41
core/src/iron_core.rs,4051,get_enhanced_peer_reputation,rust,wiring,propagate-question,0.41
core/src/iron_core.rs,4188,get_all_relay_stats,rust,wiring,handle-local-fallback,0.41
core/src/mobile_bridge.rs,1809,on_wifi_direct_connection_info,rust,wiring,validate-guard,0.41
core/src/mobile_bridge.rs,2992,compute_relay_adjustment,rust,wiring,handle-local-fallback,0.41
core/src/mobile_bridge.rs,3012,override_ble_advertise_interval,rust,wiring,drop-guard,0.41
core/src/mobile_bridge.rs,4260,update_peer_transports,rust,wiring,handle-local-fallback,0.41
core/src/mobile_bridge.rs,4726,test_compute_behavior_charging_always_full,rust,wiring,no-change,0.41
core/src/mobile_bridge.rs,5463,set_some_during_detached_window_wins,rust,wiring,drop-guard,0.41
core/src/mobile_bridge.rs,5544,wifi_direct_stop_discovery,rust,wiring,propagate-question,0.41
core/src/mobile_bridge.rs,5967,on_ble_data_received,rust,wiring,channel-event,0.41
core/src/mobile_bridge.rs,6192,distinct_lifecycle_event_during_window_is_coalesced,rust,wiring,drop-guard,0.41
core/src/mobile_bridge.rs,6430,wifi_direct_stop_discovery,rust,wiring,propagate-question,0.41
core/src/relay/bootstrap.rs,261,get_peer_addresses,rust,wiring,validate-guard,0.41
core/src/relay/bootstrap.rs,382,test_bootstrap_manager_creation,rust,wiring,no-change,0.41
core/src/relay/bootstrap.rs,488,test_invite_payload_v1_compatibility,rust,wiring,no-change,0.41
core/src/relay/client.rs,766,test_relay_client_creation,rust,wiring,no-change,0.41
core/src/relay/delegate_prewarm.rs,178,add_delegate,rust,wiring,validate-guard,0.41
core/src/relay/delegate_prewarm.rs,185,prewarm_for_background,rust,wiring,propagate-question,0.41
core/src/relay/delegate_prewarm.rs,289,stats,rust,wiring,no-change,0.41
core/src/relay/findmy.rs,34,new,rust,wiring,no-change,0.41
core/src/relay/invite.rs,274,with_seed_ledger,rust,wiring,validate-guard,0.41
core/src/relay/invite.rs,600,get_direct_invitations,rust,wiring,no-change,0.41
core/src/routing/local.rs,367,current_timestamp,rust,wiring,propagate-question,0.41
core/src/routing/local.rs,528,test_max_peers_eviction,rust,wiring,no-change,0.41
core/src/routing/multipath.rs,36,recalculate_score,rust,wiring,return-value,0.41
core/src/routing/neighborhood.rs,440,make_cell_summary,rust,wiring,propagate-question,0.41
core/src/routing/optimized_engine.rs,318,clear_unreachable_peer,rust,wiring,propagate-question,0.41
core/src/routing/resume_prefetch.rs,49,new,rust,wiring,no-change,0.41
core/src/routing/resume_prefetch.rs,504,test_frequent_peer_tracking,rust,wiring,no-change,0.41
core/src/store/contacts.rs,1039,current_timestamp,rust,wiring,propagate-question,0.41
core/src/store/contacts.rs,1413,reconcile_derives_key_for_self_certifying_keypair,rust,security,validate-guard,0.41
core/src/transport/abstraction.rs,53,new,rust,wiring,validate-guard,0.41
core/src/transport/addr_filter.rs,470,is_disclosable_on_rfc1918_network,rust,wiring,validate-guard,0.41
core/src/transport/bootstrap.rs,376,next_connectable_node,rust,wiring,no-change,0.41
core/src/transport/bootstrap.rs,534,discover_websocket_bootstrap,rust,wiring,propagate-question,0.41
core/src/transport/circuit_breaker.rs,117,allow_request,rust,wiring,state-machine,0.41
core/src/transport/diagnostics.rs,237,peer_connection_summary_formats_state,rust,wiring,no-change,0.41
core/src/transport/dial_policy.rs,572,test_dead_revive_after_window,rust,wiring,state-machine,0.41
core/src/transport/health.rs,149,record_connection_failure,rust,wiring,handle-local-fallback,0.41
core/src/transport/health.rs,700,test_connection_stats_quality_score,rust,wiring,no-change,0.41
core/src/transport/mesh_routing.rs,219,record_relay_attempt,rust,wiring,panic-invariant-only,0.41
core/src/transport/multiport.rs,278,test_generate_listen_addresses_default,rust,wiring,no-change,0.41
core/src/transport/relay_health.rs,110,record_success,rust,wiring,handle-local-fallback,0.41
core/src/transport/reputation.rs,27,new,rust,wiring,no-change,0.41
core/src/transport/reputation.rs,47,is_abusive,rust,wiring,no-change,0.41
core/src/transport/reputation.rs,429,len,rust,wiring,no-change,0.41
core/src/transport/swarm.rs,2401,try_envelope_hint_dial,rust,wiring,propagate-question,0.41
core/src/transport/swarm.rs,2758,apply_delivery_convergence_marker,rust,wiring,propagate-question,0.41
core/src/transport/swarm.rs,10521,zombie_reap_only_after_every_connection_is_silent,rust,wiring,state-machine,0.41
core/src/transport/websocket.rs,47,new,rust,wiring,propagate-question,0.41
core/src/wasm_support/transport.rs,242,all_relays,rust,wiring,no-change,0.41
core/tests/integration_backup.rs,653,iron_core_backup_export_and_import_emit_audit_events,rust,security,propagate-question,0.41
core/tests/integration_drift_mule.rs,35,mesh_store_merge_is_commutative,rust,wiring,no-change,0.41
core/tests/integration_wan_swarm_node2.rs,48,mock_capabilities,rust,wiring,no-change,0.41
core/tests/integration_wp1_identity_unification.rs,99,identity_id_is_never_mistaken_for_a_public_key,rust,security,propagate-question,0.41
core/tests/test_and06_live_key_corpus.rs,88,every_public_key_the_live_mesh_stores_is_accepted,rust,security,validate-guard,0.41
core/tests/test_mesh_routing.rs,290,test_retry_cursor_wraps_for_cyclical_retry_continuation,rust,wiring,no-change,0.41
desktop_bridge/src/desktop_bridge.rs,254,get_ble_adapter_info,rust,wiring,propagate-question,0.41
desktop_bridge/tests/xdg_paths_test.rs,10,test_xdg_data_dir,rust,wiring,no-change,0.41
desktop_bridge/tests/xdg_paths_test.rs,43,test_xdg_config_dir_contains_scmessenger,rust,wiring,no-change,0.41
iOS/SCMessenger/SCMessenger/Data/MeshRepository.swift,1515,readIdentityBackupFromKeychain,swift,wiring,result-type,0.41
iOS/SCMessenger/SCMessenger/Data/MeshRepository.swift,2717,normalizeNickname,swift,wiring,no-change,0.41
iOS/SCMessenger/SCMessenger/Data/MeshRepository.swift,3043,appendRoutingHint,swift,wiring,split-function,0.41
iOS/SCMessenger/SCMessenger/Data/MeshRepository.swift,3950,reportNetwork,swift,wiring,split-function,0.41
iOS/SCMessenger/SCMessenger/Data/MeshRepository.swift,4685,emitConnectedIfChanged,swift,wiring,split-function,0.41
iOS/SCMessenger/SCMessenger/Data/MeshRepository.swift,4855,normalizePeerId,swift,wiring,throws-propagate,0.41
iOS/SCMessenger/SCMessenger/Data/MeshRepository.swift,6046,isSpecialUseIPv6,swift,wiring,no-change,0.41
iOS/SCMessenger/SCMessenger/Generated/api.swift,5319,FfiConverterTypeMeshSettingsManager_lower,swift,wiring,no-change,0.41
iOS/SCMessenger/SCMessenger/Services/IosPlatformBridge.swift,162,wifiDirectDiscoverPeers,swift,wiring,result-type,0.41
iOS/SCMessenger/SCMessenger/Transport/BLECentralManager.swift,159,appendRepositoryDiagnostic,swift,wiring,async-await,0.41
iOS/SCMessenger/SCMessenger/Transport/LocalTransportFallback.swift,22,attemptMultipeerThenBle,swift,wiring,result-type,0.41
iOS/SCMessenger/SCMessenger/ViewModels/SettingsViewModel.swift,421,getNatStatus,swift,wiring,result-type,0.41
iOS/SCMessenger/SCMessenger/Views/Contacts/VerifySafetyNumberSheet.swift,118,displayName,swift,wiring,guard-let,0.41
iOS/SCMessenger/SCMessenger/Views/Dashboard/MeshDashboardView.swift,430,isRecentlyOnline,swift,wiring,guard-let,0.41
iOS/SCMessengerCore.xcframework/ios-arm64-simulator/Headers/SCMessengerCore.swift,3185,FfiConverterTypeBlockedIdentity_lower,swift,wiring,no-change,0.41
iOS/SCMessengerCore.xcframework/ios-arm64/Headers/SCMessengerCore.swift,183,lower,swift,wiring,no-change,0.41
iOS/SCMessengerTests/NotificationVerificationTests.swift,263,testMarkAsReadAction,swift,wiring,result-type,0.41
iOS/SCMessengerTests/NotificationVerificationTests.swift,402,setUp,swift,wiring,defer-cleanup,0.41
wasm/src/transport.rs,1159,start,rust,wiring,state-machine,0.41
AgentSwarmCline/scmessenger_swarm/observability_tests.rs,10,valid_payload,rust,wiring,no-change,0.4
android/app/src/main/java/com/scmessenger/android/data/MeshRepository.kt,4085,restoreIdentityFromBackup,kotlin,wiring,result-sealed,0.4
android/app/src/main/java/com/scmessenger/android/data/MeshRepository.kt,4212,setPlatformBridge,kotlin,wiring,split-function,0.4
android/app/src/main/java/com/scmessenger/android/data/MeshRepository.kt,4514,canonicalContactIdPublic,kotlin,wiring,no-change,0.4
android/app/src/main/java/com/scmessenger/android/data/MeshRepository.kt,4943,unblockPeer,kotlin,wiring,result-sealed,0.4
android/app/src/main/java/com/scmessenger/android/data/MeshRepository.kt,4972,blockAndDeletePeer,kotlin,wiring,result-sealed,0.4
android/app/src/main/java/com/scmessenger/android/data/MeshRepository.kt,7664,computeAdjustmentProfile,kotlin,wiring,result-sealed,0.4
android/app/src/main/java/com/scmessenger/android/data/MeshRepository.kt,10615,normalizeExternalAddressHints,kotlin,wiring,no-change,0.4
android/app/src/main/java/com/scmessenger/android/data/MeshRepository.kt,10743,isPrivateIpv4,kotlin,wiring,guard-early-return,0.4
android/app/src/main/java/com/scmessenger/android/data/MeshRepository.kt,10837,parseBootstrapRelay,kotlin,wiring,result-stdlib,0.4
android/app/src/main/java/com/scmessenger/android/data/MeshRepository.kt,10874,isBootstrapRelayPeer,kotlin,wiring,guard-early-return,0.4
android/app/src/main/java/com/scmessenger/android/data/MeshRepository.kt,11239,prioritizeAddressesForCurrentNetwork,kotlin,wiring,guard-early-return,0.4
android/app/src/main/java/com/scmessenger/android/data/MeshRepository.kt,12025,migrateToCanonicalIds,kotlin,wiring,split-function,0.4
android/app/src/main/java/com/scmessenger/android/data/MeshRepository.kt,12296,recordTransportEvent,kotlin,wiring,split-function,0.4
android/app/src/main/java/com/scmessenger/android/service/MeshForegroundService.kt,595,createNotification,kotlin,wiring,split-function,0.4
android/app/src/main/java/com/scmessenger/android/transport/NetworkDetector.kt,100,startMonitoring,kotlin,wiring,result-sealed,0.4
android/app/src/main/java/com/scmessenger/android/transport/WifiDirectTransport.kt,464,discoverPeers,kotlin,wiring,result-sealed,0.4
android/app/src/main/java/com/scmessenger/android/transport/ble/BleAdvertiser.kt,182,updateIdentityBeacon,kotlin,wiring,guard-early-return,0.4
android/app/src/main/java/com/scmessenger/android/transport/ble/BleAdvertiser.kt,189,setRotationInterval,kotlin,wiring,guard-early-return,0.4
android/app/src/main/java/com/scmessenger/android/transport/ble/BleL2capManager.kt,304,sendData,kotlin,wiring,result-stdlib,0.4
android/app/src/main/java/com/scmessenger/android/transport/ble/BleL2capManager.kt,435,recordFailure,kotlin,wiring,mutex-guard,0.4
android/app/src/main/java/com/scmessenger/android/ui/MeshApp.kt,501,startDestinationForRole,kotlin,wiring,no-change,0.4
android/app/src/main/java/com/scmessenger/android/ui/components/EntropyCanvas.kt,39,EntropyCanvas,kotlin,security,coroutine-scope,0.4
android/app/src/main/java/com/scmessenger/android/ui/components/Identicon.kt,29,Identicon,kotlin,wiring,guard-early-return,0.4
android/app/src/main/java/com/scmessenger/android/ui/screens/SettingsScreen.kt,535,ServiceControlSection,kotlin,wiring,no-change,0.4
android/app/src/main/java/com/scmessenger/android/ui/viewmodels/ChatViewModel.kt,246,updateInputText,kotlin,wiring,no-change,0.4
android/app/src/main/java/com/scmessenger/android/ui/viewmodels/ContactsViewModel.kt,261,isDismissed,kotlin,wiring,guard-early-return,0.4
android/app/src/main/java/com/scmessenger/android/ui/viewmodels/RequestsInboxViewModel.kt,128,blockAndDelete,kotlin,wiring,result-sealed,0.4
android/app/src/main/java/com/scmessenger/android/utils/ApkShareManager.kt,124,pickPreferredIpv4,kotlin,wiring,result-stdlib,0.4
android/app/src/main/java/com/scmessenger/android/utils/ContactDisplayName.kt,35,displayNames,kotlin,wiring,no-change,0.4
android/app/src/main/java/com/scmessenger/android/utils/NotificationHelper.kt,705,createMarkReadIntent,kotlin,wiring,no-change,0.4
android/app/src/main/java/com/scmessenger/android/utils/PeerKeyUtils.kt,116,generateLibp2pPeerIdFromPublicKey,kotlin,wiring,result-sealed,0.4
android/app/src/test/java/com/scmessenger/android/data/IdentityUnificationCanonicalIdTest.kt,288,`hex canonical peer id is dialable via derived libp2p form`,kotlin,security,guard-early-return,0.4
android/app/src/test/java/com/scmessenger/android/data/MeshRepositorySeedImportTest.kt,53,freshRepo,kotlin,wiring,use-block,0.4
android/app/src/test/java/com/scmessenger/android/test/ReceiptUnificationTest.kt,186,capturingRouter,kotlin,wiring,result-sealed,0.4
android/app/src/test/java/com/scmessenger/android/transport/SubnetProbeDialCandidateTest.kt,39,`no probed port ever yields a websocket multiaddr`,kotlin,wiring,no-change,0.4
android/app/src/test/java/com/scmessenger/android/ui/identity/IdentityViewModelTest.kt,59,`createIdentity delegates to coordinator`,kotlin,wiring,result-sealed,0.4
android/app/src/test/java/com/scmessenger/android/utils/ContactDisplayNameTest.kt,51,`only chosen nickname - rendered alone`,kotlin,wiring,no-change,0.4
android/app/src/test/java/com/scmessenger/android/utils/ContactDisplayNameTest.kt,158,`resolveLocalNickname falls back to existing synthetic when nothing real`,kotlin,wiring,guard-early-return,0.4
android/app/src/test/java/com/scmessenger/android/utils/DeepLinkValidatorTest.kt,159,`malformed multiaddr without ip prefix is dropped`,kotlin,wiring,guard-early-return,0.4
android/shared/src/desktopMain/kotlin/com/scmessenger/shared/platform/PlatformStorage.desktop.kt,46,getBoolean,kotlin,wiring,no-change,0.4
cli/src/api_axum.rs,638,handle_get_discovery_peers,rust,wiring,propagate-question,0.4
cli/src/ble_mesh.rs,53,note_macos_btleplug_gatt_unavailable,rust,wiring,no-change,0.4
cli/src/bootstrap.rs,164,test_parse_bootstrap_addr,rust,wiring,no-change,0.4
cli/src/ledger.rs,333,record_connection,rust,wiring,propagate-question,0.4
cli/src/ledger.rs,792,is_dialable_for_this_node,rust,wiring,split-function,0.4
cli/src/watchdog.rs,47,poll_interval,rust,wiring,no-change,0.4
core/src/abuse/auto_block.rs,292,test_unexempt_peer,rust,wiring,no-change,0.4
core/src/crypto/backup.rs,109,try_decrypt,rust,wiring,propagate-question,0.4
core/src/crypto/kani_proofs.rs,126,ratchet_key_length_invariant,rust,wiring,validate-guard,0.4
core/src/drift/rate_limit.rs,64,allow_sync,rust,wiring,no-change,0.4
core/src/drift/relay.rs,134,new_with_audit,rust,wiring,propagate-question,0.4
core/src/drift/relay.rs,174,set_cover_traffic,rust,wiring,handle-local-fallback,0.4
core/src/drift/relay.rs,675,test_network_dormant_drop,rust,security,validate-guard,0.4
core/src/dspy/modules.rs,296,test_multihop_recall,rust,wiring,no-change,0.4
core/src/identity/store.rs,303,test_identity_store_migration,rust,security,propagate-question,0.4
core/src/identity/store.rs,360,test_store_persistence_across_instances,rust,security,panic-invariant-only,0.4
core/src/iron_core.rs,1459,drift_deactivate,rust,wiring,drop-guard,0.4
core/src/message/identity_envelope.rs,172,is_synthetic_fallback_nickname,rust,wiring,no-change,0.4
core/src/mobile_bridge.rs,5306,test_wifi_aware_data_path_feeds_routing_engine,rust,security,validate-guard,0.4
core/src/mobile_bridge.rs,5498,reentrant_restash_during_drain_is_bounded_and_delivered,rust,wiring,drop-guard,0.4
core/src/relay/bootstrap.rs,369,test_invite_payload_expiry,rust,wiring,no-change,0.4
core/src/relay/client.rs,773,test_create_handshake,rust,wiring,complete-match,0.4
core/src/relay/client.rs,792,test_set_capabilities,rust,wiring,no-change,0.4
core/src/relay/invite.rs,1237,test_legacy_token_bytes_still_deserialize,rust,security,propagate-question,0.4
core/src/relay/peer_exchange.rs,80,from_message,rust,wiring,validate-guard,0.4
core/src/relay/peer_exchange.rs,233,test_peer,rust,wiring,propagate-question,0.4
core/src/routing/engine.rs,232,route_redundant,rust,wiring,propagate-question,0.4
core/src/routing/local.rs,378,make_peer_id,rust,wiring,no-change,0.4
core/src/routing/optimized_engine.rs,514,make_peer_id,rust,wiring,no-change,0.4
core/src/store/ledger_entry.rs,129,prioritize_dial_candidates,rust,wiring,handle-local-fallback,0.4
core/src/store/ledger_entry.rs,460,public_key_hex_from_libp2p_peer_id,rust,wiring,propagate-question,0.4
core/src/store/outbox.rs,1262,peer_count,rust,wiring,propagate-question,0.4
core/src/store/relay_custody.rs,406,as_str,rust,wiring,complete-match,0.4
core/src/store/relay_custody.rs,1260,audit_count,rust,wiring,propagate-question,0.4
core/src/store/relay_custody.rs,2114,synthetic_storage_snapshot,rust,wiring,handle-local-fallback,0.4
core/src/store/relay_custody.rs,2191,now_ms,rust,wiring,propagate-question,0.4
core/src/transport/abstraction.rs,296,test_transport_capabilities_for_ble,rust,wiring,no-change,0.4
core/src/transport/abstraction.rs,381,test_transport_event_peer_discovered,rust,wiring,no-change,0.4
core/src/transport/addr_filter.rs,1578,rfc1918_disclosure_rejects_nat64_embedded_cgnat_adjacency,rust,wiring,no-change,0.4
core/src/transport/ble/beacon.rs,199,test_beacon_parser_decrypts_valid_beacon,rust,security,propagate-question,0.4
core/src/transport/bootstrap.rs,520,discover_local_peers,rust,wiring,propagate-question,0.4
core/src/transport/circuit_breaker.rs,389,test_success_resets_closed_circuit,rust,wiring,state-machine,0.4
core/src/transport/dial_policy.rs,96,maybe_revive,rust,wiring,state-machine,0.4
core/src/transport/health.rs,435,get_all_connection_stats,rust,wiring,propagate-question,0.4
core/src/transport/health.rs,577,record_connection_attempt,rust,wiring,no-change,0.4
core/src/transport/hint_store.rs,99,peer_hint_dial_candidates,rust,wiring,drop-guard,0.4
core/src/transport/internet.rs,424,get_active_relay_count,rust,wiring,no-change,0.4
core/src/transport/mesh_routing.rs,1316,relay_quota_eviction_does_not_touch_other_relays,rust,wiring,no-change,0.4
core/src/transport/nat.rs,418,current_unix_timestamp,rust,wiring,propagate-question,0.4
core/src/transport/relay_health.rs,158,add_fallback_relay,rust,wiring,validate-guard,0.4
core/src/transport/reputation.rs,532,test_persistence_roundtrip,rust,wiring,propagate-question,0.4
core/src/transport/swarm.rs,1426,note_liveness,rust,wiring,no-change,0.4
core/src/transport/swarm.rs,2476,routing_decision_to_ranked_routes,rust,wiring,split-function,0.4
core/src/transport/wifi_aware.rs,284,create_data_path,rust,wiring,propagate-question,0.4
core/src/transport/wifi_direct.rs,144,handle_connection_info,rust,wiring,drop-guard,0.4
core/tests/integration_core_ffi_node1.rs,306,test_layer2_messaging_blocking_abuse_branches,rust,security,propagate-question,0.4
core/tests/integration_mycorrhizal_routing.rs,83,test_direct_route_when_peer_known,rust,wiring,no-change,0.4
core/tests/integration_ratchet_persistence.rs,76,ratchet_persistence_with_message_exchange,rust,security,validate-guard,0.4
core/tests/integration_wan_swarm_node2.rs,35,random_peer_id_bytes,rust,wiring,no-change,0.4
core/tests/integration_wifi_aware.rs,39,wifi_aware_stop,rust,wiring,explicit-close,0.4
core/tests/integration_ws13_migration.rs,475,phase_a_also_enforces_ws13_device_mismatch_at_store_level,rust,security,validate-guard,0.4
core/tests/mocks/identity.rs,27,with_nickname,rust,wiring,return-value,0.4
core/tests/test_and06_live_key_corpus.rs,69,lenient_dalek_decode,rust,wiring,propagate-question,0.4
core/tests/test_and06_public_key_vector_parity.rs,97,uppercase_hex_is_accepted,rust,wiring,no-change,0.4
iOS/SCMessenger/SCMessenger/Data/MeshRepository.swift,216,shouldStopAckedWithoutReceiptRetries,swift,wiring,no-change,0.4
iOS/SCMessenger/SCMessenger/Data/MeshRepository.swift,4406,sendBlePacket,swift,wiring,split-function,0.4
iOS/SCMessenger/SCMessenger/Data/MeshRepository.swift,4827,routeCandidateMatchesRecipient,swift,wiring,split-function,0.4
iOS/SCMessenger/SCMessenger/Data/MeshRepository.swift,4882,startCoverTrafficLoopIfEnabled,swift,wiring,task-cancel,0.4
iOS/SCMessenger/SCMessenger/Data/MeshRepository.swift,5976,normalizeExternalAddressHints,swift,wiring,no-change,0.4
iOS/SCMessenger/SCMessenger/Data/MeshRepository.swift,6070,isSpecialUseIPv4,swift,wiring,guard-let,0.4
iOS/SCMessenger/SCMessenger/Data/MeshRepository.swift,6110,extractRelayPeerId,swift,wiring,split-function,0.4
iOS/SCMessenger/SCMessenger/Generated/api.swift,6806,write,swift,wiring,throws-propagate,0.4
iOS/SCMessenger/SCMessenger/Services/IosPlatformBridge.swift,167,wifiDirectStopDiscovery,swift,wiring,result-type,0.4
iOS/SCMessenger/SCMessenger/Transport/BLEL2CAPManager.swift,45,sendData,swift,wiring,throws-propagate,0.4
iOS/SCMessenger/SCMessenger/Transport/MultipeerTransport.swift,317,session,swift,wiring,async-await,0.4
iOS/SCMessenger/SCMessenger/Transport/MultipeerTransport.swift,391,session,swift,wiring,guard-let,0.4
iOS/SCMessenger/SCMessenger/Transport/SmartTransportRouter.swift,87,recordSuccess,swift,wiring,split-function,0.4
iOS/SCMessenger/SCMessenger/Transport/SmartTransportRouter.swift,124,setHealth,swift,wiring,guard-let,0.4
iOS/SCMessenger/SCMessenger/Transport/mDNSServiceDiscovery.swift,169,netServiceBrowserDidStopSearch,swift,wiring,no-change,0.4
iOS/SCMessengerTests/NotificationVerificationTests.swift,541,testNotificationKindVariants,swift,wiring,no-change,0.4
iOS/SCMessengerTests/NotificationVerificationTests.swift,559,testNotificationContentConstruction,swift,wiring,no-change,0.4
wasm/src/daemon_bridge.rs,483,set_reconnect_interval_ms,rust,wiring,validate-guard,0.4
wasm/src/daemon_bridge.rs,495,is_connected,rust,wiring,no-change,0.4
wasm/src/daemon_bridge.rs,594,disconnect,rust,wiring,explicit-close,0.4
wasm/src/daemon_bridge.rs,676,daemon_bridge_creation,rust,wiring,propagate-question,0.4
wasm/src/notification_manager.rs,329,get_browser_options,rust,wiring,handle-local-fallback,0.4
wasm/src/transport.rs,1221,remove_peer,rust,wiring,drop-guard,0.4
wasm/src/transport.rs,1298,test_websocket_relay_subscribe_replaces_sender,rust,wiring,drop-guard,0.4
wasm/src/worker.rs,180,unregister,rust,wiring,propagate-question,0.4
android/app/src/main/java/com/scmessenger/android/data/MeshRepository.kt,4122,persistIdentityBackup,kotlin,wiring,result-sealed,0.39
android/app/src/main/java/com/scmessenger/android/data/MeshRepository.kt,4483,validateAndStandardizeId,kotlin,wiring,result-sealed,0.39
android/app/src/main/java/com/scmessenger/android/data/MeshRepository.kt,7678,computeRelayAdjustment,kotlin,wiring,result-sealed,0.39
android/app/src/main/java/com/scmessenger/android/data/MeshRepository.kt,10079,upsertFederatedContact,kotlin,wiring,result-sealed,0.39
android/app/src/main/java/com/scmessenger/android/data/MeshRepository.kt,11014,getPublicInternetRelayMultiaddrs,kotlin,wiring,result-stdlib,0.39
android/app/src/main/java/com/scmessenger/android/data/TopicManager.kt,160,isSubscribed,kotlin,wiring,no-change,0.39
android/app/src/main/java/com/scmessenger/android/service/ServiceHealthMonitor.kt,297,forceRestartMeshService,kotlin,wiring,result-sealed,0.39
android/app/src/main/java/com/scmessenger/android/transport/ble/BleAdvertiser.kt,309,stopRotation,kotlin,wiring,no-change,0.39
android/app/src/main/java/com/scmessenger/android/transport/ble/BleAdvertiser.kt,320,stopAdvertisingInternal,kotlin,wiring,guard-early-return,0.39
android/app/src/main/java/com/scmessenger/android/transport/ble/BleGattClient.kt,796,getClientStats,kotlin,wiring,mutex-guard,0.39
android/app/src/main/java/com/scmessenger/android/ui/MainActivity.kt,111,schedulePermissionReset,kotlin,wiring,coroutine-scope,0.39
android/app/src/main/java/com/scmessenger/android/ui/components/Identicon.kt,193,toArgb,kotlin,wiring,guard-early-return,0.39
android/app/src/main/java/com/scmessenger/android/ui/components/StatusIndicator.kt,31,StatusIndicator,kotlin,wiring,no-change,0.39
android/app/src/main/java/com/scmessenger/android/ui/screens/DashboardScreen.kt,298,formatRelativeTimestamp,kotlin,wiring,guard-early-return,0.39
android/app/src/main/java/com/scmessenger/android/ui/viewmodels/ChatViewModel.kt,437,updateMessageStatus,kotlin,wiring,guard-early-return,0.39
android/app/src/main/java/com/scmessenger/android/ui/viewmodels/DashboardViewModel.kt,465,ledgerHasDirectRecent,kotlin,wiring,split-function,0.39
android/app/src/main/java/com/scmessenger/android/ui/viewmodels/DashboardViewModel.kt,761,observeLiveNetworkStats,kotlin,wiring,flow-collect,0.39
android/app/src/main/java/com/scmessenger/android/ui/viewmodels/RequestsInboxViewModel.kt,91,acceptRequest,kotlin,wiring,result-sealed,0.39
android/app/src/main/java/com/scmessenger/android/utils/DeepLinkValidator.kt,87,hasValidTcpPort,kotlin,wiring,result-stdlib,0.39
android/app/src/main/java/com/scmessenger/android/utils/NotificationHelper.kt,713,createMuteIntent,kotlin,wiring,guard-early-return,0.39
android/app/src/main/java/com/scmessenger/android/utils/PeerIdValidator.kt,68,isIdentityId,kotlin,wiring,guard-early-return,0.39
android/app/src/main/java/com/scmessenger/android/utils/SecurityUtils.kt,130,recordResetSignal,kotlin,wiring,result-stdlib,0.39
android/app/src/main/java/com/scmessenger/android/utils/StorageManager.kt,47,rotateLogsOnStartup,kotlin,wiring,result-stdlib,0.39
android/app/src/main/java/com/scmessenger/android/utils/TimestampUtils.kt,14,toEpochSeconds,kotlin,wiring,guard-early-return,0.39
android/app/src/test/java/com/scmessenger/android/data/GhostIdentityGateTest.kt,87,undiscovered_ghost_does_not_render,kotlin,wiring,no-change,0.39
android/app/src/test/java/com/scmessenger/android/test/MeshRepositoryTest.kt,105,`checkMeshParticipationEnabled returns false for disabled participation`,kotlin,wiring,no-change,0.39
android/app/src/test/java/com/scmessenger/android/transport/MdnsServiceDiscoveryTest.kt,37,`onServiceResolved with local peer-id is filtered as self-loopback`,kotlin,wiring,guard-early-return,0.39
android/app/src/test/java/com/scmessenger/android/ui/viewmodels/MeshServiceViewModelTest.kt,61,`isRunning is false when state is STOPPED`,kotlin,wiring,no-change,0.39
android/app/src/test/java/com/scmessenger/android/utils/DeepLinkValidatorTest.kt,303,`broadcast address is rejected`,kotlin,wiring,guard-early-return,0.39
android/app/src/test/java/com/scmessenger/android/utils/DeepLinkValidatorTest.kt,372,`valid tcp port at boundaries is accepted`,kotlin,wiring,result-sealed,0.39
android/app/src/test/java/com/scmessenger/android/utils/InstallPayloadTest.kt,106,`parse never throws on garbage percent encoding`,kotlin,wiring,result-stdlib,0.39
cli/src/ble_mesh.rs,253,push_message_to_ui,rust,wiring,propagate-question,0.39
cli/src/config.rs,263,get,rust,wiring,complete-match,0.39
cli/src/ledger.rs,361,dialable_addresses,rust,wiring,propagate-question,0.39
core/src/crypto/pq/hybrid.rs,179,test_tamper_x25519_ephemeral_public,rust,security,validate-guard,0.39
core/src/drift/rate_limit.rs,226,test_peer_sync_count,rust,wiring,no-change,0.39
core/src/drift/sync.rs,389,make_test_envelope,rust,wiring,no-change,0.39
core/src/dspy/modules.rs,99,add_step,rust,wiring,no-change,0.39
core/src/dspy/teleprompt.rs,180,build_auditor_prompt,rust,wiring,no-change,0.39
core/src/identity/keys.rs,767,test_verification,rust,security,propagate-question,0.39
core/src/iron_core.rs,4143,close_all_notifications,rust,wiring,propagate-question,0.39
core/src/iron_core.rs,4766,can_forward_for_wasm,rust,wiring,drop-guard,0.39
core/src/mobile_bridge.rs,2754,with_platform,rust,wiring,propagate-question,0.39
core/src/mobile_bridge.rs,5880,on_entering_background,rust,wiring,propagate-question,0.39
core/src/mobile_bridge.rs,5995,wifi_aware_publish,rust,wiring,propagate-question,0.39
core/src/notification.rs,294,new,rust,wiring,no-change,0.39
core/src/notification.rs,413,close_all_notifications,rust,wiring,drop-guard,0.39
core/src/relay/bootstrap.rs,314,test_invite_payload_creation,rust,wiring,propagate-question,0.39
core/src/relay/findmy.rs,333,test_is_our_wakeup_no_match,rust,security,propagate-question,0.39
core/src/relay/invite.rs,841,test_invite_token_requires_domain_separation,rust,security,no-change,0.39
core/src/relay/invite.rs,1126,test_seed_ledger_full_invite_fits_qr_budget,rust,security,propagate-question,0.39
core/src/relay/peer_exchange.rs,34,new,rust,wiring,propagate-question,0.39
core/src/routing/adaptive_ttl.rs,150,calculate_dynamic_ttl,rust,wiring,validate-guard,0.39
core/src/routing/local.rs,229,active_peers,rust,wiring,no-change,0.39
core/src/routing/neighborhood.rs,363,rebuild_summaries,rust,wiring,no-change,0.39
core/src/routing/optimized_engine.rs,212,advance_discovery_phase,rust,wiring,state-machine,0.39
core/src/routing/smart_retry.rs,132,test_max_delay_enforcement,rust,wiring,no-change,0.39
core/src/store/contacts.rs,81,contact_key,rust,wiring,no-change,0.39
core/src/store/dedup.rs,26,new,rust,wiring,no-change,0.39
core/src/store/history.rs,73,current_timestamp,rust,wiring,propagate-question,0.39
core/src/store/inbox.rs,300,sender_count,rust,wiring,handle-local-fallback,0.39
core/src/store/ledger_entry.rs,2607,entry_count_with_known_topics,rust,wiring,drop-guard,0.39
core/src/store/ledger_entry.rs,2725,peer,rust,wiring,no-change,0.39
core/src/store/relay_custody.rs,1922,transitions_for_identity,rust,wiring,handle-local-fallback,0.39
core/src/transport/addr_filter.rs,897,ipv4_mapped_ipv6_cannot_bypass_the_ipv4_rules,rust,wiring,validate-guard,0.39
core/src/transport/addr_filter.rs,1327,sixtofour_prefix_cannot_launder_an_internal_ipv4,rust,wiring,no-change,0.39
core/src/transport/addr_filter.rs,1733,plain_non_circuit_address_is_unaffected,rust,wiring,no-change,0.39
core/src/transport/bootstrap.rs,388,discover_fallback_nodes,rust,wiring,handle-local-fallback,0.39
core/src/transport/bootstrap.rs,478,get_all_relay_stats,rust,wiring,propagate-question,0.39
core/src/transport/circuit_breaker.rs,495,test_get_open_circuits,rust,wiring,no-change,0.39
core/src/transport/dial_policy.rs,78,is_eligible,rust,wiring,state-machine,0.39
core/src/transport/health.rs,131,record_connection_attempt,rust,wiring,handle-local-fallback,0.39
core/src/transport/health.rs,140,record_successful_connection,rust,wiring,handle-local-fallback,0.39
core/src/transport/health.rs,190,quality_score,rust,wiring,handle-local-fallback,0.39
core/src/transport/internet.rs,404,get_peer_relay_info,rust,wiring,no-change,0.39
core/src/transport/manager.rs,539,pending_sends,rust,wiring,drop-guard,0.39
core/src/transport/manager.rs,1292,test_multiple_transports_per_peer,rust,wiring,no-change,0.39
core/src/transport/mesh_routing.rs,770,get_best_paths,rust,wiring,propagate-question,0.39
core/src/transport/multiport.rs,372,test_bind_analysis_report,rust,wiring,no-change,0.39
core/src/transport/observation.rs,200,listen_ports_from_multiaddrs,rust,wiring,no-change,0.39
core/src/transport/relay_health.rs,216,invalidate_cache,rust,wiring,no-change,0.39
core/src/transport/reputation.rs,195,new,rust,wiring,no-change,0.39
core/src/transport/reputation.rs,508,test_prune_stale,rust,wiring,no-change,0.39
core/src/transport/swarm.rs,143,is_discoverable_multiaddr,rust,wiring,validate-guard,0.39
core/src/transport/swarm.rs,729,targets_self,rust,wiring,validate-guard,0.39
core/src/transport/swarm.rs,4269,drop,rust,wiring,drop-guard,0.39
core/src/transport/swarm.rs,10505,zombie_reap_blocked_by_fresh_liveness_stamp,rust,wiring,no-change,0.39
core/src/transport/wifi_aware.rs,503,get_active_data_paths,rust,wiring,no-change,0.39
core/src/wasm_support/storage.rs,73,new,rust,wiring,propagate-question,0.39
core/src/wasm_support/storage.rs,477,test_empty_after_remove_all,rust,wiring,no-change,0.39
core/tests/integration_backup.rs,84,backup_kdf_is_memory_hard,rust,security,propagate-question,0.39
core/tests/integration_drift_mule.rs,84,mesh_store_eviction_at_capacity,rust,wiring,no-change,0.39
core/tests/integration_ledger_seeding_hardening.rs,420,dns_addresses_cannot_be_recorded_as_proven_connections,rust,wiring,validate-guard,0.39
core/tests/integration_offline_partition_matrix.rs,17,queued_message,rust,wiring,propagate-question,0.39
core/tests/integration_retry_lifecycle.rs,36,make_msg,rust,wiring,handle-local-fallback,0.39
core/tests/kani/ratchet_symmetry.rs,19,prove_pq_ratchet_symmetry,rust,wiring,no-change,0.39
core/tests/mocks/identity.rs,76,test_generate_multiple_identities,rust,wiring,no-change,0.39
desktop_bridge/src/power.rs,122,test_power_state_for_resume,rust,wiring,no-change,0.39
desktop_bridge/src/socket_activation.rs,48,handoff_complete,rust,wiring,state-machine,0.39
desktop_bridge/tests/xdg_paths_test.rs,32,test_xdg_config_dir,rust,wiring,no-change,0.39
iOS/SCMessenger/SCMessenger/Data/MeshRepository.swift,3734,notificationSettingsEnabled,swift,wiring,guard-let,0.39
iOS/SCMessenger/SCMessenger/Data/MeshRepository.swift,3742,setNotificationActiveConversation,swift,wiring,guard-let,0.39
iOS/SCMessenger/SCMessenger/Generated/api.swift,7374,write,swift,wiring,throws-propagate,0.39
iOS/SCMessenger/SCMessenger/SCMessengerApp.swift,66,setupApp,swift,wiring,split-function,0.39
iOS/SCMessenger/SCMessenger/Services/IosPlatformBridge.swift,100,onEnteringBackground,swift,wiring,no-change,0.39
iOS/SCMessenger/SCMessenger/ViewModels/ContactsViewModel.swift,130,selectStablePeerId,swift,wiring,split-function,0.39
iOS/SCMessenger/SCMessenger/ViewModels/ContactsViewModel.swift,234,computeSafetyNumber,swift,wiring,async-await,0.39
iOS/SCMessenger/SCMessenger/ViewModels/SettingsViewModel.swift,439,resetAllData,swift,wiring,throws-propagate,0.39
iOS/SCMessenger/SCMessenger/Views/Settings/DiagnosticsView.swift,218,makeUIViewController,swift,wiring,guard-let,0.39
wasm/src/mesh.rs,29,default,rust,wiring,no-change,0.39
android/app/src/main/java/com/scmessenger/android/data/IdentityCreationCoordinator.kt,167,generateSecureRandomSalt,kotlin,wiring,result-stdlib,0.38
android/app/src/main/java/com/scmessenger/android/data/MeshRepository.kt,4380,resetServiceStats,kotlin,wiring,guard-early-return,0.38
android/app/src/main/java/com/scmessenger/android/data/MeshRepository.kt,4575,canonicalId,kotlin,wiring,no-change,0.38
android/app/src/main/java/com/scmessenger/android/data/MeshRepository.kt,4718,addContactByPeerId,kotlin,wiring,result-sealed,0.38
android/app/src/main/java/com/scmessenger/android/data/MeshRepository.kt,6100,hasRequiredRuntimePermissions,kotlin,wiring,no-change,0.38
android/app/src/main/java/com/scmessenger/android/data/MeshRepository.kt,6411,hasAllPermissions,kotlin,wiring,no-change,0.38
android/app/src/main/java/com/scmessenger/android/data/MeshRepository.kt,6832,isRelayHop,kotlin,wiring,guard-early-return,0.38
android/app/src/main/java/com/scmessenger/android/data/MeshRepository.kt,9376,encodeIdentitySyncPayload,kotlin,wiring,result-sealed,0.38
android/app/src/main/java/com/scmessenger/android/notification/NotificationActionReceiver.kt,62,handleReply,kotlin,wiring,coroutine-scope,0.38
android/app/src/main/java/com/scmessenger/android/service/AndroidPlatformBridge.kt,524,wifiDirectStopDiscovery,kotlin,wiring,guard-early-return,0.38
android/app/src/main/java/com/scmessenger/android/service/ServiceHealthMonitor.kt,353,getServiceUptimeSeconds,kotlin,wiring,guard-early-return,0.38
android/app/src/main/java/com/scmessenger/android/transport/WifiTransportManager.kt,161,sendData,kotlin,wiring,result-stdlib,0.38
android/app/src/main/java/com/scmessenger/android/transport/ble/BleL2capManager.kt,199,stopListening,kotlin,wiring,mutex-guard,0.38
android/app/src/main/java/com/scmessenger/android/transport/ble/BleL2capManager.kt,216,closeServerSocket,kotlin,wiring,use-block,0.38
android/app/src/main/java/com/scmessenger/android/transport/ble/BleQuotaManager.kt,21,checkQuota,kotlin,wiring,mutex-guard,0.38
android/app/src/main/java/com/scmessenger/android/transport/ble/BleScanner.kt,615,clearPeerCache,kotlin,wiring,mutex-guard,0.38
android/app/src/main/java/com/scmessenger/android/ui/MainActivity.kt,189,startAnrMonitoring,kotlin,wiring,result-stdlib,0.38
android/app/src/main/java/com/scmessenger/android/ui/MainActivity.kt,307,requestNotificationPermissionIfNeeded,kotlin,wiring,guard-early-return,0.38
android/app/src/main/java/com/scmessenger/android/ui/dashboard/PeerListScreen.kt,182,PeerCard,kotlin,wiring,no-change,0.38
android/app/src/main/java/com/scmessenger/android/ui/dashboard/PeerListScreen.kt,265,displayName,kotlin,wiring,guard-early-return,0.38
android/app/src/main/java/com/scmessenger/android/ui/screens/DiagnosticsScreen.kt,36,DiagnosticsScreen,kotlin,wiring,flow-collect,0.38
android/app/src/main/java/com/scmessenger/android/ui/viewmodels/SettingsViewModel.kt,965,logMessageDeliveryAttempt,kotlin,wiring,result-sealed,0.38
android/app/src/main/java/com/scmessenger/android/utils/DiagnosticsShareController.kt,103,resolveShareTarget,kotlin,wiring,result-sealed,0.38
android/app/src/main/java/com/scmessenger/android/utils/PeerIdValidator.kt,52,isBlePeerId,kotlin,wiring,result-stdlib,0.38
android/app/src/main/java/com/scmessenger/android/utils/PeerIdValidator.kt,62,isTransportPeerId,kotlin,wiring,guard-early-return,0.38
android/app/src/test/java/com/scmessenger/android/data/GhostIdentityGateTest.kt,32,never_succeeded_and_dead_failures_is_ghost,kotlin,wiring,guard-early-return,0.38
android/app/src/test/java/com/scmessenger/android/data/ReceiptUnificationTest.kt,143,cancelRepoScope,kotlin,wiring,guard-early-return,0.38
android/app/src/test/java/com/scmessenger/android/test/DiagnosticsBundleFormatterTest.kt,36,`bundle preserves core diagnostics and logs`,kotlin,wiring,no-change,0.38
android/app/src/test/java/com/scmessenger/android/test/RoleNavigationPolicyTest.kt,30,`start destination follows role`,kotlin,wiring,no-change,0.38
android/app/src/test/java/com/scmessenger/android/test/SettingsViewModelTest.kt,132,`setManualProfile persists preference`,kotlin,wiring,no-change,0.38
android/app/src/test/java/com/scmessenger/android/utils/ContactDisplayNameTest.kt,86,`whitespace-only values treated as blank`,kotlin,wiring,no-change,0.38
android/app/src/test/java/com/scmessenger/android/utils/DeepLinkValidatorTest.kt,122,`10-private off-subnet is rejected`,kotlin,wiring,guard-early-return,0.38
android/app/src/test/java/com/scmessenger/android/utils/NotificationGateTest.kt,92,foregroundAndPresentationGates_apply,kotlin,wiring,no-change,0.38
android/app/src/test/java/com/scmessenger/android/utils/PeerIdValidatorCanonicalTest.kt,44,`live identity ids that are not curve points are not treated as pubkeys`,kotlin,wiring,guard-early-return,0.38
android/shared/src/androidMain/kotlin/com/scmessenger/shared/platform/PlatformStorage.android.kt,26,remove,kotlin,wiring,result-stdlib,0.38
android/shared/src/commonMain/kotlin/com/scmessenger/shared/viewmodel/ContactsViewModel.kt,40,loadContacts,kotlin,wiring,result-sealed,0.38
cli/src/api_axum.rs,112,generate_run_id,rust,wiring,propagate-question,0.38
cli/src/ble_mesh.rs,79,diagnostic_message_id,rust,wiring,propagate-question,0.38
cli/src/ledger.rs,179,new,rust,wiring,no-change,0.38
cli/src/ledger.rs,905,extract_ip_port,rust,wiring,validate-guard,0.38
cli/src/ledger.rs,1288,test_find_peer_multiaddr_resolves_core_entry,rust,wiring,no-change,0.38
cli/src/main.rs,3849,resolve_sender_peer_id,rust,wiring,handle-local-fallback,0.38
cli/src/seed_dial.rs,131,sweep_decision_watches_when_connected,rust,wiring,no-change,0.38
cli/tests/integration_mesh_acceptance.rs,68,my_addrs,rust,wiring,propagate-question,0.38
core/src/abuse/reputation.rs,20,new,rust,wiring,no-change,0.38
core/src/crypto/encrypt.rs,1245,test_rebuild_that_cannot_decrypt_keeps_existing_session,rust,security,validate-guard,0.38
core/src/crypto/ratchet.rs,192,clone,rust,wiring,no-change,0.38
core/src/crypto/ratchet.rs,324,skipped_keys_snapshot,rust,wiring,no-change,0.38
core/src/drift/frame.rs,59,as_u8,rust,wiring,no-change,0.38
core/src/drift/policy.rs,489,test_should_reduce_true_for_reduced,rust,wiring,no-change,0.38
core/src/drift/policy.rs,513,test_current_profile_getter,rust,wiring,no-change,0.38
core/src/drift/sketch.rs,78,new,rust,wiring,no-change,0.38
core/src/dspy/teleprompt.rs,160,build_verifier_prompt,rust,wiring,no-change,0.38
core/src/identity/keys.rs,113,identify_key_type,rust,wiring,propagate-question,0.38
core/src/iron_core.rs,1565,get_libp2p_peer_id,rust,wiring,propagate-question,0.38
core/src/iron_core.rs,4554,drift_apply_policy,rust,wiring,propagate-question,0.38
core/src/message/codec.rs,373,test_envelope_roundtrip,rust,security,propagate-question,0.38
core/src/message/identity_envelope.rs,342,test_select_authoritative_nickname_semantics,rust,wiring,no-change,0.38
core/src/mobile_bridge.rs,525,stop,rust,wiring,drop-guard,0.38
core/src/mobile_bridge.rs,2889,set_on_service_discovered,rust,wiring,drop-guard,0.38
core/src/mobile_bridge.rs,4333,is_peer_suspicious,rust,wiring,propagate-question,0.38
core/src/mobile_bridge.rs,4834,test_connection_path_state_disconnected_without_peers,rust,wiring,no-change,0.38
core/src/mobile_bridge.rs,5877,on_ble_data_received,rust,wiring,validate-guard,0.38
core/src/mobile_bridge.rs,6397,on_entering_foreground,rust,wiring,state-machine,0.38
core/src/mobile_bridge.rs,6431,wifi_direct_connect,rust,wiring,propagate-question,0.38
core/src/relay/findmy.rs,287,test_encode_decode_roundtrip,rust,security,propagate-question,0.38
core/src/relay/findmy.rs,321,test_is_our_wakeup_match,rust,security,propagate-question,0.38
core/src/relay/findmy.rs,390,test_beacon_manager_process_beacon,rust,security,validate-guard,0.38
core/src/relay/invite.rs,537,record_invite,rust,wiring,propagate-question,0.38
core/src/relay/invite.rs,695,test_token,rust,wiring,propagate-question,0.38
core/src/relay/invite.rs,1299,test_record_invite,rust,wiring,no-change,0.38
core/src/relay/invite.rs,1373,test_create_invite_token,rust,wiring,propagate-question,0.38
core/src/relay/server.rs,275,get_stats,rust,wiring,no-change,0.38
core/src/routing/adaptive_ttl.rs,130,cleanup,rust,wiring,no-change,0.38
core/src/routing/adaptive_ttl.rs,180,test_inactive_peer_ttl,rust,wiring,no-change,0.38
core/src/routing/neighborhood.rs,43,from_battery,rust,wiring,no-change,0.38
core/src/routing/neighborhood.rs,224,process_gossip,rust,wiring,validate-guard,0.38
core/src/routing/neighborhood.rs,451,test_update_gateway,rust,wiring,no-change,0.38
core/src/store/inbox.rs,383,make_received,rust,wiring,propagate-question,0.38
core/src/store/ledger_entry.rs,1635,set_own_identity,rust,wiring,validate-guard,0.38
core/src/store/relay_custody.rs,475,persistent,rust,wiring,propagate-question,0.38
core/src/store/relay_custody.rs,1141,reset_delivery_attempts_for_destination,rust,wiring,propagate-question,0.38
core/src/transport/addr_filter.rs,352,is_dialable_trusted_local_proxy_parsed,rust,wiring,propagate-question,0.38
core/src/transport/addr_filter.rs,683,strip_peer_id_multiaddr,rust,wiring,no-change,0.38
core/src/transport/addr_filter.rs,808,is_self_circuit,rust,wiring,handle-local-fallback,0.38
core/src/transport/addr_filter.rs,1248,nat64_wellknown_prefix_cannot_launder_an_internal_ipv4,rust,wiring,no-change,0.38
core/src/transport/circuit_breaker.rs,101,new,rust,wiring,propagate-question,0.38
core/src/transport/circuit_breaker.rs,509,test_last_failure_reason,rust,wiring,no-change,0.38
core/src/transport/dial_policy.rs,195,register_dial_attempt,rust,wiring,drop-guard,0.38
core/src/transport/dial_policy.rs,789,test_multiaddr_to_key,rust,wiring,propagate-question,0.38
core/src/transport/escalation.rs,211,escalation_score,rust,wiring,handle-local-fallback,0.38
core/src/transport/escalation.rs,348,create_peer_id,rust,wiring,no-change,0.38
core/src/transport/health.rs,95,record_message_success,rust,wiring,handle-local-fallback,0.38
core/src/transport/manager.rs,1077,test_register_transport,rust,wiring,no-change,0.38
core/src/transport/relay_health.rs,263,should_retry,rust,wiring,no-change,0.38
core/src/transport/swarm.rs,70,peer_is_blocked,rust,wiring,handle-local-fallback,0.38
core/src/transport/swarm.rs,95,rearm_ledger_exchange_after_failure,rust,wiring,propagate-question,0.38
core/src/transport/swarm.rs,1863,prune_peer_buckets,rust,wiring,no-change,0.38
core/src/transport/wifi_direct.rs,314,get_discovered_peers,rust,wiring,no-change,0.38
core/src/wasm_support/rpc.rs,694,notif_message_received,rust,wiring,handle-local-fallback,0.38
core/tests/integration_local_mesh_node3.rs,134,close_data_path,rust,wiring,propagate-question,0.38
core/tests/integration_nat_reflection.rs,96,test_peer_address_discovery_with_live_swarm,rust,security,drop-guard,0.38
core/tests/integration_offline_partition_matrix.rs,10,now_secs,rust,wiring,propagate-question,0.38
core/tests/mocks/routing.rs,45,add_decision,rust,wiring,propagate-question,0.38
core/tests/property/encryption_roundtrip.rs,232,test_max_size_plaintext_roundtrip,rust,security,propagate-question,0.38
core/tests/property/identity_roundtrip.rs,144,test_export_format,rust,security,propagate-question,0.38
core/tests/property/identity_roundtrip.rs,231,test_cross_verification,rust,security,propagate-question,0.38
core/tests/test_and06_live_key_corpus.rs,101,live_identity_ids_still_derive_from_their_live_public_keys,rust,wiring,propagate-question,0.38
core/tests/test_multiport.rs,109,test_ipv6_only_mode,rust,wiring,no-change,0.38
desktop_bridge/src/power.rs,33,detect_linux_power_state,rust,wiring,handle-local-fallback,0.38
desktop_bridge/src/tray.rs,64,test_tray_disconnected,rust,wiring,no-change,0.38
iOS/SCMessenger/SCMessenger/Data/MeshRepository.swift,531,migrateLegacyContactStoreIfNeeded,swift,wiring,defer-cleanup,0.38
iOS/SCMessenger/SCMessenger/Data/MeshRepository.swift,1489,scheduleContactPersistenceCheckpoint,swift,wiring,task-cancel,0.38
iOS/SCMessenger/SCMessenger/Data/MeshRepository.swift,2355,sendHistorySyncIfNeeded,swift,wiring,split-function,0.38
iOS/SCMessenger/SCMessenger/Data/MeshRepository.swift,5793,removePendingOutbound,swift,wiring,throws-propagate,0.38
iOS/SCMessenger/SCMessenger/Data/MeshRepository.swift,6040,extractIpv6FromMultiaddr,swift,wiring,guard-let,0.38
iOS/SCMessenger/SCMessenger/Data/MeshRepository.swift,7257,normalize,swift,wiring,no-change,0.38
iOS/SCMessenger/SCMessenger/Generated/api.swift,452,write,swift,wiring,throws-propagate,0.38
iOS/SCMessenger/SCMessenger/Generated/api.swift,7276,FfiConverterTypeReceipt_lower,swift,wiring,no-change,0.38
iOS/SCMessenger/SCMessenger/Generated/api.swift,7632,write,swift,wiring,no-change,0.38
iOS/SCMessenger/SCMessenger/Services/IosPlatformBridge.swift,129,sendProximityPacket,swift,wiring,result-type,0.38
iOS/SCMessenger/SCMessenger/ViewModels/ContactsViewModel.swift,88,isSyntheticFallbackNickname,swift,wiring,guard-let,0.38
iOS/SCMessenger/SCMessenger/ViewModels/ContactsViewModel.swift,270,isBootstrapRelayPeer,swift,wiring,guard-let,0.38
iOS/SCMessenger/SCMessenger/Views/Contacts/VerifySafetyNumberSheet.swift,126,verificationStatus,swift,wiring,no-change,0.38
iOS/SCMessengerCore.xcframework/ios-arm64-simulator/Headers/SCMessengerCore.swift,866,lower,swift,wiring,defer-cleanup,0.38
iOS/SCMessengerCore.xcframework/ios-arm64-simulator/Headers/SCMessengerCore.swift,3840,write,swift,wiring,throws-propagate,0.38
wasm/src/connection_state.rs,245,new,rust,wiring,propagate-question,0.38
wasm/src/daemon_bridge.rs,689,daemon_bridge_send_request_simulation,rust,wiring,channel-event,0.38
wasm/src/lib.rs,341,stop,rust,wiring,propagate-question,0.38
wasm/src/mesh.rs,269,get_peers,rust,wiring,no-change,0.38
wasm/src/notification_manager.rs,232,is_supported,rust,wiring,no-change,0.38
wasm/src/storage.rs,142,get_message,rust,wiring,no-change,0.38
wasm/src/transport.rs,1216,get_peer,rust,wiring,no-change,0.38
android/app/src/main/java/com/scmessenger/android/data/MeshRepository.kt,2803,sendDeliveryReceiptAsync,kotlin,wiring,split-function,0.37
android/app/src/main/java/com/scmessenger/android/data/MeshRepository.kt,3347,buildBeacon,kotlin,wiring,guard-early-return,0.37
android/app/src/main/java/com/scmessenger/android/data/MeshRepository.kt,4810,hasConversationWith,kotlin,wiring,result-stdlib,0.37
android/app/src/main/java/com/scmessenger/android/data/MeshRepository.kt,6417,addMessage,kotlin,wiring,guard-early-return,0.37
android/app/src/main/java/com/scmessenger/android/data/MeshRepository.kt,6557,recordConnectionFailure,kotlin,wiring,result-sealed,0.37
android/app/src/main/java/com/scmessenger/android/data/MeshRepository.kt,6631,getDialableAddresses,kotlin,wiring,result-sealed,0.37
android/app/src/main/java/com/scmessenger/android/data/MeshRepository.kt,10609,normalizeOutboundListenerHints,kotlin,wiring,no-change,0.37
android/app/src/main/java/com/scmessenger/android/data/MeshRepository.kt,12399,transportTypeFromValue,kotlin,wiring,guard-early-return,0.37
android/app/src/main/java/com/scmessenger/android/service/AndroidPlatformBridge.kt,237,dispatchNetworkStateUpdate,kotlin,wiring,coroutine-scope,0.37
android/app/src/main/java/com/scmessenger/android/service/MeshVpnService.kt,100,stopVpn,kotlin,wiring,use-block,0.37
android/app/src/main/java/com/scmessenger/android/service/PerformanceMonitor.kt,88,recordUiTiming,kotlin,wiring,mutex-guard,0.37
android/app/src/main/java/com/scmessenger/android/service/ServiceHealthMonitor.kt,336,updateHeartbeat,kotlin,wiring,mutex-guard,0.37
android/app/src/main/java/com/scmessenger/android/transport/SubnetProbe.kt,465,expandSubnet,kotlin,wiring,guard-early-return,0.37
android/app/src/main/java/com/scmessenger/android/transport/TransportManager.kt,281,sendViaTransport,kotlin,wiring,split-function,0.37
android/app/src/main/java/com/scmessenger/android/transport/TransportManager.kt,375,initializeWifiAware,kotlin,wiring,result-sealed,0.37
android/app/src/main/java/com/scmessenger/android/transport/ble/BleGattClient.kt,473,fragmentData,kotlin,wiring,guard-early-return,0.37
android/app/src/main/java/com/scmessenger/android/transport/ble/BleScanner.kt,116,onScanResult,kotlin,wiring,split-function,0.37
android/app/src/main/java/com/scmessenger/android/ui/MainActivity.kt,440,onDestroy,kotlin,wiring,no-change,0.37
android/app/src/main/java/com/scmessenger/android/ui/components/ErrorBanner.kt,37,ErrorBanner,kotlin,wiring,no-change,0.37
android/app/src/main/java/com/scmessenger/android/ui/viewmodels/ContactsViewModel.kt,166,selectStablePeerId,kotlin,wiring,guard-early-return,0.37
android/app/src/main/java/com/scmessenger/android/ui/viewmodels/ContactsViewModel.kt,919,refreshDiscovery,kotlin,wiring,coroutine-scope,0.37
android/app/src/main/java/com/scmessenger/android/ui/viewmodels/IdentityViewModel.kt,255,refreshQrCode,kotlin,wiring,coroutine-scope,0.37
android/app/src/main/java/com/scmessenger/android/utils/NotificationHelper.kt,757,channelForMessage,kotlin,wiring,no-change,0.37
android/app/src/main/java/com/scmessenger/android/utils/NotificationHelper.kt,767,updateSettings,kotlin,wiring,mutex-guard,0.37
android/app/src/test/java/com/scmessenger/android/data/MeshRepositorySeedImportTest.kt,90,`importing more than MAX_SEEDS_PER_IMPORT is bounded to 16`,kotlin,wiring,no-change,0.37
android/app/src/test/java/com/scmessenger/android/test/DeliveryStateMapperTest.kt,11,`maps delivered flag to delivered state`,kotlin,wiring,no-change,0.37
android/app/src/test/java/com/scmessenger/android/test/DropAtCapRetentionTest.kt,146,"`undelivered send at attempt cap is retained, never dropped`",kotlin,wiring,guard-early-return,0.37
android/app/src/test/java/com/scmessenger/android/test/SettingsViewModelTest.kt,37,settings,kotlin,wiring,no-change,0.37
android/app/src/test/java/com/scmessenger/android/transport/MdnsDnsaddrInteropTest.kt,87,`a Rust node advertising only dnsaddr is discovered`,kotlin,wiring,no-change,0.37
android/app/src/test/java/com/scmessenger/android/utils/ContactDisplayNameTest.kt,72,`synthetic peer- fallback nickname treated as blank`,kotlin,wiring,guard-early-return,0.37
android/app/src/test/java/com/scmessenger/android/utils/ContactDisplayNameTest.kt,128,`resolveLocalNickname ignores synthetic existing and takes real incoming`,kotlin,wiring,guard-early-return,0.37
android/app/src/test/java/com/scmessenger/android/utils/InstallPayloadTest.kt,58,`parse returns null sha when sha absent`,kotlin,wiring,result-stdlib,0.37
android/app/src/test/java/com/scmessenger/android/utils/PeerIdValidatorTest.kt,69,`normalize lowercases hex ids and preserves base58 case`,kotlin,wiring,no-change,0.37
android/shared/src/commonMain/kotlin/com/scmessenger/shared/viewmodel/ChatViewModel.kt,36,updateInput,kotlin,wiring,guard-early-return,0.37
cli/src/ble_daemon.rs,493,test_ble_daemon_fallback_logic,rust,wiring,state-machine,0.37
cli/src/ble_mesh.rs,142,insert,rust,wiring,state-machine,0.37
cli/src/main.rs,1427,render_terminal_url_box,rust,wiring,return-value,0.37
core/src/abuse/auto_block.rs,246,current_epoch_secs,rust,wiring,propagate-question,0.37
core/src/abuse/reputation.rs,188,is_abusive,rust,wiring,no-change,0.37
core/src/abuse/reputation.rs,257,test_all_enhanced_scores,rust,wiring,no-change,0.37
core/src/contacts_bridge.rs,485,test_contact_creation,rust,wiring,no-change,0.37
core/src/drift/policy.rs,180,make_device_state,rust,wiring,propagate-question,0.37
core/src/drift/policy.rs,212,test_profile_standard_high_battery,rust,wiring,no-change,0.37
core/src/drift/policy.rs,275,test_scan_interval_maximum,rust,wiring,no-change,0.37
core/src/drift/policy.rs,410,test_battery_floor_maximum,rust,wiring,no-change,0.37
core/src/drift/policy.rs,562,test_override_combinations,rust,wiring,propagate-question,0.37
core/src/drift/rate_limit.rs,162,test_window_expiry,rust,wiring,no-change,0.37
core/src/drift/sketch.rs,303,make_test_id,rust,wiring,no-change,0.37
core/src/dspy/modules.rs,88,new,rust,wiring,validate-guard,0.37
core/src/iron_core.rs,2879,routing_update_reliability,rust,wiring,validate-guard,0.37
core/src/iron_core.rs,4176,relay_bootstrap_manager_handle,rust,wiring,no-change,0.37
core/src/iron_core.rs,4267,record_reconnect_success_and_clear_cache,rust,wiring,validate-guard,0.37
core/src/iron_core.rs,4288,peers_needing_reconnect,rust,wiring,propagate-question,0.37
core/src/iron_core.rs,4871,auto_block_unexempt_peer,rust,wiring,propagate-question,0.37
core/src/iron_core.rs,5075,test_resolve_identity_accepts_both_identifier_forms,rust,security,propagate-question,0.37
core/src/message/codec.rs,615,test_v2_signed_envelope_roundtrip,rust,security,propagate-question,0.37
core/src/mobile_bridge.rs,638,export_diagnostics,rust,wiring,handle-local-fallback,0.37
core/src/mobile_bridge.rs,2220,drain_to_fixed_point,rust,wiring,drop-guard,0.37
core/src/mobile_bridge.rs,5251,wifi_aware_stop,rust,wiring,explicit-close,0.37
core/src/mobile_bridge.rs,5823,on_battery_changed,rust,wiring,handle-local-fallback,0.37
core/src/mobile_bridge.rs,6061,wifi_direct_stop_discovery,rust,wiring,propagate-question,0.37
core/src/mobile_bridge.rs,6356,on_entering_background,rust,wiring,state-machine,0.37
core/src/notification.rs,490,disabled_notifications_suppress_delivery,rust,wiring,no-change,0.37
core/src/privacy/onion.rs,638,create_classical_hop,rust,wiring,no-change,0.37
core/src/privacy/timing.rs,269,test_compute_jitter_uniform,rust,wiring,no-change,0.37
core/src/relay/client.rs,203,create_handshake,rust,wiring,no-change,0.37
core/src/relay/server.rs,288,stored_count_for_peer,rust,wiring,no-change,0.37
core/src/routing/global.rs,173,routes_for_hint,rust,wiring,no-change,0.37
core/src/routing/global.rs,653,test_route_request_pending_freshness,rust,wiring,drop-guard,0.37
core/src/routing/multipath.rs,133,prune_below,rust,wiring,no-change,0.37
core/src/routing/neighborhood.rs,308,cleanup,rust,wiring,no-change,0.37
core/src/routing/resume_prefetch.rs,520,test_prefetch_stats,rust,wiring,no-change,0.37
core/src/routing/smart_retry.rs,246,test_edge_case_max_equals_base,rust,wiring,no-change,0.37
core/src/routing/timeout_budget.rs,234,test_budget_creation,rust,wiring,no-change,0.37
core/src/settings.rs,36,default,rust,wiring,no-change,0.37
core/src/store/contacts.rs,1582,test_contact_bundle_storage,rust,security,propagate-question,0.37
core/src/store/dedup.rs,172,dedup_stats_records_first_seen,rust,wiring,no-change,0.37
core/src/store/ledger_entry.rs,488,is_self_certifying_binding,rust,wiring,validate-guard,0.37
core/src/store/ledger_entry.rs,537,record_observed_peer_id_locked,rust,wiring,validate-guard,0.37
core/src/store/ledger_entry.rs,1602,all_known_topics,rust,wiring,drop-guard,0.37
core/src/store/ledger_entry.rs,4155,record_connection_refuses_dns_forms_from_any_caller,rust,wiring,validate-guard,0.37
core/src/store/outbox.rs,324,persistent,rust,wiring,propagate-question,0.37
core/src/store/outbox.rs,1441,default,rust,wiring,no-change,0.37
core/src/store/relay_custody.rs,3449,aged_custody_record,rust,wiring,validate-guard,0.37
core/src/store/storage.rs,45,new,rust,wiring,validate-guard,0.37
core/src/store/sweeper.rs,152,test_sweep_edge_case_zero_ttl,rust,wiring,no-change,0.37
core/src/store/transport_memory.rs,97,get_network_fingerprint,rust,wiring,return-value,0.37
core/src/transport/abstraction.rs,329,test_transport_capabilities_for_local,rust,wiring,no-change,0.37
core/src/transport/addr_filter.rs,1125,disclosure_keeps_globally_routable_addresses,rust,wiring,no-change,0.37
core/src/transport/addr_filter.rs,1165,rejects_addresses_with_no_transport_component,rust,wiring,validate-guard,0.37
core/src/transport/addr_filter.rs,1565,rfc1918_disclosure_rejects_cgnat_requester_same_subnet_collision,rust,wiring,no-change,0.37
core/src/transport/bootstrap.rs,576,test_bootstrap_manager_add_node,rust,wiring,propagate-question,0.37
core/src/transport/circuit_breaker.rs,301,get_stats,rust,wiring,drop-guard,0.37
core/src/transport/diagnostics.rs,46,get_network_diagnostics_report,rust,wiring,propagate-question,0.37
core/src/transport/observation.rs,405,test_consensus_excludes_ephemeral_port_even_when_more_common,rust,wiring,no-change,0.37
core/src/transport/peer_broadcast.rs,154,test_peer_broadcaster,rust,wiring,no-change,0.37
core/src/transport/relay_health.rs,62,is_healthy,rust,wiring,handle-local-fallback,0.37
core/src/transport/reputation.rs,218,load_from_storage,rust,wiring,propagate-question,0.37
core/src/transport/swarm.rs,1531,last_identified_log,rust,wiring,no-change,0.37
core/src/transport/swarm.rs,1543,negotiation_failure_counts,rust,wiring,no-change,0.37
core/src/transport/swarm.rs,2001,marker_now_ms,rust,wiring,propagate-question,0.37
core/src/transport/swarm.rs,3767,topic_subscribe_decision,rust,wiring,propagate-question,0.37
core/src/transport/swarm.rs,10468,zombie_reap_fires_on_silence_plus_fresh_deny,rust,wiring,state-machine,0.37
core/src/util.rs,6,unix_time_ms,rust,wiring,propagate-question,0.37
core/tests/integration_dial_policy.rs,7,test_dial_policy_exponential_backoff,rust,wiring,state-machine,0.37
core/tests/integration_ironcore_roundtrip.rs,329,test_receipt_roundtrip_flips_state,rust,security,validate-guard,0.37
core/tests/integration_wifi_aware.rs,40,wifi_direct_discover_peers,rust,wiring,return-value,0.37
core/tests/mocks/identity.rs,41,default,rust,wiring,no-change,0.37
core/tests/test_multiport.rs,272,test_bind_analysis_moderate_connectivity,rust,wiring,no-change,0.37
desktop_bridge/src/lib.rs,80,test_xdg_config_dir_returns_path,rust,wiring,propagate-question,0.37
iOS/SCMessenger/SCMessenger/Data/MeshRepository.swift,2880,pruneDisconnectedPeer,swift,wiring,guard-let,0.37
iOS/SCMessenger/SCMessenger/Data/MeshRepository.swift,3076,currentNotificationSettings,swift,wiring,guard-let,0.37
iOS/SCMessenger/SCMessenger/Data/MeshRepository.swift,3345,ledgerBootstrapAddresses,swift,wiring,no-change,0.37
iOS/SCMessenger/SCMessenger/Generated/api.swift,8137,write,swift,wiring,no-change,0.37
iOS/SCMessenger/SCMessenger/Transport/BLECentralManager.swift,239,validateConnectionState,swift,wiring,result-type,0.37
iOS/SCMessenger/SCMessenger/Transport/BLEPeripheralManager.swift,107,setRotationEnabled,swift,wiring,defer-cleanup,0.37
iOS/SCMessenger/SCMessenger/Transport/BLEPeripheralManager.swift,601,peripheralManager,swift,wiring,split-function,0.37
iOS/SCMessenger/SCMessenger/ViewModels/SettingsViewModel.swift,47,loadNickname,swift,wiring,guard-let,0.37
iOS/SCMessenger/SCMessenger/ViewModels/SettingsViewModel.swift,242,updateBatteryFloor,swift,wiring,async-await,0.37
iOS/SCMessenger/SCMessenger/Views/Dashboard/MeshDashboardView.swift,410,parseRoutingLibp2pPeerId,swift,wiring,result-type,0.37
iOS/SCMessengerCore.xcframework/ios-arm64-simulator/Headers/SCMessengerCore.swift,4073,FfiConverterTypeNotificationUiState_lower,swift,wiring,no-change,0.37
iOS/SCMessengerCore.xcframework/ios-arm64/Headers/SCMessengerCore.swift,5075,write,swift,wiring,no-change,0.37
iOS/SCMessengerTests/NotificationVerificationTests.swift,425,testConstraintHandling,swift,wiring,result-type,0.37
patch/if-watch-full/src/lib.rs,166,is_terminated,rust,wiring,return-value,0.37
wasm/src/lib.rs,2052,from,rust,wiring,complete-match,0.37
wasm/src/mesh.rs,137,stop,rust,wiring,state-machine,0.37
wasm/src/notification_manager.rs,226,is_permission_granted,rust,wiring,no-change,0.37
wasm/src/transport.rs,1228,peer_count,rust,wiring,no-change,0.37
wasm/src/transport.rs,1392,test_wasm_transport_add_peer,rust,wiring,state-machine,0.37
AgentSwarmCline/scmessenger_swarm/observability_tests.rs,75,test_very_long_message_id,rust,wiring,validate-guard,0.36
android/app/src/main/java/com/scmessenger/android/data/MeshRepository.kt,1067,getRetryDelay,kotlin,wiring,no-change,0.36
android/app/src/main/java/com/scmessenger/android/data/MeshRepository.kt,1288,ensureTransportManager,kotlin,wiring,callback-flow,0.36
android/app/src/main/java/com/scmessenger/android/data/MeshRepository.kt,3152,sendHistorySyncDataIfNeeded,kotlin,wiring,split-function,0.36
android/app/src/main/java/com/scmessenger/android/data/MeshRepository.kt,3935,initializeAndStartSwarm,kotlin,wiring,coroutine-scope,0.36
android/app/src/main/java/com/scmessenger/android/data/MeshRepository.kt,9528,isWifiPeerId,kotlin,wiring,no-change,0.36
android/app/src/main/java/com/scmessenger/android/data/MeshRepository.kt,9839,appendRoutingHint,kotlin,wiring,guard-early-return,0.36
android/app/src/main/java/com/scmessenger/android/data/MeshRepository.kt,10366,toDialableRoutePeerId,kotlin,wiring,result-sealed,0.36
android/app/src/main/java/com/scmessenger/android/data/MeshRepository.kt,10674,isDialableAddress,kotlin,wiring,result-sealed,0.36
android/app/src/main/java/com/scmessenger/android/data/MeshRepository.kt,12280,handleBleTransportDegradation,kotlin,wiring,guard-early-return,0.36
android/app/src/main/java/com/scmessenger/android/service/MeshForegroundService.kt,737,showMessageNotificationWithClassification,kotlin,wiring,split-function,0.36
android/app/src/main/java/com/scmessenger/android/transport/TransportManager.kt,406,initializeWifiDirect,kotlin,wiring,result-sealed,0.36
android/app/src/main/java/com/scmessenger/android/transport/WifiAwareTransport.kt,194,startSubscribing,kotlin,wiring,callback-flow,0.36
android/app/src/main/java/com/scmessenger/android/transport/ble/BleScanner.kt,395,run,kotlin,wiring,coroutine-scope,0.36
android/app/src/main/java/com/scmessenger/android/transport/ble/BleScanner.kt,640,pruneOldPeers,kotlin,wiring,mutex-guard,0.36
android/app/src/main/java/com/scmessenger/android/ui/contacts/AddContactScreen.kt,191,ManualEntryTab,kotlin,wiring,guard-early-return,0.36
android/app/src/main/java/com/scmessenger/android/ui/identity/IdentityScreen.kt,158,IdentityNotInitializedView,kotlin,wiring,flow-collect,0.36
android/app/src/main/java/com/scmessenger/android/ui/screens/SettingsScreen.kt,472,DataManagementSection,kotlin,wiring,no-change,0.36
android/app/src/main/java/com/scmessenger/android/ui/viewmodels/ConversationsViewModel.kt,237,isPeerAvailable,kotlin,wiring,flow-collect,0.36
android/app/src/main/java/com/scmessenger/android/ui/viewmodels/ConversationsViewModel.kt,324,isBlocked,kotlin,wiring,result-stdlib,0.36
android/app/src/main/java/com/scmessenger/android/ui/viewmodels/MainViewModel.kt,301,skipOnboardingForRelayOnlyInstall,kotlin,wiring,coroutine-scope,0.36
android/app/src/main/java/com/scmessenger/android/ui/viewmodels/SettingsViewModel.kt,1013,primeRelayBootstrapConnections,kotlin,wiring,result-sealed,0.36
android/app/src/main/java/com/scmessenger/android/utils/ContactDisplayName.kt,50,resolveLocalNickname,kotlin,wiring,guard-early-return,0.36
android/app/src/main/java/com/scmessenger/android/utils/PeerIdValidator.kt,74,isPublicKeyHex,kotlin,wiring,guard-early-return,0.36
android/app/src/test/java/com/scmessenger/android/data/NicknameAuthorityTest.kt,52,`real incoming replaces synthetic existing`,kotlin,wiring,no-change,0.36
android/app/src/test/java/com/scmessenger/android/test/MeshForegroundServiceTest.kt,49,`resume resolves to Start when state is incomplete`,kotlin,wiring,guard-early-return,0.36
android/app/src/test/java/com/scmessenger/android/test/MeshForegroundServiceTest.kt,165,`explicit start resolves to Start`,kotlin,wiring,no-change,0.36
android/app/src/test/java/com/scmessenger/android/test/MeshRepositoryTest.kt,308,`parseTransportsFromMultiaddrs distinguishes LAN TCP from Internet TCP`,kotlin,wiring,result-sealed,0.36
android/app/src/test/java/com/scmessenger/android/test/OrderingAndNotificationRoutingTest.kt,29,record,kotlin,wiring,no-change,0.36
android/app/src/test/java/com/scmessenger/android/transport/ble/BleScannerTest.kt,161,pruneOldPeers_removesStaleEntries,kotlin,wiring,no-change,0.36
android/app/src/test/java/com/scmessenger/android/ui/viewmodels/MeshServiceViewModelTest.kt,131,`getStatsText handles null stats`,kotlin,wiring,flow-collect,0.36
android/app/src/test/java/com/scmessenger/android/utils/DeepLinkValidatorTest.kt,166,`multiaddr without tcp is dropped`,kotlin,wiring,guard-early-return,0.36
android/shared/src/androidMain/kotlin/com/scmessenger/shared/platform/PlatformStorage.android.kt,14,putString,kotlin,wiring,result-stdlib,0.36
android/shared/src/commonMain/kotlin/com/scmessenger/shared/platform/PlatformStorage.kt,16,remove,kotlin,wiring,result-stdlib,0.36
android/shared/src/commonMain/kotlin/com/scmessenger/shared/viewmodel/AppViewModel.kt,47,stopService,kotlin,wiring,coroutine-scope,0.36
cli/src/ledger.rs,849,contains_peer_id_component,rust,wiring,propagate-question,0.36
cli/src/main.rs,2314,resolve_auto_reply_body,rust,wiring,no-change,0.36
cli/tests/integration_message_requests.rs,171,message_request_lifecycle_reject,rust,security,drop-guard,0.36
core/src/abuse/spam_detection.rs,487,test_heuristics_only_flooding_detection,rust,wiring,no-change,0.36
core/src/bin/gen_swift.rs,173,main,rust,wiring,split-function,0.36
core/src/crypto/backup.rs,406,test_kdf_is_memory_hard,rust,security,propagate-question,0.36
core/src/crypto/pq/hybrid.rs,148,test_roundtrip,rust,security,propagate-question,0.36
core/src/crypto/ratchet.rs,115,new_with_index,rust,wiring,validate-guard,0.36
core/src/drift/policy.rs,221,test_profile_standard_at_boundary,rust,wiring,no-change,0.36
core/src/drift/store.rs,259,generate_proof,rust,wiring,no-change,0.36
core/src/dspy/signatures.rs,167,get_signature,rust,wiring,no-change,0.36
core/src/identity/keys.rs,846,test_peer_id_unique_per_keypair,rust,security,propagate-question,0.36
core/src/identity/mod.rs,329,test_identity_import_export_roundtrip,rust,security,propagate-question,0.36
core/src/iron_core.rs,4133,clear_all_request_notifications,rust,wiring,propagate-question,0.36
core/src/mobile_bridge.rs,5531,wifi_aware_publish,rust,wiring,return-value,0.36
core/src/mobile_bridge.rs,5843,send_proximity_packet,rust,wiring,propagate-question,0.36
core/src/mobile_bridge.rs,5844,wifi_aware_publish,rust,wiring,propagate-question,0.36
core/src/mobile_bridge.rs,6004,wifi_aware_stop,rust,wiring,explicit-close,0.36
core/src/mobile_bridge.rs,6008,wifi_direct_stop_discovery,rust,wiring,explicit-close,0.36
core/src/mobile_bridge.rs,6009,wifi_direct_connect,rust,wiring,propagate-question,0.36
core/src/mobile_bridge.rs,6012,wifi_direct_create_group,rust,wiring,return-value,0.36
core/src/mobile_bridge.rs,6423,wifi_aware_create_data_path,rust,wiring,return-value,0.36
core/src/notification.rs,61,allow,rust,wiring,validate-guard,0.36
core/src/notification.rs,480,explicit_request_overrides_known_contact_inference,rust,wiring,no-change,0.36
core/src/notification_defaults.rs,1,notifications_enabled,rust,wiring,no-change,0.36
core/src/notification_defaults.rs,5,notify_dm_enabled,rust,wiring,propagate-question,0.36
core/src/privacy/onion.rs,645,test_construct_onion_all_hybrid,rust,security,propagate-question,0.36
core/src/privacy/onion.rs,749,test_peel_layer_mixed_path,rust,security,propagate-question,0.36
core/src/relay/bootstrap.rs,50,new,rust,wiring,no-change,0.36
core/src/relay/bootstrap.rs,558,test_get_peer_addresses,rust,wiring,propagate-question,0.36
core/src/relay/invite.rs,632,new,rust,wiring,propagate-question,0.36
core/src/relay/invite.rs,1308,test_get_invitees,rust,wiring,no-change,0.36
core/src/relay/peer_exchange.rs,59,record_success,rust,wiring,no-change,0.36
core/src/relay/peer_exchange.rs,364,test_get_all_peers,rust,wiring,propagate-question,0.36
core/src/routing/engine.rs,592,test_next_hop_gateway,rust,wiring,complete-match,0.36
core/src/routing/global.rs,298,cleanup,rust,wiring,no-change,0.36
core/src/routing/global.rs,590,test_cleanup_expired_routes,rust,wiring,no-change,0.36
core/src/routing/global.rs,719,test_local_advertisements_cleared_on_update,rust,wiring,no-change,0.36
core/src/routing/negative_cache.rs,89,insert,rust,wiring,validate-guard,0.36
core/src/routing/neighborhood.rs,627,test_cleanup_removes_stale_entries,rust,wiring,no-change,0.36
core/src/routing/optimized_engine.rs,350,run_optimization,rust,wiring,handle-local-fallback,0.36
core/src/routing/resume_prefetch.rs,261,get_route_early,rust,wiring,no-change,0.36
core/src/routing/smart_retry.rs,180,test_multiplier_of_one,rust,wiring,no-change,0.36
core/src/routing/smart_retry.rs,269,test_delivery_trigger_variants,rust,wiring,no-change,0.36
core/src/store/contacts.rs,1133,derive_never_invents_a_key_from_an_identity_id,rust,security,validate-guard,0.36
core/src/store/ledger_entry.rs,1534,export_seed_entries,rust,wiring,propagate-question,0.36
core/src/store/ledger_entry.rs,2645,ledger_entry_to_shared,rust,wiring,handle-local-fallback,0.36
core/src/store/ledger_entry.rs,3230,strip_peer_id_component_matches_cli_convention,rust,wiring,no-change,0.36
core/src/store/ledger_entry.rs,3247,strip_peer_id_component_does_not_collapse_circuit_to_relay_address,rust,wiring,no-change,0.36
core/src/store/ledger_entry.rs,5196,locally_verified_only_entries_are_exported,rust,wiring,drop-guard,0.36
core/src/store/relay_custody.rs,1477,has_message_for_destination,rust,wiring,no-change,0.36
core/src/transport/abstraction.rs,144,fmt,rust,wiring,no-change,0.36
core/src/transport/addr_filter.rs,130,is_unconditionally_routable_ipv4,rust,wiring,no-change,0.36
core/src/transport/addr_filter.rs,1674,rejects_two_hop_self_referential_circuits,rust,wiring,no-change,0.36
core/src/transport/ble/scanner.rs,475,test_scan_result_distance_estimate,rust,wiring,no-change,0.36
core/src/transport/bootstrap.rs,472,get_healthy_relays,rust,wiring,propagate-question,0.36
core/src/transport/dial_policy.rs,271,record_permanent_failure,rust,wiring,drop-guard,0.36
core/src/transport/dial_policy.rs,326,get_backoff_state,rust,wiring,no-change,0.36
core/src/transport/dial_policy.rs,403,remove_relay,rust,wiring,no-change,0.36
core/src/transport/manager.rs,1135,confirm_stale,rust,wiring,propagate-question,0.36
core/src/transport/manager.rs,1629,test_non_target_peer_not_queued_for_reconnect,rust,wiring,no-change,0.36
core/src/transport/mesh_routing.rs,43,advance_route_cursor,rust,wiring,no-change,0.36
core/src/transport/mesh_routing.rs,1190,future_dated_flood_from_bounded_identities_cannot_evict_honest_routes,rust,wiring,no-change,0.36
core/src/transport/nat.rs,395,get_relay_circuit,rust,wiring,no-change,0.36
core/src/transport/peer_broadcast.rs,72,create_peer_joined_message,rust,wiring,propagate-question,0.36
core/src/transport/peer_broadcast.rs,100,create_peer_list_response,rust,wiring,propagate-question,0.36
core/src/transport/reputation.rs,387,rate_limit_multiplier,rust,wiring,handle-local-fallback,0.36
core/src/transport/swarm.rs,259,push_seed_dial_candidate,rust,wiring,validate-guard,0.36
core/src/transport/swarm.rs,755,addr_targets_self,rust,wiring,no-change,0.36
core/src/transport/swarm.rs,1381,note_connection_closed,rust,wiring,no-change,0.36
core/src/transport/swarm.rs,1467,clear_peer,rust,wiring,no-change,0.36
core/src/transport/swarm.rs,1622,on_success,rust,wiring,no-change,0.36
core/tests/integration_core_ffi_node1.rs,69,on_message_received,rust,wiring,validate-guard,0.36
core/tests/integration_dial_policy.rs,45,test_backoff_cap_at_30_seconds,rust,wiring,state-machine,0.36
core/tests/integration_recency_map_bounds.rs,25,now_secs,rust,wiring,propagate-question,0.36
core/tests/integration_wifi_aware.rs,44,wifi_direct_connect,rust,wiring,propagate-question,0.36
core/tests/integration_wp1_identity_unification.rs,274,own_topic_subscribe_is_registered_on_the_running_node,rust,security,drop-guard,0.36
core/tests/test_multiport.rs,150,test_custom_ports_only,rust,wiring,no-change,0.36
core/tests/test_multiport.rs,418,test_phase_2_implementation_complete,rust,wiring,no-change,0.36
core/tests/test_rule8_pr305_charge_points.rs,34,budget_accounting_is_no_longer_incremented_from_the_old_pre_parse_site,rust,wiring,no-change,0.36
desktop_bridge/build.rs,3,main,rust,wiring,no-change,0.36
desktop_bridge/src/lib.rs,74,test_xdg_data_dir_returns_path,rust,wiring,propagate-question,0.36
desktop_bridge/tests/xdg_paths_test.rs,78,test_desktop_version_non_empty,rust,wiring,no-change,0.36
iOS/SCMessenger/SCMessenger/Data/MeshRepository.swift,720,refreshIdentityHydration,swift,wiring,throws-propagate,0.36
iOS/SCMessenger/SCMessenger/Data/MeshRepository.swift,937,stopBleTransport,swift,wiring,guard-let,0.36
iOS/SCMessenger/SCMessenger/Data/MeshRepository.swift,1144,isIdentityInitialized,swift,wiring,guard-let,0.36
iOS/SCMessenger/SCMessenger/Data/MeshRepository.swift,2953,peerIdStrippedMultiaddr,swift,wiring,guard-let,0.36
iOS/SCMessenger/SCMessenger/Data/MeshRepository.swift,6350,upsertRoutingListeners,swift,wiring,split-function,0.36
iOS/SCMessenger/SCMessenger/Generated/api.swift,6605,write,swift,wiring,throws-propagate,0.36
iOS/SCMessenger/SCMessenger/Transport/BLECentralManager.swift,104,setBackgroundMode,swift,wiring,no-change,0.36
iOS/SCMessenger/SCMessenger/Transport/mDNSServiceDiscovery.swift,73,startAdvertising,swift,wiring,async-await,0.36
iOS/SCMessenger/SCMessenger/Transport/mDNSServiceDiscovery.swift,153,netServiceBrowser,swift,wiring,async-await,0.36
iOS/SCMessenger/SCMessenger/Utils/NotificationLogger.swift,96,logInteractionTest,swift,wiring,no-change,0.36
iOS/SCMessenger/SCMessenger/Views/Dashboard/MeshDashboardView.swift,435,isRecent,swift,wiring,guard-let,0.36
iOS/SCMessengerCore.xcframework/ios-arm64-simulator/Headers/SCMessengerCore.swift,3368,write,swift,wiring,throws-propagate,0.36
iOS/SCMessengerCore.xcframework/ios-arm64/Headers/SCMessengerCore.swift,4305,FfiConverterTypeServiceStats_lower,swift,wiring,no-change,0.36
iOS/SCMessengerTests/NotificationVerificationTests.swift,182,testNotificationRouteTargetChat,swift,wiring,result-type,0.36
wasm/src/connection_state.rs,119,ready_state,rust,wiring,no-change,0.36
wasm/src/notification_manager.rs,252,show_notification,rust,wiring,propagate-question,0.36
wasm/src/transport.rs,1101,on_data_channel_open,rust,wiring,state-machine,0.36
android/app/src/main/java/com/scmessenger/android/data/MeshRepository.kt,256,isInfrastructureAgent,kotlin,wiring,no-change,0.35
android/app/src/main/java/com/scmessenger/android/data/MeshRepository.kt,609,publishIdentityInfo,kotlin,wiring,guard-early-return,0.35
android/app/src/main/java/com/scmessenger/android/data/MeshRepository.kt,3837,noteBleRouteObservation,kotlin,wiring,mutex-guard,0.35
android/app/src/main/java/com/scmessenger/android/data/MeshRepository.kt,3981,ensureLocalIdentityFederation,kotlin,wiring,split-function,0.35
android/app/src/main/java/com/scmessenger/android/data/MeshRepository.kt,10565,buildDialCandidatesForPeer,kotlin,wiring,guard-early-return,0.35
android/app/src/main/java/com/scmessenger/android/service/AndroidPlatformBridge.kt,431,sendProximityPacket,kotlin,wiring,coroutine-scope,0.35
android/app/src/main/java/com/scmessenger/android/transport/NetworkDetector.kt,298,classifyNetworkType,kotlin,wiring,split-function,0.35
android/app/src/main/java/com/scmessenger/android/transport/SmartTransportRouter.kt,495,resetHealth,kotlin,wiring,mutex-guard,0.35
android/app/src/main/java/com/scmessenger/android/transport/SubnetProbe.kt,360,enumerateCandidateSubnets,kotlin,wiring,split-function,0.35
android/app/src/main/java/com/scmessenger/android/transport/SubnetProbe.kt,519,dialCandidateFor,kotlin,wiring,guard-early-return,0.35
android/app/src/main/java/com/scmessenger/android/transport/TransportHealthMonitor.kt,50,shouldUseTransport,kotlin,wiring,result-sealed,0.35
android/app/src/main/java/com/scmessenger/android/transport/TransportManager.kt,524,getBleQuotaCount,kotlin,wiring,result-sealed,0.35
android/app/src/main/java/com/scmessenger/android/transport/WifiAwareTransport.kt,70,isAvailable,kotlin,wiring,no-change,0.35
android/app/src/main/java/com/scmessenger/android/transport/WifiDirectTransport.kt,339,startServer,kotlin,wiring,coroutine-scope,0.35
android/app/src/main/java/com/scmessenger/android/ui/MainActivity.kt,406,onNewIntent,kotlin,wiring,split-function,0.35
android/app/src/main/java/com/scmessenger/android/ui/join/JoinMeshScreen.kt,250,ConnectingView,kotlin,wiring,no-change,0.35
android/app/src/main/java/com/scmessenger/android/ui/viewmodels/ContactsViewModel.kt,778,computeSafetyNumber,kotlin,wiring,result-sealed,0.35
android/app/src/main/java/com/scmessenger/android/ui/viewmodels/ContactsViewModel.kt,810,setSearchQuery,kotlin,wiring,no-change,0.35
android/app/src/main/java/com/scmessenger/android/ui/viewmodels/ConversationsViewModel.kt,341,loadBlockedPeers,kotlin,wiring,flow-collect,0.35
android/app/src/main/java/com/scmessenger/android/ui/viewmodels/DashboardViewModel.kt,783,determineTransport,kotlin,wiring,result-sealed,0.35
android/app/src/main/java/com/scmessenger/android/ui/viewmodels/MainViewModel.kt,296,clearImportState,kotlin,wiring,no-change,0.35
android/app/src/main/java/com/scmessenger/android/ui/viewmodels/SettingsViewModel.kt,715,setShowPeerCount,kotlin,wiring,coroutine-scope,0.35
android/app/src/main/java/com/scmessenger/android/utils/DeepLinkValidator.kt,161,validateIpv6,kotlin,wiring,guard-early-return,0.35
android/app/src/main/java/com/scmessenger/android/utils/NotificationHelper.kt,817,isDndEnabled,kotlin,wiring,result-stdlib,0.35
android/app/src/main/java/com/scmessenger/android/utils/PeerIdValidator.kt,71,isIdentityHash,kotlin,wiring,guard-early-return,0.35
android/app/src/main/java/com/scmessenger/android/utils/PeerKeyUtils.kt,182,isValidPeerId,kotlin,wiring,guard-early-return,0.35
android/app/src/main/java/com/scmessenger/android/utils/ShareReceiver.kt,45,handleSingleShare,kotlin,wiring,guard-early-return,0.35
android/app/src/test/java/com/scmessenger/android/test/ChatViewModelTest.kt,99,`delivery status event marks message delivered`,kotlin,wiring,callback-flow,0.35
android/app/src/test/java/com/scmessenger/android/test/DropAtCapRetentionTest.kt,21,envelope,kotlin,wiring,no-change,0.35
android/app/src/test/java/com/scmessenger/android/test/MeshRepositoryTest.kt,534,`isStorageDegraded initial state is false`,kotlin,wiring,guard-early-return,0.35
android/app/src/test/java/com/scmessenger/android/test/SettingsViewModelTest.kt,121,`setAutoAdjust true clears overrides`,kotlin,wiring,no-change,0.35
android/app/src/test/java/com/scmessenger/android/test/SettingsViewModelTest.kt,148,`infoCounts load on IO without blocking and never call repository on main thread`,kotlin,wiring,flow-collect,0.35
android/app/src/test/java/com/scmessenger/android/transport/ble/BleScannerTest.kt,82,clearPeerCache_isIdempotentOnEmptyCache,kotlin,wiring,no-change,0.35
android/app/src/test/java/com/scmessenger/android/ui/viewmodels/ConversationsViewModelTest.kt,130,`unblockPeer delegates to repository`,kotlin,wiring,no-change,0.35
android/app/src/test/java/com/scmessenger/android/ui/viewmodels/ConversationsViewModelTest.kt,162,`isBlocked returns false on exception`,kotlin,wiring,result-stdlib,0.35
android/app/src/test/java/com/scmessenger/android/utils/DeepLinkValidatorTest.kt,37,`valid public IPv6 multiaddr is accepted`,kotlin,wiring,result-sealed,0.35
android/app/src/test/java/com/scmessenger/android/utils/DeepLinkValidatorTest.kt,180,`empty string is dropped`,kotlin,wiring,guard-early-return,0.35
android/app/src/test/java/com/scmessenger/android/utils/DeepLinkValidatorTest.kt,332,`benchmark range 198_18 is rejected`,kotlin,wiring,guard-early-return,0.35
android/app/src/test/java/com/scmessenger/android/utils/DeepLinkValidatorTest.kt,348,`non-numeric tcp port is rejected`,kotlin,wiring,no-change,0.35
android/app/src/test/java/com/scmessenger/android/utils/InstallPayloadTest.kt,11,`round-trip without sha preserves apk url and version`,kotlin,wiring,result-stdlib,0.35
android/shared/src/commonMain/kotlin/com/scmessenger/shared/platform/PlatformNotifier.kt,21,clearNotifications,kotlin,wiring,result-stdlib,0.35
android/shared/src/commonMain/kotlin/com/scmessenger/shared/platform/PlatformStorage.kt,13,putString,kotlin,wiring,result-sealed,0.35
cli/src/ble_mesh.rs,934,handle_incoming_ble_payload,rust,wiring,propagate-question,0.35
cli/src/ledger.rs,102,record_failure,rust,wiring,state-machine,0.35
cli/src/watchdog.rs,124,wp4_quiet_but_logging_node_is_never_killed,rust,wiring,drop-guard,0.35
core/src/abuse/auto_block.rs,207,is_exempt,rust,wiring,no-change,0.35
core/src/abuse/reputation.rs,239,test_enhanced_score_combines_base_and_spam,rust,wiring,no-change,0.35
core/src/crypto/ratchet.rs,51,from_bytes,rust,wiring,validate-guard,0.35
core/src/drift/relay.rs,510,make_test_envelope,rust,wiring,handle-local-fallback,0.35
core/src/drift/relay.rs,633,test_max_hops_exceeded,rust,security,validate-guard,0.35
core/src/drift/relay.rs,766,test_messages_for_recipient,rust,wiring,propagate-question,0.35
core/src/identity/keys.rs,796,test_libp2p_peer_id_derivation,rust,security,propagate-question,0.35
core/src/identity/store.rs,22,generate,rust,wiring,handle-local-fallback,0.35
core/src/iron_core.rs,4259,get_active_paths,rust,wiring,propagate-question,0.35
core/src/iron_core.rs,4972,get_known_devices,rust,wiring,handle-local-fallback,0.35
core/src/lib.rs,201,it_works,rust,wiring,no-change,0.35
core/src/message/identity_envelope.rs,78,build_identity_envelope,rust,wiring,propagate-question,0.35
core/src/message/types.rs,161,text,rust,wiring,handle-local-fallback,0.35
core/src/message/types.rs,196,text_content,rust,wiring,propagate-question,0.35
core/src/mobile_bridge.rs,4188,dispatch_proximity_packet,rust,wiring,complete-match,0.35
core/src/mobile_bridge.rs,4703,test_compute_behavior_low_battery,rust,wiring,no-change,0.35
core/src/mobile_bridge.rs,5530,send_proximity_packet,rust,wiring,channel-event,0.35
core/src/mobile_bridge.rs,5994,send_proximity_packet,rust,wiring,channel-event,0.35
core/src/privacy/onion.rs,804,test_classical_circuit_unchanged,rust,security,propagate-question,0.35
core/src/relay/peer_exchange.rs,64,record_failure,rust,wiring,no-change,0.35
core/src/relay/peer_exchange.rs,281,test_score_bounds,rust,wiring,no-change,0.35
core/src/relay/server.rs,280,is_peer_connected,rust,wiring,no-change,0.35
core/src/routing/adaptive_ttl.rs,213,test_activity_decay,rust,wiring,no-change,0.35
core/src/routing/local.rs,405,test_active_timeout_progression,rust,wiring,no-change,0.35
core/src/routing/neighborhood.rs,694,test_reject_gossip_with_excessive_hops,rust,wiring,no-change,0.35
core/src/routing/optimized_engine.rs,303,on_app_resume,rust,wiring,propagate-question,0.35
core/src/routing/resume_prefetch.rs,85,complete_refresh,rust,wiring,state-machine,0.35
core/src/routing/resume_prefetch.rs,432,create_test_peer_id,rust,wiring,propagate-question,0.35
core/src/store/contacts.rs,1328,contact_and_ledger_canonicalization_agree_except_where_the_contract_differs,rust,security,propagate-question,0.35
core/src/store/ledger_entry.rs,1487,seed_addresses,rust,wiring,drop-guard,0.35
core/src/store/ledger_entry.rs,2383,import_legacy_cli_entries,rust,wiring,validate-guard,0.35
core/src/store/relay_custody.rs,1247,transitions_for_custody,rust,wiring,propagate-question,0.35
core/src/store/relay_custody.rs,2248,message_key,rust,wiring,validate-guard,0.35
core/src/transport/ble/beacon.rs,315,test_beacon_rotation_different_epochs,rust,security,propagate-question,0.35
core/src/transport/ble/l2cap.rs,527,append_crc32,rust,wiring,no-change,0.35
core/src/transport/ble/scanner.rs,119,set_battery_state,rust,wiring,no-change,0.35
core/src/transport/circuit_breaker.rs,377,test_circuit_does_not_open_before_threshold,rust,wiring,no-change,0.35
core/src/transport/circuit_breaker.rs,444,test_reset_specific_relay,rust,wiring,no-change,0.35
core/src/transport/escalation.rs,674,test_escalation_order_low_power,rust,wiring,no-change,0.35
core/src/transport/health.rs,170,is_healthy,rust,wiring,handle-local-fallback,0.35
core/src/transport/health.rs,591,record_connection_failure,rust,wiring,no-change,0.35
core/src/transport/internet.rs,463,establish_relay_circuit,rust,wiring,propagate-question,0.35
core/src/transport/internet.rs,575,test_connect_to_relay,rust,security,propagate-question,0.35
core/src/transport/mesh_routing.rs,379,next_retry_delay,rust,wiring,no-change,0.35
core/src/transport/mesh_routing.rs,1078,recipient_recency_map_is_bounded,rust,wiring,no-change,0.35
core/src/transport/nat.rs,369,close_relay_circuit,rust,wiring,propagate-question,0.35
core/src/transport/nat.rs,385,get_active_circuits,rust,wiring,no-change,0.35
core/src/transport/observation.rs,296,get_connection,rust,wiring,no-change,0.35
core/src/transport/reputation.rs,122,record_signal,rust,wiring,complete-match,0.35
core/src/transport/swarm.rs,324,build_seed_dial_candidates,rust,wiring,handle-local-fallback,0.35
core/src/transport/swarm.rs,791,dial_skip_reason,rust,wiring,validate-guard,0.35
core/src/transport/swarm.rs,850,build_mdns_dial_addr,rust,wiring,validate-guard,0.35
core/src/transport/swarm.rs,1745,allow_failover_reexchange,rust,wiring,no-change,0.35
core/src/transport/swarm.rs,3652,ledger_verified_pair,rust,wiring,propagate-question,0.35
core/src/transport/swarm.rs,11297,mdns_filter_drops_circuit_addresses,rust,wiring,no-change,0.35
core/src/transport/swarm.rs,11780,kademlia_gate_rejects_multicast_broadcast_and_mapped_loopback,rust,security,validate-guard,0.35
core/src/transport/wifi_aware.rs,619,test_encode_decode_port_tlv_roundtrip,rust,wiring,no-change,0.35
core/src/wasm_support/transport.rs,435,test_connection_state_transitions,rust,wiring,no-change,0.35
core/tests/integration_local_mesh_node3.rs,209,remove_group,rust,wiring,propagate-question,0.35
core/tests/integration_pq_session.rs,234,test_v2_initiator_to_v1_peer,rust,security,validate-guard,0.35
core/tests/integration_recency_map_bounds.rs,39,sustained_wire_flood_keeps_the_recency_map_bounded_and_cheap,rust,wiring,no-change,0.35
core/tests/integration_wifi_aware.rs,84,test_wifi_aware_peer_discovered_triggers_data_path_and_dial,rust,security,channel-event,0.35
core/tests/integration_wp1_identity_unification.rs,230,own_peer_topic_hex_is_the_local_ed25519_key,rust,security,propagate-question,0.35
core/tests/mocks/mod.rs,30,test_mock_identity_keys,rust,wiring,no-change,0.35
core/tests/mocks/mod.rs,42,test_mock_routing,rust,wiring,no-change,0.35
core/tests/test_mesh_routing.rs,154,test_delivery_attempt_lifecycle,rust,wiring,state-machine,0.35
core/tests/test_mesh_routing.rs,231,test_route_ordering_determinism_with_direct_first_policy,rust,wiring,no-change,0.35
core/tests/test_multiport.rs,234,test_bind_analysis_excellent_connectivity,rust,wiring,no-change,0.35
core/tests/test_multiport.rs,256,test_bind_analysis_good_connectivity,rust,wiring,no-change,0.35
desktop_bridge/src/bin/gen_kotlin.rs,71,main,rust,wiring,propagate-question,0.35
desktop_bridge/src/tray.rs,78,test_tray_unread,rust,wiring,no-change,0.35
iOS/SCMessenger/SCMessenger/Data/MeshRepository.swift,1553,reconcileInstallScopedIdentityState,swift,wiring,split-function,0.35
iOS/SCMessenger/SCMessenger/Data/MeshRepository.swift,3867,outboxCount,swift,wiring,guard-let,0.35
iOS/SCMessenger/SCMessenger/Data/MeshRepository.swift,4701,parseRoutingHintsFromNotes,swift,wiring,result-type,0.35
iOS/SCMessenger/SCMessenger/Data/MeshRepository.swift,5984,normalizeAddressHint,swift,wiring,result-type,0.35
iOS/SCMessenger/SCMessenger/Data/MeshRepository.swift,6056,parseIPv4Octets,swift,wiring,guard-let,0.35
iOS/SCMessenger/SCMessenger/Data/MeshRepository.swift,7266,isIdentityId,swift,wiring,no-change,0.35
iOS/SCMessenger/SCMessenger/Generated/api.swift,516,write,swift,wiring,throws-propagate,0.35
iOS/SCMessenger/SCMessenger/Generated/api.swift,8557,write,swift,wiring,throws-propagate,0.35
iOS/SCMessenger/SCMessenger/Services/IosPlatformBridge.swift,212,reportBatteryState,swift,wiring,async-await,0.35
iOS/SCMessenger/SCMessenger/Services/NotificationManager.swift,66,requestPermission,swift,wiring,result-type,0.35
iOS/SCMessenger/SCMessenger/Transport/BLECentralManager.swift,361,centralManagerDidUpdateState,swift,wiring,split-function,0.35
iOS/SCMessenger/SCMessenger/Transport/BLEPeripheralManager.swift,637,processPendingNotifications,swift,wiring,split-function,0.35
iOS/SCMessenger/SCMessenger/ViewModels/ContactsViewModel.swift,363,handleDisconnected,swift,wiring,split-function,0.35
iOS/SCMessenger/SCMessenger/ViewModels/OnboardingViewModel.swift,26,goBack,swift,wiring,no-change,0.35
iOS/SCMessenger/SCMessenger/ViewModels/SettingsViewModel.swift,251,updateOnionRouting,swift,wiring,async-await,0.35
iOS/SCMessengerCore.xcframework/ios-arm64-simulator/Headers/SCMessengerCore.swift,4305,FfiConverterTypeServiceStats_lower,swift,wiring,no-change,0.35
iOS/SCMessengerCore.xcframework/ios-arm64/Headers/SCMessengerCore.swift,2962,write,swift,wiring,throws-propagate,0.35
iOS/SCMessengerCore.xcframework/ios-arm64/Headers/SCMessengerCore.swift,3840,write,swift,wiring,throws-propagate,0.35
iOS/SCMessengerTests/NotificationVerificationTests.swift,327,testMarkConversationRead,swift,wiring,async-await,0.35
iOS/SCMessengerTests/NotificationVerificationTests.swift,433,testProcessingTimeMeasurement,swift,wiring,result-type,0.35
patch/if-watch-full/src/lib.rs,108,is_terminated,rust,wiring,return-value,0.35
wasm/src/lib.rs,2359,test_notification_manager_creation,rust,wiring,propagate-question,0.35
wasm/src/mesh.rs,467,test_relay_stats,rust,wiring,no-change,0.35
wasm/src/notification_manager.rs,506,from_user_agent,rust,wiring,no-change,0.35
wasm/src/transport.rs,953,get_ice_candidates,rust,wiring,no-change,0.35
android/app/src/main/java/com/scmessenger/android/data/MeshRepository.kt,880,isCorrupted,kotlin,wiring,result-sealed,0.34
android/app/src/main/java/com/scmessenger/android/data/MeshRepository.kt,887,markCorrupted,kotlin,wiring,mutex-guard,0.34
android/app/src/main/java/com/scmessenger/android/data/MeshRepository.kt,1386,migrateContactsFromOldLocation,kotlin,wiring,split-function,0.34
android/app/src/main/java/com/scmessenger/android/data/MeshRepository.kt,2999,sendIdentitySyncIfNeeded,kotlin,wiring,split-function,0.34
android/app/src/main/java/com/scmessenger/android/data/MeshRepository.kt,4982,isBlocked,kotlin,wiring,result-stdlib,0.34
android/app/src/main/java/com/scmessenger/android/data/MeshRepository.kt,7415,saveLedger,kotlin,wiring,guard-early-return,0.34
android/app/src/main/java/com/scmessenger/android/data/MeshRepository.kt,12387,clearPeerCache,kotlin,wiring,guard-early-return,0.34
android/app/src/main/java/com/scmessenger/android/data/TopicManager.kt,88,refreshKnownTopics,kotlin,wiring,coroutine-scope,0.34
android/app/src/main/java/com/scmessenger/android/service/MeshForegroundService.kt,848,getActiveConversationId,kotlin,wiring,no-change,0.34
android/app/src/main/java/com/scmessenger/android/transport/TransportManager.kt,242,sendData,kotlin,wiring,result-sealed,0.34
android/app/src/main/java/com/scmessenger/android/transport/TransportManager.kt,327,attemptEscalation,kotlin,wiring,coroutine-scope,0.34
android/app/src/main/java/com/scmessenger/android/transport/TransportManager.kt,494,getWifiAwareTransport,kotlin,wiring,no-change,0.34
android/app/src/main/java/com/scmessenger/android/transport/TransportManager.kt,505,cleanup,kotlin,wiring,coroutine-scope,0.34
android/app/src/main/java/com/scmessenger/android/transport/WifiAwareTransport.kt,384,createInitiatorSocket,kotlin,wiring,use-block,0.34
android/app/src/main/java/com/scmessenger/android/transport/ble/BleAdvertiser.kt,253,startRotation,kotlin,wiring,split-function,0.34
android/app/src/main/java/com/scmessenger/android/transport/ble/BleAdvertiser.kt,388,hasAdvertisePermission,kotlin,wiring,no-change,0.34
android/app/src/main/java/com/scmessenger/android/transport/ble/BleQuotaManager.kt,55,pruneOldTimestamps,kotlin,wiring,no-change,0.34
android/app/src/main/java/com/scmessenger/android/ui/components/CopyableText.kt,131,TruncatedCopyableText,kotlin,wiring,no-change,0.34
android/app/src/main/java/com/scmessenger/android/ui/components/QrCode.kt,21,QrCodeImage,kotlin,wiring,result-stdlib,0.34
android/app/src/main/java/com/scmessenger/android/ui/contacts/AddContactScreen.kt,734,isNearbyPermissionsGranted,kotlin,wiring,no-change,0.34
android/app/src/main/java/com/scmessenger/android/ui/identity/IdentityCreationFlow.kt,23,IdentityCreationFlow,kotlin,wiring,guard-early-return,0.34
android/app/src/main/java/com/scmessenger/android/ui/viewmodels/DashboardViewModel.kt,538,canonicalHexForAnyId,kotlin,wiring,split-function,0.34
android/app/src/main/java/com/scmessenger/android/ui/viewmodels/MeshServiceViewModel.kt,126,toggleService,kotlin,wiring,result-sealed,0.34
android/app/src/main/java/com/scmessenger/android/utils/CircuitBreaker.kt,187,getFailureCount,kotlin,wiring,mutex-guard,0.34
android/app/src/main/java/com/scmessenger/android/utils/NetworkFailureMetrics.kt,63,hasPortBlocking,kotlin,wiring,no-change,0.34
android/app/src/main/java/com/scmessenger/android/utils/PeerIdValidator.kt,26,validate,kotlin,wiring,guard-early-return,0.34
android/app/src/test/java/com/scmessenger/android/data/ReceiptUnificationTest.kt,182,awaitSlotCapture,kotlin,wiring,coroutine-scope,0.34
android/app/src/test/java/com/scmessenger/android/data/SelfAsPeerGhostTest.kt,12,ownPkAsPeerId_isGhostEvenWhenFailCountLow,kotlin,wiring,no-change,0.34
android/app/src/test/java/com/scmessenger/android/test/DeliveryStateMapperTest.kt,23,`maps missing pending snapshot to pending state`,kotlin,wiring,no-change,0.34
android/app/src/test/java/com/scmessenger/android/test/DropAtCapRetentionTest.kt,50,`at-cap retained entry is SENT again once the backoff elapses`,kotlin,wiring,no-change,0.34
android/app/src/test/java/com/scmessenger/android/test/DropAtCapRetentionTest.kt,65,`at-cap transport-acked entry is SENT again even when in-memory retry gate is blocked`,kotlin,wiring,guard-early-return,0.34
android/app/src/test/java/com/scmessenger/android/test/MeshRepositoryTest.kt,70,`enabled helper remains true regardless of unrelated setting fields`,kotlin,wiring,no-change,0.34
android/app/src/test/java/com/scmessenger/android/test/ReceiptUnificationTest.kt,145,cancelRepoScope,kotlin,wiring,coroutine-scope,0.34
android/app/src/test/java/com/scmessenger/android/utils/DeepLinkValidatorTest.kt,17,`valid public IPv4 multiaddr is accepted`,kotlin,wiring,result-sealed,0.34
android/app/src/test/java/com/scmessenger/android/utils/DeepLinkValidatorTest.kt,53,`loopback IPv4 range is rejected`,kotlin,wiring,guard-early-return,0.34
android/app/src/test/java/com/scmessenger/android/utils/DeepLinkValidatorTest.kt,85,`multicast IPv4 is rejected`,kotlin,wiring,no-change,0.34
android/app/src/test/java/com/scmessenger/android/utils/DeepLinkValidatorTest.kt,92,`multicast IPv6 is rejected`,kotlin,wiring,no-change,0.34
android/app/src/test/java/com/scmessenger/android/utils/DeepLinkValidatorTest.kt,340,`octal-ambiguous leading zero octets are rejected`,kotlin,wiring,guard-early-return,0.34
android/shared/src/commonMain/kotlin/com/scmessenger/shared/platform/PlatformNetworking.kt,14,start,kotlin,wiring,result-sealed,0.34
cli/src/ble_daemon.rs,371,is_ble_available,rust,wiring,propagate-question,0.34
cli/src/bootstrap.rs,180,test_merge_deduplicates_by_ip,rust,wiring,return-value,0.34
cli/src/ledger.rs,641,is_bootstrap_key,rust,wiring,propagate-question,0.34
cli/src/main.rs,548,relay_healthy_from_ts,rust,wiring,no-change,0.34
cli/tests/integration.rs,135,test_cli_parse_history_count,rust,wiring,propagate-question,0.34
core/examples/nat_reflection_demo.rs,18,main,rust,wiring,propagate-question,0.34
core/src/crypto/kani_proofs.rs,140,x25519_public_key_length_invariant,rust,wiring,no-change,0.34
core/src/crypto/pq/mod.rs,145,test_tampered_ciphertext,rust,security,validate-guard,0.34
core/src/drift/policy.rs,460,test_to_relay_config_minimal,rust,wiring,no-change,0.34
core/src/drift/relay.rs,694,test_rate_limiting,rust,security,validate-guard,0.34
core/src/drift/store.rs,484,test_merge_idempotency,rust,wiring,propagate-question,0.34
core/src/drift/store.rs,540,test_priority_score_newer_higher,rust,wiring,no-change,0.34
core/src/identity/store.rs,344,test_store_clear,rust,security,propagate-question,0.34
core/src/iron_core.rs,821,grant_consent,rust,wiring,propagate-question,0.34
core/src/iron_core.rs,2829,routing_peer_seen,rust,wiring,validate-guard,0.34
core/src/iron_core.rs,4027,flush_outbox_for_peer,rust,wiring,propagate-question,0.34
core/src/iron_core.rs,4626,new_drift_sync,rust,wiring,no-change,0.34
core/src/iron_core.rs,5294,relay_jitter_delay_respects_low_bounds,rust,wiring,validate-guard,0.34
core/src/iron_core.rs,5318,relay_jitter_delay_defaults_unknown_to_normal_bounds,rust,wiring,complete-match,0.34
core/src/lib.rs,175,is_valid_public_key,rust,wiring,propagate-question,0.34
core/src/message/codec.rs,427,test_encode_envelope_roundtrip,rust,security,propagate-question,0.34
core/src/message/ephemeral.rs,50,test_expired,rust,wiring,no-change,0.34
core/src/message/identity_envelope.rs,183,select_authoritative_nickname,rust,wiring,complete-match,0.34
core/src/mobile_bridge.rs,1556,on_peer_disconnected,rust,wiring,propagate-question,0.34
core/src/mobile_bridge.rs,2794,get_discovered_peer,rust,wiring,no-change,0.34
core/src/mobile_bridge.rs,4206,set_dispatch_ble_fn,rust,wiring,drop-guard,0.34
core/src/mobile_bridge.rs,5529,on_proximity_data_received,rust,wiring,validate-guard,0.34
core/src/mobile_bridge.rs,5540,wifi_aware_stop,rust,wiring,explicit-close,0.34
core/src/mobile_bridge.rs,5847,wifi_aware_subscribe,rust,wiring,propagate-question,0.34
core/src/mobile_bridge.rs,5850,wifi_aware_create_data_path,rust,wiring,return-value,0.34
core/src/mobile_bridge.rs,5857,wifi_direct_stop_discovery,rust,wiring,explicit-close,0.34
core/src/mobile_bridge.rs,6001,wifi_aware_create_data_path,rust,wiring,return-value,0.34
core/src/mobile_bridge.rs,6468,on_proximity_data_received,rust,wiring,validate-guard,0.34
core/src/mobile_bridge.rs,6526,test_mobile_history_peer_matches_id_flavors,rust,wiring,validate-guard,0.34
core/src/relay/bootstrap.rs,307,test_seed_peer_creation,rust,wiring,no-change,0.34
core/src/routing/global.rs,700,test_update_local_advertisements,rust,wiring,no-change,0.34
core/src/store/dedup.rs,61,with_max_entries,rust,wiring,validate-guard,0.34
core/src/store/ledger_entry.rs,529,truncate_tail_for_log,rust,wiring,handle-local-fallback,0.34
core/src/store/ledger_entry.rs,5020,seed_ordering_deterministic_under_ties,rust,wiring,drop-guard,0.34
core/src/store/ledger_entry.rs,5294,dialable_candidates_include_operator_bootstraps_before_first_success,rust,wiring,no-change,0.34
core/src/store/outbox.rs,313,persistent_with_storage,rust,wiring,propagate-question,0.34
core/src/transport/behaviour.rs,699,signed_deregistration_request_verifies_against_matching_public_key,rust,security,validate-guard,0.34
core/src/transport/ble/scanner.rs,335,calculate_pause_duration_ms,rust,wiring,no-change,0.34
core/src/transport/bootstrap.rs,585,test_bootstrap_manager_no_duplicate,rust,wiring,no-change,0.34
core/src/transport/circuit_breaker.rs,291,get_healthy_relays,rust,wiring,no-change,0.34
core/src/transport/circuit_breaker.rs,316,transition_to_half_open,rust,wiring,state-machine,0.34
core/src/transport/dial_policy.rs,306,reset_peer_backoff,rust,wiring,drop-guard,0.34
core/src/transport/escalation.rs,573,test_cleanup_peer,rust,wiring,propagate-question,0.34
core/src/transport/health.rs,615,record_bytes_received,rust,wiring,no-change,0.34
core/src/transport/hint_store.rs,140,annotate_keeps_dialable_hints_and_strips_p2p_suffix,rust,wiring,validate-guard,0.34
core/src/transport/internet.rs,419,get_all_relay_stats,rust,wiring,no-change,0.34
core/src/transport/internet.rs,434,cleanup_stale_relays,rust,wiring,drop-guard,0.34
core/src/transport/manager.rs,801,get_healthy_connections,rust,wiring,propagate-question,0.34
core/src/transport/manager.rs,819,get_all_connection_stats,rust,wiring,handle-local-fallback,0.34
core/src/transport/mesh_routing.rs,65,unix_now_secs,rust,wiring,propagate-question,0.34
core/src/transport/mesh_routing.rs,384,should_retry,rust,wiring,no-change,0.34
core/src/transport/mesh_routing.rs,1064,stale_wire_recency_is_rejected,rust,wiring,no-change,0.34
core/src/transport/multiport.rs,403,test_excluded_port_9002_wasm_bridge_never_emitted,rust,wiring,no-change,0.34
core/src/transport/multiport.rs,493,test_ipv4_and_ipv6_enabled_each_ip_port_appears_once,rust,wiring,split-function,0.34
core/src/transport/observation.rs,370,non_listen_port_observations_are_rejected,rust,wiring,no-change,0.34
core/src/transport/observation.rs,529,tracker_keeps_direct_and_relayed_connections_separate,rust,wiring,no-change,0.34
core/src/transport/reflection.rs,46,with_id,rust,wiring,no-change,0.34
core/src/transport/swarm.rs,1456,reap_candidates,rust,wiring,propagate-question,0.34
core/src/transport/swarm.rs,2819,select_drift_fallback_carrier,rust,wiring,no-change,0.34
core/src/transport/swarm.rs,11410,extract_tcp_port_from_multiaddr,rust,wiring,complete-match,0.34
core/src/transport/swarm.rs,11566,entry,rust,wiring,validate-guard,0.34
core/src/transport/swarm.rs,11587,ssrf_addresses_never_become_dial_candidates,rust,wiring,validate-guard,0.34
core/src/transport/swarm.rs,11913,relay_id,rust,wiring,return-value,0.34
core/src/transport/wifi_aware.rs,593,estimate_bandwidth_from_rssi,rust,wiring,no-change,0.34
core/src/transport/wifi_aware.rs,635,test_decode_port_tlv_with_multiple_tlvs,rust,wiring,validate-guard,0.34
core/src/wasm_support/storage.rs,421,test_custom_config,rust,wiring,no-change,0.34
core/tests/integration_contact_block.rs,60,test_blocked_message_persisted_but_hidden,rust,security,propagate-question,0.34
core/tests/integration_ledger_seeding_hardening.rs,666,over_quota_exchange_requests_do_no_per_entry_work,rust,security,validate-guard,0.34
core/tests/integration_mycorrhizal_routing.rs,157,test_reliability_update_affects_confidence,rust,wiring,no-change,0.34
core/tests/integration_pq_session.rs,123,test_pq_session_lost_first_envelope,rust,security,propagate-question,0.34
core/tests/integration_ratchet_persistence.rs,180,ratchet_persistence_out_of_order_messages,rust,security,validate-guard,0.34
core/tests/integration_wifi_aware.rs,16,on_proximity_data_received,rust,wiring,channel-event,0.34
core/tests/integration_ws13_migration.rs,501,pre_ws13_identity_with_no_device_metadata_backfills_without_data_loss,rust,security,propagate-question,0.34
core/tests/mocks/routing.rs,33,next_decision,rust,wiring,no-change,0.34
core/tests/test_mesh_routing.rs,40,test_reputation_calculation_high_quality,rust,wiring,return-value,0.34
core/tests/test_multiport.rs,68,test_ipv4_only_mode,rust,wiring,no-change,0.34
desktop_bridge/src/desktop_bridge.rs,261,list_ble_peers,rust,wiring,propagate-question,0.34
iOS/SCMessenger/SCMessenger/Data/MeshRepository.swift,46,liveTransportActions,swift,wiring,no-change,0.34
iOS/SCMessenger/SCMessenger/Data/MeshRepository.swift,921,startBleTransport,swift,wiring,guard-let,0.34
iOS/SCMessenger/SCMessenger/Data/MeshRepository.swift,1480,checkpointContactPersistence,swift,wiring,guard-let,0.34
iOS/SCMessenger/SCMessenger/Data/MeshRepository.swift,2150,onDeliveryReceipt,swift,wiring,split-function,0.34
iOS/SCMessenger/SCMessenger/Data/MeshRepository.swift,3367,getNatStatus,swift,wiring,result-type,0.34
iOS/SCMessenger/SCMessenger/Data/MeshRepository.swift,5877,pruneDeliveredReceiptCache,swift,wiring,split-function,0.34
iOS/SCMessenger/SCMessenger/Data/MeshRepository.swift,5935,isKnownRelay,swift,wiring,no-change,0.34
iOS/SCMessenger/SCMessenger/Data/MeshRepository.swift,6024,isDialableAddress,swift,wiring,guard-let,0.34
iOS/SCMessenger/SCMessenger/Generated/api.swift,600,write,swift,wiring,throws-propagate,0.34
iOS/SCMessenger/SCMessenger/Generated/api.swift,5900,write,swift,wiring,throws-propagate,0.34
iOS/SCMessenger/SCMessenger/Generated/api.swift,6945,write,swift,wiring,throws-propagate,0.34
iOS/SCMessenger/SCMessenger/Generated/api.swift,7052,FfiConverterTypeNotificationMessageContext_lower,swift,wiring,no-change,0.34
iOS/SCMessenger/SCMessenger/Services/NotificationManager.swift,305,verifyPermissionFlow,swift,wiring,result-type,0.34
iOS/SCMessenger/SCMessenger/Transport/MultipeerTransport.swift,87,setupPeerID,swift,wiring,no-change,0.34
iOS/SCMessenger/SCMessenger/Transport/mDNSServiceDiscovery.swift,194,peerId,swift,wiring,guard-let,0.34
iOS/SCMessenger/SCMessenger/Views/Navigation/MainTabView.swift,365,loadRequests,swift,wiring,async-await,0.34
iOS/SCMessengerCore.xcframework/ios-arm64-simulator/Headers/SCMessengerCore.swift,132,createWriter,swift,wiring,no-change,0.34
iOS/SCMessengerCore.xcframework/ios-arm64/Headers/SCMessengerCore.swift,3638,write,swift,wiring,throws-propagate,0.34
iOS/SCMessengerTests/NotificationVerificationTests.swift,298,setUp,swift,wiring,defer-cleanup,0.34
patch/if-watch-full/src/lib.rs,51,default,rust,wiring,no-change,0.34
wasm/src/notification_manager.rs,355,show_permission_guidance,rust,wiring,drop-guard,0.34
android/app/src/main/java/com/scmessenger/android/data/MeshRepository.kt,167,isPublicInternetMultiaddr,kotlin,wiring,guard-early-return,0.33
android/app/src/main/java/com/scmessenger/android/data/MeshRepository.kt,383,isEnabledFlag,kotlin,wiring,no-change,0.33
android/app/src/main/java/com/scmessenger/android/data/MeshRepository.kt,3416,createCompactBleBeacon,kotlin,wiring,result-stdlib,0.33
android/app/src/main/java/com/scmessenger/android/data/MeshRepository.kt,4210,getMeshService,kotlin,wiring,no-change,0.33
android/app/src/main/java/com/scmessenger/android/data/MeshRepository.kt,4869,setContactNickname,kotlin,wiring,result-sealed,0.33
android/app/src/main/java/com/scmessenger/android/data/MeshRepository.kt,4933,blockPeer,kotlin,wiring,result-sealed,0.33
android/app/src/main/java/com/scmessenger/android/data/MeshRepository.kt,6439,markMessageDelivered,kotlin,wiring,guard-early-return,0.33
android/app/src/main/java/com/scmessenger/android/data/MeshRepository.kt,6800,getRecentlyDeadAddresses,kotlin,wiring,result-sealed,0.33
android/app/src/main/java/com/scmessenger/android/data/MeshRepository.kt,10475,discoverRoutePeersForPublicKey,kotlin,wiring,split-function,0.33
android/app/src/main/java/com/scmessenger/android/data/MeshRepository.kt,12115,emergencyContactRecovery,kotlin,wiring,result-sealed,0.33
android/app/src/main/java/com/scmessenger/android/data/TopicManager.kt,56,initialize,kotlin,wiring,coroutine-scope,0.33
android/app/src/main/java/com/scmessenger/android/service/AndroidPlatformBridge.kt,620,notifyBackground,kotlin,wiring,no-change,0.33
android/app/src/main/java/com/scmessenger/android/service/MeshEventBus.kt,38,emitPeerEvent,kotlin,wiring,result-sealed,0.33
android/app/src/main/java/com/scmessenger/android/transport/TransportManager.kt,77,initialize,kotlin,wiring,result-sealed,0.33
android/app/src/main/java/com/scmessenger/android/ui/MainActivity.kt,264,showPermissionRationale,kotlin,wiring,guard-early-return,0.33
android/app/src/main/java/com/scmessenger/android/ui/screens/DashboardScreen.kt,462,formatDuration,kotlin,wiring,guard-early-return,0.33
android/app/src/main/java/com/scmessenger/android/ui/viewmodels/ContactsViewModel.kt,160,isBlePeerId,kotlin,wiring,result-stdlib,0.33
android/app/src/main/java/com/scmessenger/android/ui/viewmodels/ConversationsViewModel.kt,249,getPeerInfo,kotlin,wiring,result-sealed,0.33
android/app/src/main/java/com/scmessenger/android/ui/viewmodels/ConversationsViewModel.kt,392,searchMessages,kotlin,wiring,result-sealed,0.33
android/app/src/main/java/com/scmessenger/android/ui/viewmodels/MainViewModel.kt,309,handleDeepLink,kotlin,wiring,result-sealed,0.33
android/app/src/main/java/com/scmessenger/android/utils/ApkShareManager.kt,66,shareApkViaSystemIntent,kotlin,wiring,result-sealed,0.33
android/app/src/main/java/com/scmessenger/android/utils/ApkShareManager.kt,348,getHostingPort,kotlin,wiring,no-change,0.33
android/app/src/test/java/com/scmessenger/android/data/BootstrapCandidateMergeTest.kt,39,seedsAppendedAfterProvenAndDedupedAgainstIt,kotlin,wiring,no-change,0.33
android/app/src/test/java/com/scmessenger/android/data/MeshRepositorySeedImportTest.kt,25,importSeedsToLedger,kotlin,wiring,result-sealed,0.33
android/app/src/test/java/com/scmessenger/android/network/DiagnosticsReporterRelayRecommendationTest.kt,48,reporter,kotlin,wiring,no-change,0.33
android/app/src/test/java/com/scmessenger/android/test/MeshForegroundServiceTest.kt,59,`stop resolves to Stop`,kotlin,wiring,no-change,0.33
android/app/src/test/java/com/scmessenger/android/test/MeshRepositoryTest.kt,331,`parseTransportsFromMultiaddrs detects wifi aware and wifi direct`,kotlin,wiring,result-stdlib,0.33
android/app/src/test/java/com/scmessenger/android/transport/MdnsServiceDiscoveryTest.kt,237,`onServiceLost with local peer-id does not emit a disconnect`,kotlin,wiring,guard-early-return,0.33
android/app/src/test/java/com/scmessenger/android/utils/DeepLinkValidatorTest.kt,76,`link-local IPv6 is rejected`,kotlin,wiring,guard-early-return,0.33
android/app/src/test/java/com/scmessenger/android/utils/DeepLinkValidatorTest.kt,115,`private IPv4 different subnet is rejected`,kotlin,wiring,result-sealed,0.33
android/app/src/test/java/com/scmessenger/android/utils/DeepLinkValidatorTest.kt,280,`bootstrap param with comma-separated multiaddrs is handled`,kotlin,wiring,result-sealed,0.33
android/shared/src/androidMain/kotlin/com/scmessenger/shared/platform/PlatformNetworking.android.kt,21,sendMessage,kotlin,wiring,result-stdlib,0.33
android/shared/src/desktopMain/kotlin/com/scmessenger/shared/platform/PlatformNotifier.desktop.kt,9,notify,kotlin,wiring,result-sealed,0.33
cli/src/cli.rs,117,test_cli_parse_contact_search,rust,wiring,no-change,0.33
cli/src/ledger.rs,89,ready,rust,wiring,no-change,0.33
cli/src/ledger.rs,305,record_failure,rust,wiring,validate-guard,0.33
cli/src/ledger.rs,660,is_known_good_key,rust,wiring,no-change,0.33
cli/src/main.rs,590,set_relay_healthy,rust,wiring,no-change,0.33
cli/src/watchdog.rs,188,wp4_one_reading_never_exits_and_two_consecutive_do,rust,wiring,no-change,0.33
core/src/abuse/reputation.rs,112,get_enhanced_score,rust,wiring,propagate-question,0.33
core/src/abuse/spam_detection.rs,390,make_engine,rust,wiring,propagate-question,0.33
core/src/blocked_bridge.rs,140,blocked_identity_new,rust,wiring,propagate-question,0.33
core/src/contacts_bridge.rs,578,reconcile_from_history_never_poisons_public_key,rust,security,validate-guard,0.33
core/src/crypto/backup.rs,365,test_fast_backups_use_blake3_format_tag,rust,security,panic-invariant-only,0.33
core/src/crypto/ratchet.rs,1362,test_chain_ratchet_advances,rust,wiring,no-change,0.33
core/src/drift/policy.rs,239,test_profile_reduced_at_boundary_high,rust,wiring,no-change,0.33
core/src/drift/store.rs,606,test_priority_score_explicit_priority,rust,wiring,no-change,0.33
core/src/dspy/teleprompt.rs,82,add_golden_examples,rust,wiring,no-change,0.33
core/src/identity/keys.rs,1191,test_v2_to_v3_migration,rust,security,validate-guard,0.33
core/src/identity/mod.rs,374,test_get_dspy_signature,rust,wiring,no-change,0.33
core/src/iron_core.rs,1469,run_maintenance_cycle,rust,wiring,drop-guard,0.33
core/src/iron_core.rs,1527,is_running,rust,wiring,no-change,0.33
core/src/iron_core.rs,2898,routing_tick,rust,wiring,split-function,0.33
core/src/iron_core.rs,4202,get_fallback_relays,rust,wiring,handle-local-fallback,0.33
core/src/mobile_bridge.rs,122,from_profile,rust,wiring,no-change,0.33
core/src/mobile_bridge.rs,622,get_connection_path_state,rust,wiring,propagate-question,0.33
core/src/mobile_bridge.rs,1530,set_relay_budget,rust,wiring,propagate-question,0.33
core/src/mobile_bridge.rs,2101,notify,rust,wiring,state-machine,0.33
core/src/mobile_bridge.rs,3202,history_peer_matches,rust,wiring,no-change,0.33
core/src/mobile_bridge.rs,4611,test_handle_data_path_confirmed_ignores_unparseable_ip_without_panicking,rust,wiring,validate-guard,0.33
core/src/mobile_bridge.rs,5686,wifi_aware_subscribe,rust,wiring,return-value,0.33
core/src/mobile_bridge.rs,5840,on_entering_foreground,rust,wiring,state-machine,0.33
core/src/mobile_bridge.rs,5993,on_proximity_data_received,rust,wiring,validate-guard,0.33
core/src/mobile_bridge.rs,6355,on_ble_data_received,rust,wiring,channel-event,0.33
core/src/mobile_bridge.rs,6462,on_entering_foreground,rust,wiring,state-machine,0.33
core/src/relay/bootstrap.rs,508,test_invite_payload_v2_dual_sig_verification,rust,wiring,validate-guard,0.33
core/src/relay/client.rs,544,connect_quic,rust,wiring,propagate-question,0.33
core/src/relay/peer_exchange.rs,148,get_peers_by_reliability,rust,wiring,no-change,0.33
core/src/relay/server.rs,303,add_bytes_relayed,rust,wiring,no-change,0.33
core/src/routing/adaptive_ttl.rs,118,record_activity,rust,wiring,propagate-question,0.33
core/src/routing/engine.rs,135,route_message,rust,wiring,split-function,0.33
core/src/routing/local.rs,114,with_timeouts,rust,wiring,validate-guard,0.33
core/src/routing/neighborhood.rs,216,gateway_cost,rust,wiring,handle-local-fallback,0.33
core/src/routing/neighborhood.rs,667,test_all_reachable_hints,rust,wiring,no-change,0.33
core/src/routing/optimized_engine.rs,238,timeout_budget_summary,rust,wiring,propagate-question,0.33
core/src/store/backend.rs,117,new,rust,wiring,propagate-question,0.33
core/src/store/ledger_entry.rs,1758,export_seed_entries_for,rust,wiring,propagate-question,0.33
core/src/store/outbox.rs,385,enqueue,rust,wiring,propagate-question,0.33
core/src/store/relay_custody.rs,505,in_memory_with_probe,rust,wiring,propagate-question,0.33
core/src/store/relay_custody.rs,598,set_compat_mode,rust,wiring,no-change,0.33
core/src/transport/addr_filter.rs,274,ipv4_permitted,rust,wiring,no-change,0.33
core/src/transport/behaviour.rs,413,sized_codec,rust,wiring,no-change,0.33
core/src/transport/bootstrap.rs,337,record_success,rust,wiring,propagate-question,0.33
core/src/transport/dial_policy.rs,261,record_dial_failure,rust,wiring,drop-guard,0.33
core/src/transport/escalation.rs,418,test_select_best_transport_balanced,rust,wiring,no-change,0.33
core/src/transport/hint_store.rs,164,newer_annotation_replaces_previous_set,rust,wiring,no-change,0.33
core/src/transport/manager.rs,255,new_with_multihop,rust,wiring,no-change,0.33
core/src/transport/manager.rs,642,reconnection_queue_len,rust,wiring,drop-guard,0.33
core/src/transport/manager.rs,989,create_peer_id,rust,wiring,no-change,0.33
core/src/transport/nat.rs,460,test_get_external_address_from_peer,rust,wiring,propagate-question,0.33
core/src/transport/nat.rs,474,test_probe_nat,rust,wiring,propagate-question,0.33
core/src/transport/observation.rs,84,record_observation,rust,wiring,validate-guard,0.33
core/src/transport/reputation.rs,146,calculate_score,rust,wiring,no-change,0.33
core/src/transport/swarm.rs,10456,tracker_with_one_connection,rust,wiring,propagate-question,0.33
core/src/transport/swarm.rs,11658,large_ledger_produces_a_bounded_candidate_list,rust,wiring,no-change,0.33
core/src/transport/wifi_direct.rs,124,with_platform,rust,wiring,propagate-question,0.33
core/src/wasm_support/transport.rs,93,new,rust,wiring,no-change,0.33
core/tests/integration_all_phases.rs,21,test_all_six_phases_integrated,rust,security,panic-invariant-only,0.33
core/tests/integration_dial_policy.rs,270,test_backoff_eligibility_timing,rust,wiring,no-change,0.33
core/tests/integration_ironcore_roundtrip.rs,473,test_history_conversation_coalesces_pubkey_and_identity_flavors,rust,security,propagate-question,0.33
core/tests/integration_relay_custody.rs,76,offline_recipient_receives_after_reconnect_without_sender_resend,rust,security,drop-guard,0.33
core/tests/mocks/routing.rs,96,test_mock_routing_with_empty_decisions,rust,wiring,no-change,0.33
core/tests/test_and06_live_key_corpus.rs,118,strictness_is_monotone_relative_to_the_lenient_decode,rust,wiring,validate-guard,0.33
core/tests/test_mesh_routing.rs,204,test_multi_path_best_paths_include_relays,rust,wiring,no-change,0.33
iOS/SCMessenger/SCMessenger/Data/MeshRepository.swift,1043,stopMeshService,swift,wiring,defer-cleanup,0.33
iOS/SCMessenger/SCMessenger/Data/MeshRepository.swift,1356,readCachedIdentityInfo,swift,wiring,result-type,0.33
iOS/SCMessenger/SCMessenger/Data/MeshRepository.swift,3107,isNotificationRequestPending,swift,wiring,no-change,0.33
iOS/SCMessenger/SCMessenger/Data/MeshRepository.swift,5904,extractIpv4FromMultiaddr,swift,wiring,result-type,0.33
iOS/SCMessenger/SCMessenger/Data/MeshRepository.swift,6272,upsertFederatedContact,swift,wiring,throws-propagate,0.33
iOS/SCMessenger/SCMessenger/Data/MeshRepository.swift,7071,getIdentityQrPayload,swift,wiring,result-type,0.33
iOS/SCMessenger/SCMessenger/Generated/api.swift,132,createWriter,swift,wiring,result-type,0.33
iOS/SCMessenger/SCMessenger/Transport/MultipeerTransport.swift,242,stopBrowsing,swift,wiring,guard-let,0.33
iOS/SCMessenger/SCMessenger/ViewModels/ContactsViewModel.swift,124,normalizedNonEmpty,swift,wiring,guard-let,0.33
iOS/SCMessenger/SCMessenger/Views/Dashboard/MeshDashboardView.swift,492,deduplicationPriority,swift,wiring,no-change,0.33
iOS/SCMessenger/SCMessenger/Views/NotificationGuidanceView.swift,63,openSettings,swift,wiring,async-await,0.33
iOS/SCMessenger/SCMessenger/Views/NotificationGuidanceView.swift,81,dismiss,swift,wiring,no-change,0.33
iOS/SCMessengerCore.xcframework/ios-arm64-simulator/Headers/SCMessengerCore.swift,3601,FfiConverterTypeLedgerEntry_lower,swift,wiring,no-change,0.33
iOS/SCMessengerCore.xcframework/ios-arm64/Headers/SCMessengerCore.swift,452,write,swift,wiring,throws-propagate,0.33
iOS/SCMessengerCore.xcframework/ios-arm64/Headers/SCMessengerCore.swift,866,lower,swift,wiring,defer-cleanup,0.33
iOS/SCMessengerCore.xcframework/ios-arm64/Headers/SCMessengerCore.swift,3302,write,swift,wiring,throws-propagate,0.33
iOS/SCMessengerCore.xcframework/ios-arm64/Headers/SCMessengerCore.swift,4110,write,swift,wiring,throws-propagate,0.33
iOS/SCMessengerTests/NotificationVerificationTests.swift,30,testPermissionStatusReturnsValidValue,swift,wiring,guard-let,0.33
iOS/SCMessengerTests/NotificationVerificationTests.swift,344,setUp,swift,wiring,defer-cleanup,0.33
wasm/src/daemon_bridge.rs,556,send_request,rust,wiring,callback-closure,0.33
wasm/src/storage.rs,320,create_test_message,rust,wiring,propagate-question,0.33
wasm/src/transport.rs,1374,test_wasm_transport_creation,rust,wiring,no-change,0.33
wasm/src/transport.rs,1481,test_webrtc_transport_create_offer_returns_err_on_non_wasm,rust,wiring,no-change,0.33
android/app/src/main/java/com/scmessenger/android/data/MeshRepository.kt,353,mapToSmartTransportType,kotlin,wiring,no-change,0.32
android/app/src/main/java/com/scmessenger/android/data/MeshRepository.kt,1096,logRetryStormDetection,kotlin,wiring,no-change,0.32
android/app/src/main/java/com/scmessenger/android/data/MeshRepository.kt,3904,initializeAndStartWifi,kotlin,wiring,guard-early-return,0.32
android/app/src/main/java/com/scmessenger/android/data/MeshRepository.kt,4851,listContacts,kotlin,wiring,result-sealed,0.32
android/app/src/main/java/com/scmessenger/android/data/MeshRepository.kt,4925,getContactCount,kotlin,wiring,result-sealed,0.32
android/app/src/main/java/com/scmessenger/android/data/MeshRepository.kt,6422,getMessage,kotlin,wiring,guard-early-return,0.32
android/app/src/main/java/com/scmessenger/android/data/MeshRepository.kt,6687,readLedgerEntriesFromDiskUncached,kotlin,wiring,result-sealed,0.32
android/app/src/main/java/com/scmessenger/android/data/MeshRepository.kt,7565,getDefaultSettings,kotlin,wiring,no-change,0.32
android/app/src/main/java/com/scmessenger/android/data/MeshRepository.kt,7761,publishTopic,kotlin,wiring,result-sealed,0.32
android/app/src/main/java/com/scmessenger/android/data/MeshRepository.kt,11695,getExternalAddresses,kotlin,wiring,flow-collect,0.32
android/app/src/main/java/com/scmessenger/android/data/MeshRepository.kt,12328,handleBleFailure,kotlin,wiring,result-sealed,0.32
android/app/src/main/java/com/scmessenger/android/service/AndroidPlatformBridge.kt,549,wifiDirectRemoveGroup,kotlin,wiring,guard-early-return,0.32
android/app/src/main/java/com/scmessenger/android/service/MeshForegroundService.kt,246,registerLifecycleCommand,kotlin,wiring,mutex-guard,0.32
android/app/src/main/java/com/scmessenger/android/service/ServiceHealthMonitor.kt,89,resetHealth,kotlin,wiring,result-stdlib,0.32
android/app/src/main/java/com/scmessenger/android/transport/SmartTransportRouter.kt,34,fromValue,kotlin,wiring,result-stdlib,0.32
android/app/src/main/java/com/scmessenger/android/transport/SmartTransportRouter.kt,296,attemptDelivery,kotlin,wiring,coroutine-scope,0.32
android/app/src/main/java/com/scmessenger/android/transport/SubnetProbe.kt,295,failed,kotlin,wiring,callback-flow,0.32
android/app/src/main/java/com/scmessenger/android/transport/WifiDirectTransport.kt,512,onFailure,kotlin,wiring,callback-flow,0.32
android/app/src/main/java/com/scmessenger/android/transport/ble/BleGattServer.kt,532,sendResponseSafe,kotlin,wiring,guard-early-return,0.32
android/app/src/main/java/com/scmessenger/android/transport/ble/BleL2capManager.kt,445,recordSuccess,kotlin,wiring,no-change,0.32
android/app/src/main/java/com/scmessenger/android/ui/components/CopyableText.kt,176,copyToClipboard,kotlin,wiring,result-stdlib,0.32
android/app/src/main/java/com/scmessenger/android/ui/dashboard/TopologyScreen.kt,206,TopologyGraph,kotlin,wiring,split-function,0.32
android/app/src/main/java/com/scmessenger/android/ui/dialogs/NetworkStatusDialog.kt,43,NetworkStatusDialog,kotlin,wiring,result-sealed,0.32
android/app/src/main/java/com/scmessenger/android/ui/screens/SettingsScreen.kt,935,IdentitySection,kotlin,wiring,no-change,0.32
android/app/src/main/java/com/scmessenger/android/ui/viewmodels/MainViewModel.kt,171,refreshIdentityState,kotlin,wiring,mutex-guard,0.32
android/app/src/main/java/com/scmessenger/android/ui/viewmodels/MeshServiceViewModel.kt,139,setAutoStart,kotlin,wiring,result-stdlib,0.32
android/app/src/main/java/com/scmessenger/android/ui/viewmodels/SettingsViewModel.kt,1056,setContactNickname,kotlin,wiring,result-sealed,0.32
android/app/src/test/java/com/scmessenger/android/data/GhostIdentityGateTest.kt,58,self_dial_unproven_is_ghost,kotlin,wiring,guard-early-return,0.32
android/app/src/test/java/com/scmessenger/android/service/StopRaceLatchTest.kt,34,ensureWhileLatched_isNoOp,kotlin,wiring,guard-early-return,0.32
android/app/src/test/java/com/scmessenger/android/test/DeliveryStateMapperTest.kt,47,`maps due retry time to forwarding state`,kotlin,wiring,no-change,0.32
android/app/src/test/java/com/scmessenger/android/test/ReceiptUnificationTest.kt,206,installRunningService,kotlin,wiring,split-function,0.32
android/app/src/test/java/com/scmessenger/android/transport/ble/BleL2capManagerTest.kt,36,successfulAcceptResetsRecoveryBudget,kotlin,wiring,no-change,0.32
android/app/src/test/java/com/scmessenger/android/utils/ContactImportParserTest.kt,122,`normal listener list under cap is preserved intact`,kotlin,security,guard-early-return,0.32
android/app/src/test/java/com/scmessenger/android/utils/DeepLinkValidatorTest.kt,24,`multiple valid public IPv4 multiaddrs are accepted up to cap`,kotlin,wiring,result-stdlib,0.32
android/app/src/test/java/com/scmessenger/android/utils/DeepLinkValidatorTest.kt,264,`IPv6 unique-local fc00 off-subnet is rejected`,kotlin,wiring,guard-early-return,0.32
android/app/src/test/java/com/scmessenger/android/utils/DeepLinkValidatorTest.kt,271,`IPv6 unique-local fd00 on same address is accepted`,kotlin,wiring,guard-early-return,0.32
cli/src/ble_mesh.rs,276,drop,rust,wiring,drop-guard,0.32
cli/src/ledger.rs,1301,test_stale_address_reaping_via_wrapper,rust,wiring,no-change,0.32
cli/src/seed_dial.rs,106,next_delay_is_bounded_exponential_backoff,rust,wiring,no-change,0.32
cli/src/seed_dial.rs,139,candidate_count_reflects_seeded_core_ledger,rust,wiring,propagate-question,0.32
cli/src/server.rs,1879,invalid_envelope_key_does_not_win_over_valid_sender_id,rust,wiring,no-change,0.32
cli/src/transport_bridge.rs,344,test_path_finding,rust,wiring,propagate-question,0.32
cli/tests/integration_mesh_acceptance.rs,80,queued_message,rust,wiring,handle-local-fallback,0.32
core/src/crypto/ratchet.rs,1419,test_init_as_sender_hybrid_and_encrypt,rust,security,propagate-question,0.32
core/src/drift/policy.rs,257,test_profile_minimal_low_battery,rust,wiring,no-change,0.32
core/src/drift/relay.rs,161,set_network_state,rust,wiring,state-machine,0.32
core/src/dspy/modules.rs,176,validate_input,rust,wiring,no-change,0.32
core/src/identity/keys.rs,1008,test_v2_keys_non_derivation,rust,security,panic-invariant-only,0.32
core/src/iron_core.rs,1489,drift_network_state,rust,wiring,drop-guard,0.32
core/src/iron_core.rs,2814,ratchet_has_session,rust,wiring,no-change,0.32
core/src/iron_core.rs,4314,disable_transport,rust,wiring,propagate-question,0.32
core/src/iron_core.rs,4326,register_state_change_callback,rust,wiring,propagate-question,0.32
core/src/iron_core.rs,4607,drift_set_reputation_manager,rust,wiring,propagate-question,0.32
core/src/iron_core.rs,4638,override_ble_advertise_interval,rust,wiring,propagate-question,0.32
core/src/mobile_bridge.rs,1644,on_motion_changed,rust,wiring,handle-local-fallback,0.32
core/src/mobile_bridge.rs,4743,test_device_state_from_profile,rust,wiring,no-change,0.32
core/src/mobile_bridge.rs,5842,on_proximity_data_received,rust,wiring,validate-guard,0.32
core/src/mobile_bridge.rs,6450,on_network_changed,rust,wiring,handle-local-fallback,0.32
core/src/notification.rs,349,list_endpoints,rust,wiring,propagate-question,0.32
core/src/notification.rs,471,known_contact_defaults_to_direct_message,rust,wiring,no-change,0.32
core/src/privacy/cover.rs,213,is_cover_traffic,rust,wiring,no-change,0.32
core/src/relay/bootstrap.rs,498,test_invite_payload_require_pq_rejects_v1,rust,wiring,no-change,0.32
core/src/relay/bootstrap.rs,548,test_set_addresses,rust,wiring,no-change,0.32
core/src/relay/delegate_prewarm.rs,359,test_delegate_creation,rust,wiring,propagate-question,0.32
core/src/relay/invite.rs,1353,test_get_direct_invitations,rust,wiring,no-change,0.32
core/src/relay/invite.rs,1391,test_get_inviter,rust,wiring,no-change,0.32
core/src/relay/server.rs,120,with_config,rust,wiring,no-change,0.32
core/src/routing/adaptive_ttl.rs,64,decay,rust,wiring,validate-guard,0.32
core/src/routing/engine.rs,295,tick,rust,wiring,propagate-question,0.32
core/src/routing/engine.rs,507,test_tick_returns_maintenance,rust,wiring,return-value,0.32
core/src/routing/local.rs,215,peers_for_hint,rust,wiring,no-change,0.32
core/src/routing/local.rs,256,tick,rust,wiring,state-machine,0.32
core/src/routing/local.rs,296,summarize,rust,wiring,split-function,0.32
core/src/routing/negative_cache.rs,241,record_unreachable,rust,wiring,propagate-question,0.32
core/src/routing/negative_cache.rs,469,test_negative_cache_cleanup,rust,wiring,no-change,0.32
core/src/routing/optimized_engine.rs,395,can_reach_destination,rust,wiring,validate-guard,0.32
core/src/routing/resume_prefetch.rs,386,clear,rust,wiring,no-change,0.32
core/src/store/ledger_entry.rs,315,shared_ledger_state,rust,wiring,drop-guard,0.32
core/src/store/ledger_entry.rs,1610,summary,rust,wiring,propagate-question,0.32
core/src/store/ledger_entry.rs,1742,ephemeral,rust,wiring,no-change,0.32
core/src/store/ledger_entry.rs,4268,annotate_identity_keeps_self_certifying_bindings,rust,security,validate-guard,0.32
core/src/store/sweeper.rs,59,create_received_message,rust,wiring,validate-guard,0.32
core/src/transport/abstraction.rs,70,for_transport,rust,wiring,no-change,0.32
core/src/transport/circuit_breaker.rs,202,record_failure,rust,wiring,state-machine,0.32
core/src/transport/circuit_breaker.rs,274,reset_all,rust,wiring,propagate-question,0.32
core/src/transport/diagnostics.rs,82,get_network_diagnostics_report_with_telemetry,rust,wiring,no-change,0.32
core/src/transport/dial_policy.rs,358,multiaddr_to_key,rust,wiring,no-change,0.32
core/src/transport/dial_policy.rs,523,test_backoff_cap_at_30s,rust,wiring,no-change,0.32
core/src/transport/escalation.rs,335,all_states,rust,wiring,drop-guard,0.32
core/src/transport/escalation.rs,546,test_should_escalate_false,rust,wiring,propagate-question,0.32
core/src/transport/internet.rs,409,get_relay_peers,rust,wiring,no-change,0.32
core/src/transport/manager.rs,921,run_multi_hop_path_selection,rust,wiring,handle-local-fallback,0.32
core/src/transport/manager.rs,1423,test_is_peer_connected,rust,wiring,no-change,0.32
core/src/transport/nat.rs,446,test_peer_discovery_no_peers,rust,wiring,propagate-question,0.32
core/src/transport/reputation.rs,439,current_epoch_secs,rust,wiring,handle-local-fallback,0.32
core/src/transport/swarm.rs,1549,record_negotiation_failure_and_check_burst,rust,wiring,drop-guard,0.32
core/src/transport/swarm.rs,10799,endpoint_transport_string_classifies_endpoint_multiaddrs,rust,wiring,propagate-question,0.32
core/src/transport/swarm.rs,11617,rfc1918_candidates_follow_network_mode,rust,wiring,no-change,0.32
core/src/transport/swarm.rs,12149,per_peer_share_has_a_floor_so_small_budgets_do_not_starve_peers,rust,wiring,no-change,0.32
core/src/transport/swarm.rs,12329,wp3_unproven_hex_peer_topic_fails_closed_on_native,rust,wiring,validate-guard,0.32
core/tests/integration_e00_drift_v2_diag.rs,154,test_drift_v2_ratchet_roundtrip_diagnostic,rust,security,panic-invariant-only,0.32
core/tests/integration_ledger_seeding_hardening.rs,741,flood_ledger_exchange,rust,security,validate-guard,0.32
core/tests/mocks/routing.rs,25,with_decisions,rust,wiring,no-change,0.32
core/tests/mocks/transport.rs,40,add_peer,rust,wiring,propagate-question,0.32
core/tests/mocks/transport.rs,51,create_mock_swarm,rust,wiring,propagate-question,0.32
core/tests/test_mesh_routing.rs,67,test_reputation_calculation_low_quality,rust,wiring,return-value,0.32
iOS/SCMessenger/SCMessenger/Background/NotificationBackgroundProcessor.swift,62,testSilentNotifications,swift,wiring,result-type,0.32
iOS/SCMessenger/SCMessenger/Data/MeshRepository.swift,146,isEnabledFlag,swift,wiring,guard-let,0.32
iOS/SCMessenger/SCMessenger/Data/MeshRepository.swift,3363,getConnectionPathState,swift,wiring,guard-let,0.32
iOS/SCMessenger/SCMessenger/Data/MeshRepository.swift,3659,getMessageRequests,swift,wiring,throws-propagate,0.32
iOS/SCMessenger/SCMessenger/Data/MeshRepository.swift,4011,onEnteringBackground,swift,wiring,throws-propagate,0.32
iOS/SCMessenger/SCMessenger/Data/MeshRepository.swift,5889,prioritizeAddressesForCurrentNetwork,swift,wiring,no-change,0.32
iOS/SCMessenger/SCMessenger/Data/MeshRepository.swift,5968,normalizeOutboundListenerHints,swift,wiring,no-change,0.32
iOS/SCMessenger/SCMessenger/Data/MeshRepository.swift,7279,isLibp2pPeerId,swift,wiring,no-change,0.32
iOS/SCMessenger/SCMessenger/Generated/api.swift,6182,write,swift,wiring,throws-propagate,0.32
iOS/SCMessenger/SCMessenger/Generated/api.swift,6568,FfiConverterTypeLedgerEntry_lower,swift,wiring,no-change,0.32
iOS/SCMessenger/SCMessenger/Generated/api.swift,7493,write,swift,wiring,throws-propagate,0.32
iOS/SCMessenger/SCMessenger/Generated/api.swift,8718,write,swift,wiring,no-change,0.32
iOS/SCMessenger/SCMessenger/Generated/api.swift,10410,write,swift,wiring,throws-propagate,0.32
iOS/SCMessenger/SCMessenger/Services/CoreDelegateImpl.swift,64,onPeerConnected,swift,wiring,guard-let,0.32
iOS/SCMessenger/SCMessenger/Services/CoreDelegateImpl.swift,101,onPeerIdentified,swift,wiring,guard-let,0.32
iOS/SCMessenger/SCMessenger/Transport/BLEPeripheralManager.swift,269,validateCentralConnection,swift,wiring,guard-let,0.32
iOS/SCMessenger/SCMessenger/Transport/BLEPeripheralManager.swift,281,sendDataToCentral,swift,wiring,async-await,0.32
iOS/SCMessenger/SCMessenger/Transport/BLEPeripheralManager.swift,511,peripheralManager,swift,wiring,split-function,0.32
iOS/SCMessenger/SCMessenger/Utils/NotificationLogger.swift,87,logDeliveryTest,swift,wiring,no-change,0.32
iOS/SCMessenger/SCMessenger/ViewModels/SettingsViewModel.swift,409,getContactCount,swift,wiring,throws-propagate,0.32
iOS/SCMessenger/SCMessenger/ViewModels/SettingsViewModel.swift,413,getMessageCount,swift,wiring,throws-propagate,0.32
iOS/SCMessenger/SCMessenger/Views/Navigation/MainTabView.swift,237,loadConversations,swift,wiring,split-function,0.32
iOS/SCMessengerCore.xcframework/ios-arm64-simulator/Headers/SCMessengerCore.swift,508,write,swift,wiring,throws-propagate,0.32
iOS/SCMessengerCore.xcframework/ios-arm64/Headers/SCMessengerCore.swift,149,writeFloat,swift,wiring,no-change,0.32
iOS/SCMessengerCore.xcframework/ios-arm64/Headers/SCMessengerCore.swift,2953,lower,swift,wiring,defer-cleanup,0.32
iOS/SCMessengerCore.xcframework/ios-arm64/Headers/SCMessengerCore.swift,3097,write,swift,wiring,throws-propagate,0.32
iOS/SCMessengerCore.xcframework/ios-arm64/Headers/SCMessengerCore.swift,4286,write,swift,wiring,throws-propagate,0.32
iOS/SCMessengerTests/NotificationVerificationTests.swift,663,testNotificationResponseHandling,swift,wiring,guard-let,0.32
wasm/src/connection_state.rs,200,connection_state,rust,wiring,no-change,0.32
wasm/src/connection_state.rs,278,add_rtc_connection,rust,wiring,propagate-question,0.32
wasm/src/connection_state.rs,298,close_all,rust,wiring,drop-guard,0.32
wasm/src/lib.rs,377,set_daemon_socket_url,rust,wiring,validate-guard,0.32
wasm/src/lib.rs,2121,from,rust,wiring,no-change,0.32
wasm/src/mesh.rs,251,update_relay_stats,rust,wiring,handle-local-fallback,0.32
wasm/src/transport.rs,1050,state,rust,wiring,return-value,0.32
AgentSwarmCline/scmessenger_swarm/observability_tests.rs,183,test_special_characters_in_hash,rust,wiring,complete-match,0.31
android/app/src/main/java/com/scmessenger/android/data/IdentityCreationCoordinator.kt,68,determineInitialState,kotlin,wiring,flow-collect,0.31
android/app/src/main/java/com/scmessenger/android/data/MeshRepository.kt,3075,sendHistorySyncIfNeeded,kotlin,wiring,split-function,0.31
android/app/src/main/java/com/scmessenger/android/data/MeshRepository.kt,5997,ensureBootstrapRelayConnected,kotlin,wiring,result-sealed,0.31
android/app/src/main/java/com/scmessenger/android/data/MeshRepository.kt,9501,selectAuthoritativeNickname,kotlin,wiring,guard-early-return,0.31
android/app/src/main/java/com/scmessenger/android/service/AndroidPlatformBridge.kt,558,applyAdjustments,kotlin,wiring,split-function,0.31
android/app/src/main/java/com/scmessenger/android/transport/SmartTransportRouter.kt,213,getAvailableTransports,kotlin,wiring,guard-early-return,0.31
android/app/src/main/java/com/scmessenger/android/transport/WifiAwareTransport.kt,528,send,kotlin,wiring,result-sealed,0.31
android/app/src/main/java/com/scmessenger/android/transport/WifiDirectTransport.kt,279,onReceive,kotlin,wiring,callback-flow,0.31
android/app/src/main/java/com/scmessenger/android/transport/WifiDirectTransport.kt,473,stopDiscovery,kotlin,wiring,guard-early-return,0.31
android/app/src/main/java/com/scmessenger/android/transport/WifiTransportManager.kt,43,initialize,kotlin,wiring,result-sealed,0.31
android/app/src/main/java/com/scmessenger/android/transport/WifiTransportManager.kt,120,registerReceiver,kotlin,wiring,guard-early-return,0.31
android/app/src/main/java/com/scmessenger/android/transport/ble/BleGattServer.kt,453,handleReassembly,kotlin,wiring,mutex-guard,0.31
android/app/src/main/java/com/scmessenger/android/transport/ble/BleScanner.kt,567,stopScanning,kotlin,wiring,mutex-guard,0.31
android/app/src/main/java/com/scmessenger/android/ui/screens/ConversationsScreen.kt,286,ConversationItem,kotlin,wiring,guard-early-return,0.31
android/app/src/main/java/com/scmessenger/android/ui/screens/RequestsInboxScreen.kt,256,formatTimestamp,kotlin,wiring,result-stdlib,0.31
android/app/src/main/java/com/scmessenger/android/ui/viewmodels/IdentityViewModel.kt,182,readIdentityWithRetry,kotlin,wiring,result-sealed,0.31
android/app/src/main/java/com/scmessenger/android/ui/viewmodels/MainViewModel.kt,387,consumeDeepLink,kotlin,wiring,flow-collect,0.31
android/app/src/main/java/com/scmessenger/android/ui/viewmodels/SettingsViewModel.kt,642,setThemeMode,kotlin,wiring,result-sealed,0.31
android/app/src/main/java/com/scmessenger/android/ui/viewmodels/SettingsViewModel.kt,734,setManualProfile,kotlin,wiring,result-sealed,0.31
android/app/src/main/java/com/scmessenger/android/ui/viewmodels/SettingsViewModel.kt,811,buildTesterDiagnosticsBundle,kotlin,wiring,result-stdlib,0.31
android/app/src/main/java/com/scmessenger/android/ui/viewmodels/SettingsViewModel.kt,1108,markMessageCorrupted,kotlin,wiring,result-sealed,0.31
android/app/src/test/java/com/scmessenger/android/data/MeshRepositorySeedImportTest.kt,58,`blank and empty addresses are filtered`,kotlin,wiring,no-change,0.31
android/app/src/test/java/com/scmessenger/android/data/NicknameAuthorityTest.kt,23,selectAuthoritativeNickname,kotlin,wiring,split-function,0.31
android/app/src/test/java/com/scmessenger/android/test/ContactsViewModelTest.kt,37,contact,kotlin,wiring,no-change,0.31
android/app/src/test/java/com/scmessenger/android/test/ContactsViewModelTest.kt,108,`removeContact forwards removal to repository`,kotlin,wiring,no-change,0.31
android/app/src/test/java/com/scmessenger/android/test/MeshForegroundServiceTest.kt,29,`pause resolves to Pause when repository running`,kotlin,wiring,guard-early-return,0.31
android/app/src/test/java/com/scmessenger/android/test/ReceiptUnificationTest.kt,215,cleanup,kotlin,wiring,use-block,0.31
android/app/src/test/java/com/scmessenger/android/transport/SubnetProbeDialCandidateTest.kt,69,`default probe targets keep the websocket port out of dials`,kotlin,wiring,no-change,0.31
android/app/src/test/java/com/scmessenger/android/utils/DeepLinkValidatorTest.kt,69,`link-local IPv4 is rejected`,kotlin,wiring,guard-early-return,0.31
android/shared/src/androidMain/kotlin/com/scmessenger/shared/platform/PlatformNotifier.android.kt,13,clearNotifications,kotlin,wiring,guard-early-return,0.31
android/shared/src/androidMain/kotlin/com/scmessenger/shared/platform/PlatformStorage.android.kt,18,getBoolean,kotlin,wiring,result-stdlib,0.31
android/shared/src/androidMain/kotlin/com/scmessenger/shared/platform/PlatformStorage.android.kt,22,putBoolean,kotlin,wiring,result-stdlib,0.31
android/shared/src/desktopMain/kotlin/com/scmessenger/shared/desktop/ContactList.kt,34,ContactList,kotlin,wiring,no-change,0.31
cli/src/ledger.rs,531,complete_dial,rust,wiring,state-machine,0.31
cli/src/ledger.rs,866,prioritize_dial_candidates,rust,wiring,handle-local-fallback,0.31
cli/src/ledger.rs,1050,test_try_begin_dial_suppresses_unknown_when_relay_healthy,rust,wiring,no-change,0.31
cli/src/seed_dial.rs,45,sweep_decision,rust,wiring,no-change,0.31
cli/src/transport_bridge.rs,370,test_path_scoring,rust,wiring,return-value,0.31
cli/tests/integration_peer_identified_gate.rs,77,identify_advertised_ssrf_addresses_never_become_dial_targets,rust,wiring,no-change,0.31
core/src/abuse/auto_block.rs,330,test_neutral_peer_not_blocked,rust,wiring,no-change,0.31
core/src/crypto/pq/hybrid.rs,163,test_tamper_mlkem_ciphertext,rust,security,validate-guard,0.31
core/src/crypto/pq/hybrid.rs,195,test_both_halves_contribute,rust,security,propagate-question,0.31
core/src/crypto/pq/mldsa.rs,127,test_mldsa65_invalid_signature,rust,security,no-change,0.31
core/src/crypto/pq/mod.rs,33,private_key,rust,wiring,no-change,0.31
core/src/crypto/ratchet.rs,1453,test_init_as_receiver_hybrid_then_decrypt,rust,security,validate-guard,0.31
core/src/crypto/ratchet.rs,1681,test_suite02_and_suite03_derive_different_root_keys,rust,security,propagate-question,0.31
core/src/drift/frame.rs,384,test_frame_length_calculation,rust,wiring,propagate-question,0.31
core/src/drift/policy.rs,67,scan_interval_ms,rust,wiring,no-change,0.31
core/src/drift/sketch.rs,85,with_cells,rust,wiring,validate-guard,0.31
core/src/drift/store.rs,724,test_by_priority_ordering,rust,wiring,no-change,0.31
core/src/dspy/signatures.rs,39,new,rust,wiring,validate-guard,0.31
core/src/iron_core.rs,136,parse_peer_id_32,rust,wiring,propagate-question,0.31
core/src/iron_core.rs,2411,get_disk_stats,rust,wiring,propagate-question,0.31
core/src/iron_core.rs,2655,get_audit_events_by_type,rust,wiring,propagate-question,0.31
core/src/iron_core.rs,5357,queued_transport_send_remains_in_outbox_until_receipt,rust,security,propagate-question,0.31
core/src/message/ephemeral.rs,36,test_not_expired,rust,wiring,panic-invariant-only,0.31
core/src/mobile_bridge.rs,5234,send_proximity_packet,rust,wiring,propagate-question,0.31
core/src/mobile_bridge.rs,5604,wifi_direct_create_group,rust,wiring,propagate-question,0.31
core/src/privacy/onion.rs,712,test_peel_layer_hybrid_destination,rust,security,validate-guard,0.31
core/src/privacy/onion.rs,727,test_peel_layer_hybrid_relay,rust,security,propagate-question,0.31
core/src/privacy/timing.rs,155,compute_jitter,rust,wiring,validate-guard,0.31
core/src/privacy/timing.rs,311,test_compute_jitter_zero_min,rust,wiring,no-change,0.31
core/src/relay/client.rs,114,with_transport,rust,wiring,no-change,0.31
core/src/relay/invite.rs,1382,test_record_invitation,rust,wiring,no-change,0.31
core/src/relay/peer_exchange.rs,399,test_merge_peer_list,rust,wiring,propagate-question,0.31
core/src/relay/peer_exchange.rs,423,test_record_failure_2,rust,wiring,propagate-question,0.31
core/src/routing/engine.rs,497,test_routing_summary,rust,wiring,no-change,0.31
core/src/routing/neighborhood.rs,417,current_timestamp,rust,wiring,handle-local-fallback,0.31
core/src/routing/neighborhood.rs,649,test_generate_gossip,rust,wiring,no-change,0.31
core/src/routing/neighborhood.rs,850,test_gossip_exchange_propagation,rust,wiring,no-change,0.31
core/src/routing/optimized_engine.rs,323,active_paths,rust,wiring,no-change,0.31
core/src/store/inbox.rs,318,get_inbox_count,rust,wiring,propagate-question,0.31
core/src/store/inbox.rs,398,test_receive_and_query,rust,wiring,no-change,0.31
core/src/store/ledger_entry.rs,37,has_plausible_listen_port,rust,wiring,no-change,0.31
core/src/store/ledger_entry.rs,381,get_multiaddr_port,rust,wiring,propagate-question,0.31
core/src/store/ledger_entry.rs,2553,entry_for_multiaddr,rust,wiring,validate-guard,0.31
core/src/store/logs.rs,51,record_log,rust,wiring,propagate-question,0.31
core/src/transport/addr_filter.rs,407,is_dialable_multiaddr,rust,wiring,propagate-question,0.31
core/src/transport/addr_filter.rs,448,is_disclosable_multiaddr_parsed,rust,wiring,no-change,0.31
core/src/transport/ble/l2cap.rs,480,evict_expired,rust,wiring,no-change,0.31
core/src/transport/ble/scanner.rs,602,test_all_battery_states,rust,wiring,no-change,0.31
core/src/transport/circuit_breaker.rs,474,test_get_stats,rust,wiring,no-change,0.31
core/src/transport/diagnostics.rs,285,diagnostics_report_includes_routing_telemetry,rust,wiring,no-change,0.31
core/src/transport/dial_policy.rs,245,complete_dial_attempt,rust,wiring,drop-guard,0.31
core/src/transport/dial_policy.rs,280,reset_on_connection_established,rust,wiring,drop-guard,0.31
core/src/transport/escalation.rs,315,recommended_transport,rust,wiring,complete-match,0.31
core/src/transport/escalation.rs,329,cleanup_peer,rust,wiring,drop-guard,0.31
core/src/transport/manager.rs,272,set_health_monitor,rust,wiring,no-change,0.31
core/src/transport/manager.rs,830,get_global_metrics,rust,wiring,propagate-question,0.31
core/src/transport/manager.rs,1692,test_reconnect_success_removes_from_queue,rust,wiring,complete-match,0.31
core/src/transport/reflection.rs,156,enable,rust,wiring,propagate-question,0.31
core/src/transport/relay_health.rs,295,test_relay_metrics_priority_score,rust,wiring,no-change,0.31
core/src/transport/swarm.rs,11865,kademlia_gate_rejects_dns_including_the_circuit_form,rust,wiring,panic-invariant-only,0.31
core/src/wasm_support/mesh.rs,69,new,rust,wiring,state-machine,0.31
core/tests/integration_drift_mule.rs,52,mesh_store_merge_union,rust,wiring,no-change,0.31
core/tests/integration_ironcore_roundtrip.rs,321,on_receipt_received,rust,wiring,propagate-question,0.31
core/tests/integration_local_mesh_node3.rs,70,set_available,rust,wiring,drop-guard,0.31
core/tests/integration_outbox_flush_reconnect.rs,185,test_outbox_retry_backoff_schedule,rust,wiring,handle-local-fallback,0.31
core/tests/kani/ratchet_symmetry.rs,7,mock_kdf,rust,wiring,validate-guard,0.31
core/tests/mocks/transport.rs,74,test_mock_swarm_with_peers,rust,wiring,no-change,0.31
core/tests/test_and06_live_key_corpus.rs,62,valid,rust,wiring,no-change,0.31
iOS/SCMessenger/SCMessenger/Data/MeshRepository.swift,1088,pauseMeshService,swift,wiring,guard-let,0.31
iOS/SCMessenger/SCMessenger/Data/MeshRepository.swift,1406,restoreIdentityFromKeychain,swift,wiring,result-type,0.31
iOS/SCMessenger/SCMessenger/Data/MeshRepository.swift,2416,sendHistorySyncDataIfNeeded,swift,wiring,split-function,0.31
iOS/SCMessenger/SCMessenger/Data/MeshRepository.swift,2602,encodeMeshMessagePayload,swift,wiring,result-type,0.31
iOS/SCMessenger/SCMessenger/Data/MeshRepository.swift,2638,isBareDeliveryReceiptPayload,swift,wiring,guard-let,0.31
iOS/SCMessenger/SCMessenger/Data/MeshRepository.swift,7097,getIdentitySnippet,swift,wiring,result-type,0.31
iOS/SCMessenger/SCMessenger/Generated/api.swift,583,lower,swift,wiring,no-change,0.31
iOS/SCMessenger/SCMessenger/Generated/api.swift,7160,FfiConverterTypePeelResult_lower,swift,wiring,no-change,0.31
iOS/SCMessenger/SCMessenger/Generated/api.swift,8385,write,swift,wiring,no-change,0.31
iOS/SCMessenger/SCMessenger/Transport/BLEL2CAPManager.swift,32,openChannel,swift,wiring,result-type,0.31
iOS/SCMessenger/SCMessenger/Transport/mDNSServiceDiscovery.swift,144,cleanup,swift,wiring,defer-cleanup,0.31
iOS/SCMessenger/SCMessenger/ViewModels/ContactsViewModel.swift,435,preferredContact,swift,wiring,split-function,0.31
iOS/SCMessenger/SCMessenger/Views/Navigation/MainTabView.swift,125,openConversation,swift,wiring,no-change,0.31
iOS/SCMessenger/SCMessenger/Views/Settings/DiagnosticsView.swift,222,updateUIViewController,swift,wiring,no-change,0.31
iOS/SCMessengerCore.xcframework/ios-arm64/Headers/SCMessengerCore.swift,209,lower,swift,wiring,defer-cleanup,0.31
iOS/SCMessengerCore.xcframework/ios-arm64/Headers/SCMessengerCore.swift,3601,FfiConverterTypeLedgerEntry_lower,swift,wiring,no-change,0.31
wasm/src/lib.rs,558,outbox_count,rust,wiring,propagate-question,0.31
wasm/src/lib.rs,1193,contact_federated_nickname,rust,wiring,propagate-question,0.31
wasm/src/notification_manager.rs,106,request_permission,rust,wiring,split-function,0.31
wasm/src/transport.rs,1489,test_webrtc_transport_set_remote_answer_returns_err_on_non_wasm,rust,wiring,no-change,0.31
android/app/src/main/java/com/scmessenger/android/data/MeshRepository.kt,101,resolvePlatformSecuredPassphrase,kotlin,wiring,result-sealed,0.3
android/app/src/main/java/com/scmessenger/android/data/MeshRepository.kt,375,checkMeshParticipationEnabled,kotlin,wiring,guard-early-return,0.3
android/app/src/main/java/com/scmessenger/android/data/MeshRepository.kt,907,recordFailure,kotlin,wiring,result-sealed,0.3
android/app/src/main/java/com/scmessenger/android/data/MeshRepository.kt,4240,stopMeshService,kotlin,wiring,coroutine-scope,0.3
android/app/src/main/java/com/scmessenger/android/data/MeshRepository.kt,7750,subscribeTopic,kotlin,wiring,coroutine-scope,0.3
android/app/src/main/java/com/scmessenger/android/data/MeshRepository.kt,9433,decodeMessageWithIdentityHints,kotlin,wiring,result-sealed,0.3
android/app/src/main/java/com/scmessenger/android/data/MeshRepository.kt,9888,mergeNotes,kotlin,wiring,split-function,0.3
android/app/src/main/java/com/scmessenger/android/network/NetworkDiagnostics.kt,141,detectNetworkRestrictions,kotlin,wiring,result-sealed,0.3
android/app/src/main/java/com/scmessenger/android/service/MeshEventBus.kt,90,emitUiEvent,kotlin,wiring,flow-collect,0.3
android/app/src/main/java/com/scmessenger/android/service/MeshForegroundService.kt,293,cancelLifecycleObservers,kotlin,wiring,mutex-guard,0.3
android/app/src/main/java/com/scmessenger/android/service/ServiceHealthMonitor.kt,348,isServiceHealthy,kotlin,wiring,result-sealed,0.3
android/app/src/main/java/com/scmessenger/android/transport/NetworkDetector.kt,273,updateNetworkType,kotlin,wiring,split-function,0.3
android/app/src/main/java/com/scmessenger/android/transport/ble/BleAdvertiser.kt,158,setIdentityData,kotlin,wiring,mutex-guard,0.3
android/app/src/main/java/com/scmessenger/android/transport/ble/BleGattServer.kt,503,onExecuteWrite,kotlin,wiring,guard-early-return,0.3
android/app/src/main/java/com/scmessenger/android/transport/ble/BleQuotaManager.kt,39,recordScanStart,kotlin,wiring,mutex-guard,0.3
android/app/src/main/java/com/scmessenger/android/ui/viewmodels/ChatViewModel.kt,422,logMessageDeliveryAttempt,kotlin,wiring,result-sealed,0.3
android/app/src/main/java/com/scmessenger/android/ui/viewmodels/ConversationsViewModel.kt,363,loadStats,kotlin,wiring,flow-collect,0.3
android/app/src/main/java/com/scmessenger/android/ui/viewmodels/MeshServiceViewModel.kt,103,stopService,kotlin,wiring,result-sealed,0.3
android/app/src/main/java/com/scmessenger/android/ui/viewmodels/SettingsViewModel.kt,376,loadIdentity,kotlin,wiring,flow-collect,0.3
android/app/src/main/java/com/scmessenger/android/utils/NetworkFailureMetrics.kt,65,getFailureCount,kotlin,wiring,no-change,0.3
android/app/src/main/java/com/scmessenger/android/utils/PeerIdValidator.kt,41,isLibp2pPeerId,kotlin,wiring,guard-early-return,0.3
android/app/src/test/java/com/scmessenger/android/test/DeliveryStateMapperTest.kt,59,`maps exhausted undelivered send to queued delivering state`,kotlin,wiring,no-change,0.3
android/app/src/test/java/com/scmessenger/android/test/IdentityFlowRegressionTest.kt,209,`isIdentityInitialized fast path triggers restore when core identity is lost`,kotlin,wiring,result-sealed,0.3
android/app/src/test/java/com/scmessenger/android/test/UniffiIntegrationTest.kt,38,`test IronCore initialization`,kotlin,security,result-sealed,0.3
android/app/src/test/java/com/scmessenger/android/ui/viewmodels/MeshServiceViewModelTest.kt,90,`setAutoStart updates preference`,kotlin,wiring,coroutine-scope,0.3
android/app/src/test/java/com/scmessenger/android/utils/NotificationGateTest.kt,80,perKindGates_areIndependent,kotlin,wiring,split-function,0.3
cli/src/ledger.rs,39,for_target,rust,wiring,validate-guard,0.3
cli/src/ledger.rs,953,now,rust,wiring,propagate-question,0.3
cli/src/transport_bridge.rs,270,can_reach_destination,rust,wiring,propagate-question,0.3
core/src/abuse/reputation.rs,248,test_spam_signal_recording,rust,wiring,no-change,0.3
core/src/abuse/spam_detection.rs,268,spam_score,rust,wiring,propagate-question,0.3
core/src/crypto/ratchet.rs,1393,test_init_as_receiver_then_decrypt,rust,security,validate-guard,0.3
core/src/drift/policy.rs,97,to_relay_config,rust,wiring,handle-local-fallback,0.3
core/src/drift/sketch.rs,108,insert,rust,wiring,propagate-question,0.3
core/src/drift/store.rs,191,by_priority,rust,wiring,handle-local-fallback,0.3
core/src/drift/store.rs,507,test_eviction_on_over_capacity,rust,wiring,no-change,0.3
core/src/dspy/modules.rs,152,add_step,rust,wiring,no-change,0.3
core/src/dspy/modules.rs,246,create_multihop,rust,wiring,no-change,0.3
core/src/dspy/modules.rs,255,build_rust_feature_pipeline,rust,wiring,propagate-question,0.3
core/src/dspy/modules.rs,289,test_chain_of_thought_module,rust,wiring,validate-guard,0.3
core/src/iron_core.rs,376,arm_ledger_self_filter,rust,wiring,handle-local-fallback,0.3
core/src/iron_core.rs,1342,peer_spam_score,rust,wiring,propagate-question,0.3
core/src/iron_core.rs,2360,perform_maintenance,rust,wiring,propagate-question,0.3
core/src/iron_core.rs,2674,get_auto_adjust_engine,rust,wiring,propagate-question,0.3
core/src/iron_core.rs,2683,is_consent_granted,rust,wiring,no-change,0.3
core/src/iron_core.rs,2864,routing_mark_gateway,rust,wiring,propagate-question,0.3
core/src/iron_core.rs,3117,swarm_get_bootstrap_candidates,rust,wiring,handle-local-fallback,0.3
core/src/iron_core.rs,3138,swarm_can_bootstrap_others,rust,wiring,drop-guard,0.3
core/src/iron_core.rs,4059,privacy_config,rust,wiring,propagate-question,0.3
core/src/iron_core.rs,4367,get_best_forwarding_path,rust,wiring,drop-guard,0.3
core/src/iron_core.rs,4748,blocked_only_peer_ids_set,rust,wiring,handle-local-fallback,0.3
core/src/iron_core.rs,6399,on_peer_disconnected,rust,wiring,channel-event,0.3
core/src/mobile_bridge.rs,579,reset_stats,rust,wiring,drop-guard,0.3
core/src/mobile_bridge.rs,618,get_nat_status,rust,wiring,drop-guard,0.3
core/src/mobile_bridge.rs,1786,on_wifi_direct_peer_discovered,rust,wiring,validate-guard,0.3
core/src/mobile_bridge.rs,4571,test_handle_data_path_confirmed_resolves_ipv4,rust,wiring,channel-event,0.3
core/src/mobile_bridge.rs,5689,wifi_aware_create_data_path,rust,wiring,propagate-question,0.3
core/src/mobile_bridge.rs,5692,wifi_aware_stop,rust,wiring,explicit-close,0.3
core/src/mobile_bridge.rs,5826,on_ble_data_received,rust,wiring,channel-event,0.3
core/src/mobile_bridge.rs,5968,on_entering_background,rust,wiring,state-machine,0.3
core/src/mobile_bridge.rs,6132,echoed_profile_during_window_is_ignored,rust,wiring,no-change,0.3
core/src/notification.rs,199,normalize_required,rust,wiring,no-change,0.3
core/src/notification.rs,427,now_ms,rust,wiring,handle-local-fallback,0.3
core/src/notification_defaults.rs,21,sound_enabled,rust,wiring,no-change,0.3
core/src/relay/invite.rs,134,build_seed_ledger,rust,wiring,no-change,0.3
core/src/relay/invite.rs,641,create_invite_token,rust,wiring,validate-guard,0.3
core/src/relay/invite.rs,1324,test_get_trust_chain,rust,wiring,no-change,0.3
core/src/relay/peer_exchange.rs,448,test_clear,rust,wiring,no-change,0.3
core/src/routing/engine.rs,322,routing_summary,rust,wiring,no-change,0.3
core/src/routing/global.rs,106,add_route,rust,wiring,split-function,0.3
core/src/routing/global.rs,186,best_route_for_hint,rust,wiring,panic-invariant-only,0.3
core/src/routing/local.rs,437,test_update_peer_hints,rust,wiring,no-change,0.3
core/src/routing/negative_cache.rs,513,test_reputation_based_exemption,rust,wiring,no-change,0.3
core/src/routing/neighborhood.rs,142,update_gateway,rust,wiring,propagate-question,0.3
core/src/routing/optimized_engine.rs,46,new,rust,wiring,no-change,0.3
core/src/routing/optimized_engine.rs,330,refresh_delegate_routes,rust,wiring,propagate-question,0.3
core/src/routing/optimized_engine.rs,362,evaluate_all_tracked,rust,wiring,propagate-question,0.3
core/src/routing/resume_prefetch.rs,485,test_update_route,rust,wiring,state-machine,0.3
core/src/routing/smart_retry.rs,224,test_large_attempt_counts,rust,wiring,propagate-question,0.3
core/src/store/dedup.rs,213,tracker_evicts_oldest_at_capacity,rust,wiring,no-change,0.3
core/src/store/ledger_entry.rs,498,canonical_ledger_peer_id,rust,wiring,split-function,0.3
core/src/store/ledger_entry.rs,4067,exchange_never_discloses_public_ip,rust,wiring,drop-guard,0.3
core/src/store/relay_custody.rs,464,in_memory,rust,wiring,no-change,0.3
core/src/transport/abstraction.rs,314,test_transport_capabilities_for_wifi_direct,rust,wiring,no-change,0.3
core/src/transport/addr_filter.rs,595,same_private_subnet,rust,wiring,validate-guard,0.3
core/src/transport/addr_filter.rs,1434,cgnat_is_dialable_locally_but_never_disclosable,rust,wiring,no-change,0.3
core/src/transport/ble/scanner.rs,155,get_mode_description,rust,wiring,complete-match,0.3
core/src/transport/ble/scanner.rs,530,test_ble_scanner_set_battery_state,rust,wiring,no-change,0.3
core/src/transport/ble/scanner.rs,541,test_ble_scanner_set_wifi_available,rust,wiring,no-change,0.3
core/src/transport/bootstrap.rs,499,resolve_env_bootstrap_nodes,rust,wiring,propagate-question,0.3
core/src/transport/diagnostics.rs,250,get_network_diagnostics_report_from_empty_monitor,rust,wiring,no-change,0.3
core/src/transport/dial_policy.rs,539,test_eligibility_check,rust,wiring,no-change,0.3
core/src/transport/escalation.rs,284,find_worse_transport,rust,wiring,drop-guard,0.3
core/src/transport/escalation.rs,620,test_escalation_order_high_bandwidth,rust,wiring,no-change,0.3
core/src/transport/health.rs,644,health_score,rust,wiring,handle-local-fallback,0.3
core/src/transport/hint_store.rs,117,has_peer_hints,rust,wiring,no-change,0.3
core/src/transport/manager.rs,192,is_ready,rust,wiring,return-value,0.3
core/src/transport/manager.rs,511,peers_on_transport,rust,wiring,drop-guard,0.3
core/src/transport/manager.rs,557,remove_target_peer,rust,wiring,drop-guard,0.3
core/src/transport/manager.rs,1129,force_stale,rust,wiring,propagate-question,0.3
core/src/transport/manager.rs,1582,test_connected_peers_deduplication,rust,wiring,no-change,0.3
core/src/transport/mesh_routing.rs,685,record_recipient_seen_now,rust,wiring,no-change,0.3
core/src/transport/mesh_routing.rs,1251,a_single_prune_pass_does_not_sacrifice_the_smallest_holder,rust,wiring,no-change,0.3
core/src/transport/nat.rs,434,test_peer_discovery_creation,rust,wiring,no-change,0.3
core/src/transport/observation.rs,352,address_observer_contract,rust,wiring,propagate-question,0.3
core/src/transport/relay_health.rs,104,update_relay_metrics,rust,wiring,propagate-question,0.3
core/src/transport/swarm.rs,1438,reap_candidate,rust,wiring,validate-guard,0.3
core/src/transport/swarm.rs,11758,failover_ledger_reexchange_cooldown_persists_across_full_disconnect,rust,wiring,state-machine,0.3
core/src/transport/wifi_aware.rs,508,get_discovered_peers,rust,wiring,no-change,0.3
core/tests/integration_ledger_convergence.rs,29,test_ledger_convergence_between_nodes,rust,security,drop-guard,0.3
core/tests/integration_ledger_seeding_hardening.rs,65,in_memory_core_has_no_on_disk_ledger,rust,wiring,drop-guard,0.3
core/tests/integration_local_mesh_node3.rs,57,new,rust,wiring,no-change,0.3
core/tests/integration_local_mesh_node3.rs,147,set_on_data_path_confirmed,rust,wiring,callback-closure,0.3
core/tests/integration_local_mesh_node3.rs,1024,test_integrated_node3_local_mesh_pipeline,rust,security,propagate-question,0.3
core/tests/integration_wifi_aware.rs,56,wait_for_loopback_tcp_port,rust,wiring,propagate-question,0.3
core/tests/mocks/identity.rs,47,generate_mock_identities,rust,wiring,no-change,0.3
core/tests/mocks/transport.rs,25,with_peers,rust,wiring,no-change,0.3
core/tests/test_mesh_routing.rs,94,test_reputation_tracker,rust,wiring,no-change,0.3
core/tests/test_multiport.rs,9,test_generate_listen_addresses,rust,wiring,no-change,0.3
desktop_bridge/src/desktop_bridge.rs,187,handle_power_event,rust,wiring,drop-guard,0.3
desktop_bridge/src/power.rs,89,power_state_for_event,rust,wiring,return-value,0.3
desktop_bridge/src/power.rs,106,test_detect_returns_valid_state,rust,wiring,handle-local-fallback,0.3
iOS/SCMessenger/SCMessenger/Data/MeshRepository.swift,1314,refreshPublishedIdentityFromCore,swift,wiring,guard-let,0.3
iOS/SCMessenger/SCMessenger/Data/MeshRepository.swift,1324,validatePublishedIdentityAfterHydration,swift,wiring,guard-let,0.3
iOS/SCMessenger/SCMessenger/Data/MeshRepository.swift,2598,encodeIdentitySyncPayload,swift,wiring,throws-propagate,0.3
iOS/SCMessenger/SCMessenger/Data/MeshRepository.swift,4744,defaultMultipeerPeerId,swift,wiring,result-type,0.3
iOS/SCMessenger/SCMessenger/Data/MeshRepository.swift,6906,getTopics,swift,wiring,result-type,0.3
iOS/SCMessenger/SCMessenger/Data/MeshRepository.swift,7027,getIdentityExportString,swift,wiring,throws-propagate,0.3
iOS/SCMessenger/SCMessenger/SCMessengerApp.swift,104,handleEnteringForeground,swift,wiring,guard-let,0.3
iOS/SCMessenger/SCMessenger/Services/IosPlatformBridge.swift,248,startMotionMonitoring,swift,wiring,async-await,0.3
iOS/SCMessenger/SCMessenger/Services/MeshBackgroundService.swift,211,simulateBackgroundRefresh,swift,wiring,result-type,0.3
iOS/SCMessenger/SCMessenger/Services/NotificationManager.swift,51,requestPermissionIfNeeded,swift,wiring,result-type,0.3
iOS/SCMessenger/SCMessenger/Services/NotificationManager.swift,345,currentPermissionStatus,swift,wiring,no-change,0.3
iOS/SCMessenger/SCMessenger/Transport/BLECentralManager.swift,202,scheduleReconnectionRetry,swift,wiring,async-await,0.3
iOS/SCMessenger/SCMessenger/Transport/BLEPeripheralManager.swift,216,scheduleReconnectionRetry,swift,wiring,async-await,0.3
iOS/SCMessenger/SCMessenger/Transport/MultipeerTransport.swift,140,clearInviteTracking,swift,wiring,no-change,0.3
iOS/SCMessenger/SCMessenger/Transport/SmartTransportRouter.swift,381,getHealthSummary,swift,wiring,no-change,0.3
iOS/SCMessengerCore.xcframework/ios-arm64-simulator/Headers/SCMessengerCore.swift,149,writeFloat,swift,wiring,no-change,0.3
iOS/SCMessengerCore.xcframework/ios-arm64-simulator/Headers/SCMessengerCore.swift,4110,write,swift,wiring,result-type,0.3
iOS/SCMessengerCore.xcframework/ios-arm64-simulator/Headers/SCMessengerCore.swift,4342,write,swift,wiring,result-type,0.3
iOS/SCMessengerCore.xcframework/ios-arm64/Headers/SCMessengerCore.swift,4225,write,swift,wiring,throws-propagate,0.3
wasm/src/connection_state.rs,205,close,rust,wiring,drop-guard,0.3
wasm/src/connection_state.rs,352,test_connection_manager_close_all,rust,wiring,drop-guard,0.3
wasm/src/transport.rs,1198,state,rust,wiring,return-value,0.3
android/app/src/main/java/com/scmessenger/android/data/MeshRepository.kt,191,mergeBootstrapCandidates,kotlin,wiring,no-change,0.29
android/app/src/main/java/com/scmessenger/android/data/MeshRepository.kt,7185,replayDiscoveredPeerEvents,kotlin,wiring,split-function,0.29
android/app/src/main/java/com/scmessenger/android/data/MeshRepository.kt,7591,saveSettings,kotlin,wiring,guard-early-return,0.29
android/app/src/main/java/com/scmessenger/android/data/MeshRepository.kt,9415,isBareDeliveryReceiptPayload,kotlin,wiring,result-sealed,0.29
android/app/src/main/java/com/scmessenger/android/data/MeshRepository.kt,10642,toMultiaddrFromSocketAddress,kotlin,wiring,result-stdlib,0.29
android/app/src/main/java/com/scmessenger/android/data/MeshRepository.kt,10750,isSpecialUseIpv4,kotlin,wiring,result-stdlib,0.29
android/app/src/main/java/com/scmessenger/android/service/AndroidPlatformBridge.kt,627,notifyForeground,kotlin,wiring,guard-early-return,0.29
android/app/src/main/java/com/scmessenger/android/service/PerformanceMonitor.kt,134,getAnrStats,kotlin,wiring,result-sealed,0.29
android/app/src/main/java/com/scmessenger/android/transport/SmartTransportRouter.kt,165,setHealth,kotlin,wiring,mutex-guard,0.29
android/app/src/main/java/com/scmessenger/android/transport/SmartTransportRouter.kt,471,getHealthSummary,kotlin,wiring,mutex-guard,0.29
android/app/src/main/java/com/scmessenger/android/transport/SubnetProbe.kt,133,stop,kotlin,wiring,mutex-guard,0.29
android/app/src/main/java/com/scmessenger/android/transport/WifiDirectTransport.kt,105,stop,kotlin,wiring,use-block,0.29
android/app/src/main/java/com/scmessenger/android/transport/ble/BleAdvertiser.kt,150,onStartFailure,kotlin,wiring,no-change,0.29
android/app/src/main/java/com/scmessenger/android/transport/ble/BleL2capManager.kt,248,connect,kotlin,wiring,result-sealed,0.29
android/app/src/main/java/com/scmessenger/android/transport/ble/BleScanner.kt,494,matchesMeshAdvertisement,kotlin,wiring,split-function,0.29
android/app/src/main/java/com/scmessenger/android/ui/dashboard/PeerListScreen.kt,312,formatTimestamp,kotlin,wiring,split-function,0.29
android/app/src/main/java/com/scmessenger/android/ui/viewmodels/ChatViewModel.kt,376,loadPendingOutboxCount,kotlin,wiring,flow-collect,0.29
android/app/src/main/java/com/scmessenger/android/ui/viewmodels/RequestsInboxViewModel.kt,111,rejectRequest,kotlin,wiring,result-sealed,0.29
android/app/src/main/java/com/scmessenger/android/ui/viewmodels/SettingsViewModel.kt,947,incrementAttemptCount,kotlin,wiring,result-sealed,0.29
android/app/src/main/java/com/scmessenger/android/utils/DeepLinkValidator.kt,22,sanitizeDeepLinkMultiaddrs,kotlin,wiring,result-sealed,0.29
android/app/src/main/java/com/scmessenger/android/utils/DeepLinkValidator.kt,189,isOnSameSubnet,kotlin,wiring,guard-early-return,0.29
android/app/src/main/java/com/scmessenger/android/utils/NetworkFailureMetrics.kt,56,isNodeUnreachable,kotlin,wiring,guard-early-return,0.29
android/app/src/main/java/com/scmessenger/android/utils/NotificationHelper.kt,729,applySoundPreference,kotlin,wiring,guard-early-return,0.29
android/app/src/test/java/com/scmessenger/android/data/IdentityUnificationCanonicalIdTest.kt,170,`legacy libp2p sender still prefers hint identity_id`,kotlin,wiring,use-block,0.29
android/app/src/test/java/com/scmessenger/android/data/MeshRepositorySeedImportTest.kt,101,`uninitialized ledgerManager returns zero safely`,kotlin,wiring,guard-early-return,0.29
android/app/src/test/java/com/scmessenger/android/test/MeshRepositoryTest.kt,300,`parseTransportsFromMultiaddrs detects BLE`,kotlin,wiring,result-sealed,0.29
android/app/src/test/java/com/scmessenger/android/test/MockTestHelper.kt,89,createMockSettingsManager,kotlin,wiring,split-function,0.29
android/app/src/test/java/com/scmessenger/android/test/ReceiptWindowTest.kt,78,cleanup,kotlin,wiring,use-block,0.29
android/app/src/test/java/com/scmessenger/android/ui/viewmodels/ContactsViewModelTest.kt,143,`promoteNearbyPeerToContact drops the peer from nearbyPeers optimistically`,kotlin,wiring,result-sealed,0.29
android/app/src/test/java/com/scmessenger/android/utils/DeepLinkValidatorTest.kt,60,`loopback IPv6 is rejected`,kotlin,wiring,guard-early-return,0.29
android/app/src/test/java/com/scmessenger/android/utils/NotificationHelperGateTest.kt,254,showMessage,kotlin,wiring,result-sealed,0.29
android/app/src/test/java/com/scmessenger/android/utils/NotificationHelperGateTest.kt,268,stat,kotlin,wiring,result-stdlib,0.29
android/shared/src/commonMain/kotlin/com/scmessenger/shared/viewmodel/ChatViewModel.kt,40,sendMessage,kotlin,wiring,result-sealed,0.29
cli/src/api_axum.rs,121,simulate_test_harness_static,rust,wiring,state-machine,0.29
cli/src/ble_windows.rs,30,get_reassembly_buffers,rust,wiring,no-change,0.29
cli/src/ledger.rs,151,ready,rust,wiring,no-change,0.29
cli/src/main.rs,1171,main,rust,security,validate-guard,0.29
cli/src/transport_bridge.rs,135,get_wasm_transports,rust,wiring,no-change,0.29
cli/src/watchdog.rs,142,wp4_fresh_heartbeat_clears_a_warning_streak,rust,wiring,no-change,0.29
cli/tests/integration_peer_identified_gate.rs,147,the_handler_is_the_same_function_for_both_cli_commands,rust,wiring,split-function,0.29
core/src/abuse/reputation.rs,71,record_spam_signal,rust,wiring,propagate-question,0.29
core/src/abuse/reputation.rs,202,make_manager,rust,wiring,no-change,0.29
core/src/abuse/spam_detection.rs,135,new_heuristics_only,rust,wiring,no-change,0.29
core/src/crypto/session_manager.rs,269,remove_session,rust,wiring,no-change,0.29
core/src/drift/policy.rs,203,test_profile_high,rust,wiring,no-change,0.29
core/src/drift/rate_limit.rs,68,allow_sync_at,rust,wiring,validate-guard,0.29
core/src/drift/sketch.rs,117,remove,rust,wiring,validate-guard,0.29
core/src/drift/sync.rs,559,test_merge_envelopes_into_store,rust,wiring,no-change,0.29
core/src/identity/keys.rs,834,test_peer_id_roundtrip_deterministic,rust,security,propagate-question,0.29
core/src/iron_core.rs,3590,drift_contains,rust,wiring,handle-local-fallback,0.29
core/src/iron_core.rs,6065,reliability_success_updates_local_score_and_capability_uses_active_peers,rust,wiring,drop-guard,0.29
core/src/mobile_bridge.rs,1982,is_running,rust,wiring,drop-guard,0.29
core/src/mobile_bridge.rs,3027,override_relay_priority_threshold,rust,wiring,drop-guard,0.29
core/src/mobile_bridge.rs,4086,clear_handle_if_unhealthy,rust,wiring,drop-guard,0.29
core/src/mobile_bridge.rs,4101,set_handle,rust,wiring,drop-guard,0.29
core/src/mobile_bridge.rs,4234,recommended_transport,rust,wiring,handle-local-fallback,0.29
core/src/mobile_bridge.rs,5227,on_proximity_data_received,rust,wiring,validate-guard,0.29
core/src/mobile_bridge.rs,5255,wifi_direct_stop_discovery,rust,wiring,propagate-question,0.29
core/src/mobile_bridge.rs,6403,on_proximity_data_received,rust,wiring,validate-guard,0.29
core/src/notification.rs,78,classify_notification,rust,wiring,split-function,0.29
core/src/relay/findmy.rs,444,test_different_keys_produce_different_output,rust,security,propagate-question,0.29
core/src/relay/invite.rs,138,stripped,rust,wiring,no-change,0.29
core/src/relay/invite.rs,1099,test_build_seed_ledger_strips_peer_ids_and_dedupes,rust,wiring,no-change,0.29
core/src/relay/server.rs,323,test_server,rust,wiring,no-change,0.29
core/src/routing/engine.rs,340,collect_alternative_hops,rust,wiring,split-function,0.29
core/src/routing/engine.rs,534,test_route_redundant,rust,wiring,no-change,0.29
core/src/routing/global.rs,219,request_route,rust,wiring,propagate-question,0.29
core/src/routing/multipath.rs,56,record_failure,rust,wiring,return-value,0.29
core/src/routing/negative_cache.rs,153,is_expired,rust,wiring,no-change,0.29
core/src/routing/neighborhood.rs,383,evict_stalest_gateway,rust,wiring,panic-invariant-only,0.29
core/src/routing/optimized_engine.rs,248,prefetch_stats,rust,wiring,no-change,0.29
core/src/routing/resume_prefetch.rs,351,record_message,rust,wiring,split-function,0.29
core/src/routing/timeout_budget.rs,167,complete,rust,wiring,state-machine,0.29
core/src/store/ledger_entry.rs,1666,is_own_identity,rust,wiring,drop-guard,0.29
core/src/store/ledger_entry.rs,2139,is_peer_known_good,rust,wiring,no-change,0.29
core/src/store/ledger_entry.rs,2513,dialable_addresses_for_node,rust,wiring,drop-guard,0.29
core/src/store/ledger_entry.rs,2873,shared_state_registry_purges_dead_paths,rust,wiring,drop-guard,0.29
core/src/store/ledger_entry.rs,3307,import_seed_entries_adds_unproven_entries,rust,wiring,no-change,0.29
core/src/store/ledger_entry.rs,3755,ledger_entry_to_shared_converts_millis_to_seconds,rust,wiring,no-change,0.29
core/src/transport/abstraction.rs,369,test_transport_error_types,rust,wiring,no-change,0.29
core/src/transport/addr_filter.rs,771,is_self_circuit_multiaddr_parsed,rust,wiring,no-change,0.29
core/src/transport/ble/scanner.rs,111,new,rust,wiring,propagate-question,0.29
core/src/transport/bootstrap.rs,114,new,rust,wiring,handle-local-fallback,0.29
core/src/transport/bootstrap.rs,562,test_bootstrap_manager_creation,rust,wiring,panic-invariant-only,0.29
core/src/transport/dial_policy.rs,502,test_exponential_backoff_progression,rust,wiring,state-machine,0.29
core/src/transport/escalation.rs,65,new,rust,wiring,no-change,0.29
core/src/transport/health.rs,398,record_connection_failure,rust,wiring,propagate-question,0.29
core/src/transport/health.rs,610,record_message_failure,rust,wiring,no-change,0.29
core/src/transport/manager.rs,521,is_peer_connected,rust,wiring,no-change,0.29
core/src/transport/manager.rs,793,expire_address_observations,rust,wiring,propagate-question,0.29
core/src/transport/manager.rs,906,set_multi_hop_recall,rust,wiring,validate-guard,0.29
core/src/transport/manager.rs,1440,test_peers_on_transport,rust,wiring,no-change,0.29
core/src/transport/mesh_routing.rs,148,calculate_score,rust,wiring,propagate-question,0.29
core/src/transport/mesh_routing.rs,778,record_success,rust,wiring,validate-guard,0.29
core/src/transport/observation.rs,285,remove_connection_by_id,rust,wiring,return-value,0.29
core/src/transport/reputation.rs,396,all_reputations,rust,wiring,drop-guard,0.29
core/src/transport/swarm.rs,532,build_mdns_advertised_addrs,rust,wiring,no-change,0.29
core/src/transport/swarm.rs,2250,log_route_decision,rust,wiring,no-change,0.29
core/src/transport/swarm.rs,12199,zero_budget_still_means_unlimited,rust,wiring,no-change,0.29
core/src/transport/wifi_aware.rs,783,test_get_active_data_paths,rust,wiring,propagate-question,0.29
core/src/transport/wifi_direct.rs,131,handle_peers_changed,rust,wiring,drop-guard,0.29
core/src/transport/wifi_direct.rs,327,get_group_info,rust,wiring,no-change,0.29
core/src/wasm_support/mesh.rs,385,test_relay_relay_disabled,rust,security,propagate-question,0.29
core/src/wasm_support/transport.rs,328,test_handle_message_updates_state,rust,wiring,state-machine,0.29
core/tests/integration_all_phases.rs,335,test_relay_protocol,rust,security,panic-invariant-only,0.29
core/tests/integration_dial_policy.rs,97,test_dial_policy_manager_concurrent_limit,rust,wiring,no-change,0.29
core/tests/integration_drift_mule.rs,11,make_envelope,rust,wiring,validate-guard,0.29
core/tests/integration_ledger_seeding_hardening.rs,90,dialing_a_peer_populates_the_dialer_ledger_without_manual_seeding,rust,security,validate-guard,0.29
core/tests/integration_local_mesh_node3.rs,218,set_on_connection_info,rust,wiring,drop-guard,0.29
core/tests/integration_mycorrhizal_routing.rs,33,peer_hint,rust,wiring,handle-local-fallback,0.29
core/tests/integration_mycorrhizal_routing.rs,60,test_routing_engine_creation_and_basic_decision,rust,wiring,complete-match,0.29
core/tests/integration_mycorrhizal_routing.rs,513,test_evaluate_all_tracked_pruning,rust,wiring,no-change,0.29
core/tests/integration_wan_swarm_node2.rs,732,test_end_to_end_wan_swarm_lifecycle,rust,security,validate-guard,0.29
core/tests/mocks/transport.rs,67,test_mock_swarm_creation,rust,wiring,no-change,0.29
core/tests/property/message_serialization.rs,94,arb_signed_envelope,rust,wiring,no-change,0.29
iOS/SCMessenger/SCMessenger/Data/MeshRepository.swift,945,startMdnsDiscovery,swift,wiring,async-await,0.29
iOS/SCMessenger/SCMessenger/Data/MeshRepository.swift,2896,annotateIdentityInLedger,swift,wiring,guard-let,0.29
iOS/SCMessenger/SCMessenger/Data/MeshRepository.swift,4027,pauseService,swift,wiring,throws-propagate,0.29
iOS/SCMessenger/SCMessenger/Data/MeshRepository.swift,4211,handleTransportPeerDisconnected,swift,wiring,split-function,0.29
iOS/SCMessenger/SCMessenger/Data/MeshRepository.swift,5941,buildDialCandidatesForPeer,swift,wiring,split-function,0.29
iOS/SCMessenger/SCMessenger/Data/MeshRepository.swift,6063,isPrivateIPv4,swift,wiring,no-change,0.29
iOS/SCMessenger/SCMessenger/Services/IosPlatformBridge.swift,105,onEnteringForeground,swift,wiring,no-change,0.29
iOS/SCMessenger/SCMessenger/Services/IosPlatformBridge.swift,110,sendBlePacket,swift,wiring,async-await,0.29
iOS/SCMessenger/SCMessenger/Transport/BLECentralManager.swift,109,applyScanSettings,swift,wiring,no-change,0.29
iOS/SCMessenger/SCMessenger/Transport/BLEPeripheralManager.swift,170,appendRepositoryDiagnostic,swift,wiring,async-await,0.29
iOS/SCMessenger/SCMessenger/Transport/BLEPeripheralManager.swift,188,attemptReconnection,swift,wiring,defer-cleanup,0.29
iOS/SCMessenger/SCMessenger/Transport/MultipeerTransport.swift,145,invitePeerIfAllowed,swift,wiring,async-await,0.29
iOS/SCMessenger/SCMessenger/Views/Dashboard/MeshDashboardView.swift,246,handlePeerEvent,swift,wiring,split-function,0.29
iOS/SCMessenger/SCMessenger/Views/Dashboard/MeshDashboardView.swift,479,peerAliases,swift,wiring,guard-let,0.29
iOS/SCMessenger/SCMessenger/Views/Navigation/MainTabView.swift,275,deduplicateContactsByPublicKey,swift,wiring,split-function,0.29
iOS/SCMessenger/SCMessenger/Views/Settings/DiagnosticsView.swift,188,startAutoRefresh,swift,wiring,defer-cleanup,0.29
iOS/SCMessengerCore.xcframework/ios-arm64-simulator/Headers/SCMessengerCore.swift,2953,lower,swift,wiring,defer-cleanup,0.29
iOS/SCMessengerCore.xcframework/ios-arm64/Headers/SCMessengerCore.swift,4929,write,swift,wiring,result-type,0.29
iOS/SCMessengerTests/NotificationVerificationTests.swift,240,setUp,swift,wiring,no-change,0.29
wasm/src/connection_state.rs,257,add_websocket,rust,wiring,drop-guard,0.29
wasm/src/daemon_bridge.rs,582,disconnect,rust,wiring,propagate-question,0.29
wasm/src/lib.rs,983,drain_received_messages,rust,wiring,propagate-question,0.29
wasm/src/worker.rs,91,last_sync,rust,wiring,return-value,0.29
wasm/src/worker.rs,187,register_sync,rust,wiring,propagate-question,0.29
wasm/src/worker.rs,336,test_service_worker_bridge_creation,rust,wiring,propagate-question,0.29
android/app/src/main/java/com/scmessenger/android/data/MeshRepository.kt,1081,shouldRetryMessage,kotlin,wiring,result-sealed,0.28
android/app/src/main/java/com/scmessenger/android/data/MeshRepository.kt,1473,migrateStaleRoutingHints,kotlin,wiring,split-function,0.28
android/app/src/main/java/com/scmessenger/android/data/MeshRepository.kt,2011,onPeerDisconnected,kotlin,wiring,split-function,0.28
android/app/src/main/java/com/scmessenger/android/data/MeshRepository.kt,3851,resolveFreshBlePeerId,kotlin,wiring,mutex-guard,0.28
android/app/src/main/java/com/scmessenger/android/data/MeshRepository.kt,4783,getContact,kotlin,wiring,result-sealed,0.28
android/app/src/main/java/com/scmessenger/android/data/MeshRepository.kt,7740,getTopics,kotlin,wiring,coroutine-scope,0.28
android/app/src/main/java/com/scmessenger/android/data/MeshRepository.kt,9869,storeLastKnownRoutePeerId,kotlin,wiring,guard-early-return,0.28
android/app/src/main/java/com/scmessenger/android/data/MeshRepository.kt,10585,getDialHintsForRoutePeer,kotlin,wiring,split-function,0.28
android/app/src/main/java/com/scmessenger/android/data/MeshRepository.kt,11723,ownIdentityKeySet,kotlin,wiring,result-stdlib,0.28
android/app/src/main/java/com/scmessenger/android/data/MeshRepository.kt,11982,clearDiagnosticsLogs,kotlin,wiring,result-stdlib,0.28
android/app/src/main/java/com/scmessenger/android/data/MeshRepository.kt,12423,getDedupStats,kotlin,wiring,guard-early-return,0.28
android/app/src/main/java/com/scmessenger/android/service/AndroidPlatformBridge.kt,505,wifiAwareStop,kotlin,wiring,guard-early-return,0.28
android/app/src/main/java/com/scmessenger/android/service/MeshForegroundService.kt,522,stopMeshServiceLocked,kotlin,wiring,split-function,0.28
android/app/src/main/java/com/scmessenger/android/service/ServiceHealthMonitor.kt,360,getHealthSummary,kotlin,wiring,result-sealed,0.28
android/app/src/main/java/com/scmessenger/android/transport/NetworkDetector.kt,326,isPortLikelyBlocked,kotlin,wiring,no-change,0.28
android/app/src/main/java/com/scmessenger/android/transport/TransportManager.kt,500,getWifiDirectTransport,kotlin,wiring,no-change,0.28
android/app/src/main/java/com/scmessenger/android/transport/WifiDirectTransport.kt,544,computeGroupOwnerIntent,kotlin,wiring,use-block,0.28
android/app/src/main/java/com/scmessenger/android/transport/WifiTransportManager.kt,149,hasDiscoveryPermissions,kotlin,wiring,no-change,0.28
android/app/src/main/java/com/scmessenger/android/transport/ble/BleGattClient.kt,701,onCharacteristicChanged,kotlin,wiring,mutex-guard,0.28
android/app/src/main/java/com/scmessenger/android/ui/viewmodels/ChatViewModel.kt,397,shouldRetryMessage,kotlin,wiring,result-sealed,0.28
android/app/src/main/java/com/scmessenger/android/ui/viewmodels/SettingsViewModel.kt,349,loadIdentityInternal,kotlin,wiring,result-sealed,0.28
android/app/src/main/java/com/scmessenger/android/ui/viewmodels/SettingsViewModel.kt,922,clearPeerCache,kotlin,wiring,result-sealed,0.28
android/app/src/main/java/com/scmessenger/android/utils/ContactDisplayName.kt,64,displayName,kotlin,wiring,no-change,0.28
android/app/src/main/java/com/scmessenger/android/utils/FileLoggingTree.kt,68,log,kotlin,wiring,mutex-guard,0.28
android/app/src/test/java/com/scmessenger/android/test/MeshForegroundServiceTest.kt,132,`stop is honored even when latch already set`,kotlin,wiring,guard-early-return,0.28
android/app/src/test/java/com/scmessenger/android/transport/MdnsDnsaddrInteropTest.kt,171,`registration is deferred while the local peer id is unavailable`,kotlin,wiring,guard-early-return,0.28
android/app/src/test/java/com/scmessenger/android/ui/viewmodels/ConversationsViewModelTest.kt,120,`blockPeer delegates to repository`,kotlin,wiring,result-sealed,0.28
android/app/src/test/java/com/scmessenger/android/ui/viewmodels/MainViewModelTest.kt,176,`invite deep link when sanitisation yields empty list does not dial`,kotlin,wiring,guard-early-return,0.28
android/app/src/test/java/com/scmessenger/android/utils/DeepLinkValidatorTest.kt,46,`loopback IPv4 is rejected`,kotlin,wiring,no-change,0.28
android/shared/src/desktopMain/kotlin/com/scmessenger/shared/platform/PlatformNotifier.desktop.kt,14,clearNotifications,kotlin,wiring,guard-early-return,0.28
cli/src/ledger.rs,1482,test_add_bootstrap_marks_verified_and_skips_self,rust,wiring,no-change,0.28
cli/src/main.rs,885,custom_auto_reply_text_still_carries_the_machine_marker,rust,wiring,return-value,0.28
cli/src/main.rs,5372,cmd_test,rust,security,panic-invariant-only,0.28
cli/src/transport_bridge.rs,143,is_compatible_path,rust,wiring,complete-match,0.28
cli/tests/integration.rs,48,test_cli_parse_block_add,rust,wiring,no-change,0.28
cli/tests/integration_peer_identified_gate.rs,26,ledger,rust,wiring,propagate-question,0.28
core/src/abuse/reputation.rs,134,all_enhanced_scores,rust,wiring,propagate-question,0.28
core/src/crypto/ratchet.rs,1594,test_suite02_sender_receiver_roundtrip_still_works,rust,security,validate-guard,0.28
core/src/identity/keys.rs,1296,peer_id_triad_accepts_prefixes_and_rejects_junk,rust,wiring,validate-guard,0.28
core/src/iron_core.rs,2207,classify_notification,rust,wiring,no-change,0.28
core/src/iron_core.rs,4866,auto_block_exempt_peer,rust,wiring,drop-guard,0.28
core/src/iron_core.rs,6156,routing_peer_seen_distinguishes_circuit_from_direct_tcp,rust,wiring,panic-invariant-only,0.28
core/src/mobile_bridge.rs,1622,on_battery_changed,rust,wiring,handle-local-fallback,0.28
core/src/mobile_bridge.rs,5525,on_ble_data_received,rust,wiring,event-bus,0.28
core/src/notification_defaults.rs,17,notify_dm_request_in_foreground,rust,wiring,propagate-question,0.28
core/src/relay/invite.rs,1116,test_with_seed_ledger_truncates_without_dropping_inviter,rust,wiring,no-change,0.28
core/src/relay/peer_exchange.rs,298,test_peer_message_conversion,rust,wiring,no-change,0.28
core/src/routing/engine.rs,721,test_engine_thread_safety,rust,wiring,channel-event,0.28
core/src/routing/local.rs,173,mark_as_gateway,rust,wiring,return-value,0.28
core/src/routing/local.rs,391,test_peer_seen_creates_active_peer,rust,wiring,no-change,0.28
core/src/routing/neighborhood.rs,204,best_gateway_for_hint,rust,wiring,no-change,0.28
core/src/routing/neighborhood.rs,277,generate_gossip,rust,wiring,split-function,0.28
core/src/routing/timeout_budget.rs,72,new,rust,wiring,propagate-question,0.28
core/src/store/contacts.rs,102,is_synthetic_fallback_nickname,rust,wiring,no-change,0.28
core/src/store/ledger_entry.rs,30,clamp_wire_last_seen_ms,rust,wiring,no-change,0.28
core/src/store/ledger_entry.rs,3653,import_seed_entries_rejects_garbage_and_caps_batch,rust,wiring,validate-guard,0.28
core/src/store/outbox.rs,1819,expired_authorization_is_rejected,rust,security,panic-invariant-only,0.28
core/src/store/relay_custody.rs,1851,get_state_info,rust,wiring,propagate-question,0.28
core/src/transport/addr_filter.rs,1106,disclosure_drops_loopback_link_local_and_dns,rust,wiring,no-change,0.28
core/src/transport/circuit_breaker.rs,251,get_failure_count,rust,wiring,no-change,0.28
core/src/transport/escalation.rs,392,test_select_best_transport_low_latency,rust,wiring,return-value,0.28
core/src/transport/escalation.rs,647,test_escalation_order_low_latency,rust,wiring,no-change,0.28
core/src/transport/health.rs,158,update_current_address,rust,wiring,handle-local-fallback,0.28
core/src/transport/manager.rs,284,register_transport,rust,wiring,propagate-question,0.28
core/src/transport/manager.rs,614,record_reconnect_success,rust,wiring,propagate-question,0.28
core/src/transport/manager.rs,810,get_unhealthy_connections,rust,wiring,handle-local-fallback,0.28
core/src/transport/mesh_routing.rs,1150,prune_drops_to_the_low_water_mark,rust,wiring,no-change,0.28
core/src/transport/reflection.rs,283,test_service_multiple_requests,rust,wiring,propagate-question,0.28
core/src/transport/relay_health.rs,254,new,rust,wiring,no-change,0.28
core/src/transport/reputation.rs,378,get_score,rust,wiring,handle-local-fallback,0.28
core/src/transport/reputation.rs,558,test_persistence_eviction_cleans_storage,rust,wiring,handle-local-fallback,0.28
core/src/transport/swarm.rs,953,is_self_endpoint,rust,wiring,validate-guard,0.28
core/src/transport/swarm.rs,1221,note_peer_relay_admitted,rust,wiring,no-change,0.28
core/src/transport/swarm.rs,10627,zombie_tracker_maps_are_bounded_like_every_per_peer_map,rust,wiring,no-change,0.28
core/src/transport/swarm.rs,11268,poison_listener_guard_passes_direct_listeners,rust,wiring,no-change,0.28
core/tests/integration_core_ffi_node1.rs,60,on_peer_identified,rust,wiring,drop-guard,0.28
core/tests/integration_mycorrhizal_routing.rs,458,test_app_lifecycle_prefetch,rust,wiring,state-machine,0.28
core/tests/integration_registration_protocol.rs,58,registration_protocol_accepts_valid_signed_registration_request,rust,security,drop-guard,0.28
core/tests/property/identity_roundtrip.rs,184,test_import_invalid_key_data,rust,wiring,return-value,0.28
core/tests/test_and06_public_key_vector_parity.rs,25,valid,rust,wiring,validate-guard,0.28
desktop_bridge/src/socket_activation.rs,17,check_socket_activation,rust,wiring,validate-guard,0.28
iOS/SCMessenger/SCMessenger/Data/MeshRepository.swift,5801,triggerPendingSyncForPeerIds,swift,wiring,split-function,0.28
iOS/SCMessenger/SCMessenger/Data/MeshRepository.swift,5859,isMessageDeliveredLocally,swift,wiring,guard-let,0.28
iOS/SCMessenger/SCMessenger/Data/MeshRepository.swift,5896,isSameLanAddress,swift,wiring,result-type,0.28
iOS/SCMessenger/SCMessenger/Generated/api.swift,468,write,swift,wiring,throws-propagate,0.28
iOS/SCMessenger/SCMessenger/Generated/api.swift,1215,write,swift,wiring,throws-propagate,0.28
iOS/SCMessenger/SCMessenger/Generated/api.swift,6026,write,swift,wiring,throws-propagate,0.28
iOS/SCMessenger/SCMessenger/Transport/BLECentralManager.swift,374,centralManager,swift,wiring,defer-cleanup,0.28
iOS/SCMessenger/SCMessenger/Transport/BLEL2CAPManager.swift,38,publishChannel,swift,wiring,result-type,0.28
iOS/SCMessenger/SCMessenger/Transport/MultipeerTransport.swift,327,session,swift,wiring,split-function,0.28
iOS/SCMessenger/SCMessenger/Transport/MultipeerTransport.swift,442,browser,swift,wiring,async-await,0.28
iOS/SCMessenger/SCMessenger/ViewModels/ContactsViewModel.swift,113,isIdentityId,swift,wiring,guard-let,0.28
iOS/SCMessengerCore.xcframework/ios-arm64-simulator/Headers/SCMessengerCore.swift,3302,write,swift,wiring,result-type,0.28
iOS/SCMessengerCore.xcframework/ios-arm64-simulator/Headers/SCMessengerCore.swift,4728,write,swift,wiring,throws-propagate,0.28
iOS/SCMessengerCore.xcframework/ios-arm64/Headers/SCMessengerCore.swift,3994,write,swift,wiring,result-type,0.28
patch/if-watch-full/src/lib.rs,39,poll_if_event,rust,wiring,propagate-question,0.28
wasm/src/lib.rs,877,get_drift_store_size,rust,wiring,no-change,0.28
wasm/src/mesh.rs,430,test_unregister_peer,rust,wiring,propagate-question,0.28
wasm/src/worker.rs,150,new,rust,wiring,state-machine,0.28
wasm/src/worker.rs,232,status,rust,wiring,no-change,0.28
android/app/src/main/java/com/scmessenger/android/data/MeshRepository.kt,484,triggerFallbackProtocol,kotlin,wiring,mutex-guard,0.27
android/app/src/main/java/com/scmessenger/android/data/MeshRepository.kt,5199,getIdentityInfoSync,kotlin,wiring,result-sealed,0.27
android/app/src/main/java/com/scmessenger/android/data/MeshRepository.kt,6659,getAllLedgerEntries,kotlin,wiring,result-stdlib,0.27
android/app/src/main/java/com/scmessenger/android/data/MeshRepository.kt,6772,getSeedAddresses,kotlin,wiring,result-sealed,0.27
android/app/src/main/java/com/scmessenger/android/data/MeshRepository.kt,9198,loadPendingOutbox,kotlin,wiring,result-sealed,0.27
android/app/src/main/java/com/scmessenger/android/data/MeshRepository.kt,10770,isKnownRelay,kotlin,wiring,result-stdlib,0.27
android/app/src/main/java/com/scmessenger/android/data/MeshRepository.kt,11620,getPreferredRelay,kotlin,wiring,guard-early-return,0.27
android/app/src/main/java/com/scmessenger/android/service/AndroidPlatformBridge.kt,93,initialize,kotlin,wiring,result-sealed,0.27
android/app/src/main/java/com/scmessenger/android/service/AndroidPlatformBridge.kt,351,onBleDataReceived,kotlin,wiring,coroutine-scope,0.27
android/app/src/main/java/com/scmessenger/android/service/AndroidPlatformBridge.kt,493,wifiAwareCreateDataPath,kotlin,wiring,result-sealed,0.27
android/app/src/main/java/com/scmessenger/android/transport/SmartTransportRouter.kt,274,getDedupStats,kotlin,wiring,no-change,0.27
android/app/src/main/java/com/scmessenger/android/transport/WifiAwareTransport.kt,314,onLost,kotlin,wiring,mutex-guard,0.27
android/app/src/main/java/com/scmessenger/android/transport/WifiDirectTransport.kt,313,handleConnectionInfo,kotlin,wiring,result-sealed,0.27
android/app/src/main/java/com/scmessenger/android/transport/ble/BleGattClient.kt,319,disconnect,kotlin,wiring,use-block,0.27
android/app/src/main/java/com/scmessenger/android/transport/ble/BleQuotaManager.kt,49,currentCount,kotlin,wiring,mutex-guard,0.27
android/app/src/main/java/com/scmessenger/android/transport/ble/BleScanner.kt,521,stopScanningInternal,kotlin,wiring,guard-early-return,0.27
android/app/src/main/java/com/scmessenger/android/ui/screens/RequestsInboxScreen.kt,119,RequestItem,kotlin,wiring,no-change,0.27
android/app/src/main/java/com/scmessenger/android/ui/viewmodels/DashboardViewModel.kt,730,snapshot,kotlin,wiring,guard-early-return,0.27
android/app/src/main/java/com/scmessenger/android/ui/viewmodels/SettingsViewModel.kt,275,refreshInfoCounts,kotlin,wiring,coroutine-scope,0.27
android/app/src/main/java/com/scmessenger/android/ui/viewmodels/SettingsViewModel.kt,593,updateWifiAwareEnabled,kotlin,wiring,split-function,0.27
android/app/src/main/java/com/scmessenger/android/ui/viewmodels/SettingsViewModel.kt,1131,setBleRotationEnabled,kotlin,wiring,coroutine-scope,0.27
android/app/src/main/java/com/scmessenger/android/utils/ApkShareManager.kt,153,startLocalApkHost,kotlin,wiring,coroutine-scope,0.27
android/app/src/main/java/com/scmessenger/android/utils/DeepLinkValidator.kt,106,validateIpv4,kotlin,wiring,split-function,0.27
android/app/src/test/java/com/scmessenger/android/service/StopStartFloodTest.kt,53,ensureDuringStopFlood_isNoOp,kotlin,wiring,guard-early-return,0.27
android/app/src/test/java/com/scmessenger/android/service/StopStartFloodTest.kt,71,explicitStartAfterStop_clearsLatchAndStarts,kotlin,wiring,no-change,0.27
android/app/src/test/java/com/scmessenger/android/test/IdentityFlowRegressionTest.kt,23,`AtomicBoolean compareAndSet prevents concurrent fallback entry`,kotlin,wiring,coroutine-scope,0.27
android/app/src/test/java/com/scmessenger/android/test/MeshForegroundServiceTest.kt,96,`explicit start clears user stop and starts`,kotlin,wiring,mutex-guard,0.27
android/app/src/test/java/com/scmessenger/android/test/MeshForegroundServiceTest.kt,149,`ensure action never clears the user stop latch`,kotlin,wiring,guard-early-return,0.27
android/app/src/test/java/com/scmessenger/android/test/ReceiptUnificationTest.kt,178,awaitSlotCapture,kotlin,wiring,coroutine-scope,0.27
android/app/src/test/java/com/scmessenger/android/test/SettingsViewModelTest.kt,60,setup,kotlin,wiring,split-function,0.27
android/app/src/test/java/com/scmessenger/android/transport/MdnsDnsaddrInteropTest.kt,143,`a dnsaddr carrying an invalid peer id is ignored rather than synthesised`,kotlin,wiring,no-change,0.27
android/app/src/test/java/com/scmessenger/android/utils/ContactDisplayNameTest.kt,59,`neither - falls back to truncated id`,kotlin,wiring,no-change,0.27
android/app/src/test/java/com/scmessenger/android/utils/DeepLinkValidatorTest.kt,209,`cap is enforced at 5 entries`,kotlin,wiring,no-change,0.27
android/app/src/test/java/com/scmessenger/android/utils/InstallPayloadTest.kt,46,`build omits sha param when null`,kotlin,wiring,no-change,0.27
android/shared/src/androidMain/kotlin/com/scmessenger/shared/platform/PlatformNotifier.android.kt,9,notify,kotlin,wiring,split-function,0.27
cli/src/ble_mesh.rs,178,ingest_ble_notification,rust,wiring,state-machine,0.27
cli/src/bootstrap.rs,133,test_default_bootstrap_nodes,rust,wiring,no-change,0.27
cli/src/cli.rs,71,test_cli_parse_status,rust,wiring,propagate-question,0.27
cli/src/transport_bridge.rs,86,find_all_paths,rust,wiring,propagate-question,0.27
cli/tests/integration_peer_identified_gate.rs,183,operator_bootstrap_addresses_survive_but_names_never_enter,rust,wiring,validate-guard,0.27
core/src/abuse/auto_block.rs,202,unexempt_peer,rust,wiring,drop-guard,0.27
core/src/abuse/spam_detection.rs,437,test_record_spam_signal_accumulates,rust,wiring,no-change,0.27
core/src/crypto/encrypt.rs,1390,test_duplicate_delivery_keeps_session_and_nextressage_decrypts,rust,security,no-change,0.27
core/src/identity/keys.rs,990,test_safety_number_differs_for_different_key_pairs,rust,security,propagate-question,0.27
core/src/identity/keys.rs,1257,peer_id_triad_roundtrips_pubkey_and_peer_id,rust,security,propagate-question,0.27
core/src/iron_core.rs,1250,mark_message_sent,rust,wiring,return-value,0.27
core/src/iron_core.rs,4043,history_store_manager,rust,wiring,no-change,0.27
core/src/iron_core.rs,4384,get_available_paths,rust,wiring,propagate-question,0.27
core/src/iron_core.rs,4928,is_peer_abusive,rust,wiring,handle-local-fallback,0.27
core/src/iron_core.rs,5047,test_identity_id_hashes_raw_key_bytes_not_the_hex_string,rust,security,propagate-question,0.27
core/src/iron_core.rs,6401,on_peer_identified,rust,wiring,channel-event,0.27
core/src/mobile_bridge.rs,1525,get_device_state,rust,wiring,no-change,0.27
core/src/mobile_bridge.rs,5951,cross_thread_stash_survives_same_thread_echo,rust,wiring,state-machine,0.27
core/src/notification_defaults.rs,13,notify_dm_in_foreground,rust,wiring,return-value,0.27
core/src/relay/bootstrap.rs,107,with_group_key,rust,wiring,no-change,0.27
core/src/relay/bootstrap.rs,290,test_seed_peer,rust,wiring,no-change,0.27
core/src/relay/invite.rs,1427,test_get_trust_chain_via_system,rust,wiring,return-value,0.27
core/src/relay/server.rs,294,create_handshake_ack,rust,wiring,validate-guard,0.27
core/src/relay/server.rs,475,test_is_peer_connected,rust,wiring,propagate-question,0.27
core/src/routing/negative_cache.rs,369,record_unreachable_with_reputation,rust,wiring,propagate-question,0.27
core/src/routing/neighborhood.rs,328,all_reachable_hints,rust,wiring,split-function,0.27
core/src/routing/optimized_engine.rs,371,peer_seen,rust,wiring,handle-local-fallback,0.27
core/src/routing/resume_prefetch.rs,470,test_get_route_early,rust,wiring,state-machine,0.27
core/src/store/contacts.rs,1248,legacy_peer_id_as_public_key_is_repaired_and_readable,rust,security,propagate-question,0.27
core/src/store/dedup.rs,71,record_received,rust,wiring,propagate-question,0.27
core/src/store/ledger_entry.rs,4111,contact_chain_does_not_amplify_to_strangers,rust,wiring,validate-guard,0.27
core/src/store/relay_custody.rs,2063,delivery_priority,rust,wiring,no-change,0.27
core/src/store/relay_custody.rs,3544,retention_decision_defers_to_a_live_dispatch_and_to_a_changed_record,rust,wiring,no-change,0.27
core/src/transport/addr_filter.rs,1590,rfc1918_disclosure_requires_concrete_local_listener_evidence,rust,wiring,no-change,0.27
core/src/transport/ble/scanner.rs,563,test_ble_scanner_calculate_pause_duration,rust,wiring,no-change,0.27
core/src/transport/dial_policy.rs,388,add_relay,rust,wiring,drop-guard,0.27
core/src/transport/health.rs,86,update_state,rust,wiring,handle-local-fallback,0.27
core/src/transport/health.rs,453,get_healthy_connections,rust,wiring,propagate-question,0.27
core/src/transport/manager.rs,181,record_failure,rust,wiring,propagate-question,0.27
core/src/transport/manager.rs,300,ensure_transport_registered,rust,wiring,return-value,0.27
core/src/transport/manager.rs,972,add_multi_hop_step,rust,wiring,propagate-question,0.27
core/src/transport/manager.rs,1602,test_target_peer_queued_for_reconnect_on_disconnect,rust,wiring,state-machine,0.27
core/src/transport/nat.rs,328,get_external_address,rust,wiring,propagate-question,0.27
core/src/transport/observation.rs,78,set_configured_external,rust,wiring,propagate-question,0.27
core/src/transport/relay_health.rs,324,test_relay_discovery_priority_ordering,rust,wiring,no-change,0.27
core/src/transport/reputation.rs,286,apply_decay,rust,wiring,split-function,0.27
core/src/transport/reputation.rs,580,test_decay_moves_toward_neutral,rust,wiring,drop-guard,0.27
core/src/transport/swarm.rs,2829,dispatch_pending_custody_for_peer,rust,wiring,propagate-question,0.27
core/src/transport/swarm.rs,11235,extract_tcp_port_from_multiaddr_returns_none_for_dns,rust,wiring,return-value,0.27
core/src/transport/swarm.rs,11721,ledger_exchange_disclosure_is_rate_limited_per_peer,rust,wiring,no-change,0.27
core/src/wasm_support/mesh.rs,169,message_count,rust,wiring,no-change,0.27
core/src/wasm_support/mesh.rs,174,relay_incoming,rust,wiring,propagate-question,0.27
core/src/wasm_support/transport.rs,127,remove_relay,rust,wiring,drop-guard,0.27
core/tests/integration_core_ffi_node1.rs,29,new,rust,wiring,return-value,0.27
core/tests/integration_ironcore_roundtrip.rs,302,on_peer_discovered,rust,wiring,channel-event,0.27
core/tests/integration_ledger_seeding_hardening.rs,534,lan_only_node_discloses_nothing_to_a_stranger,rust,wiring,propagate-question,0.27
core/tests/integration_recency_map_bounds.rs,99,future_dated_flood_cannot_take_over_the_ranking_key,rust,wiring,no-change,0.27
core/tests/mocks/transport.rs,56,create_mock_swarm_with_peers,rust,wiring,no-change,0.27
core/tests/test_v1_legacy_envelope_forgery_is_rejected.rs,144,test_v1_legacy_honest_sender_succeeds,rust,security,propagate-question,0.27
core/tests/test_v2_hybrid_envelope_forgery_is_rejected.rs,286,test_v2_hybrid_honest_sender_succeeds,rust,security,validate-guard,0.27
desktop_bridge/src/socket_activation.rs,101,test_handoff_complete,rust,wiring,state-machine,0.27
desktop_bridge/src/tray.rs,34,tray_status_for_state,rust,wiring,propagate-question,0.27
iOS/SCMessenger/SCMessenger/Data/MeshRepository.swift,1346,clearPublishedIdentity,swift,wiring,no-change,0.27
iOS/SCMessenger/SCMessenger/Data/MeshRepository.swift,1508,checkpointPersistentState,swift,wiring,defer-cleanup,0.27
iOS/SCMessenger/SCMessenger/Data/MeshRepository.swift,6590,connectToPeer,swift,wiring,split-function,0.27
iOS/SCMessenger/SCMessenger/Generated/api.swift,5744,FfiConverterTypeSwarmBridge_lower,swift,wiring,throws-propagate,0.27
iOS/SCMessenger/SCMessenger/Generated/api.swift,6336,write,swift,wiring,throws-propagate,0.27
iOS/SCMessenger/SCMessenger/Generated/api.swift,7089,write,swift,wiring,no-change,0.27
iOS/SCMessenger/SCMessenger/Generated/api.swift,9295,uniffiCallbackInitCoreDelegate,swift,wiring,no-change,0.27
iOS/SCMessenger/SCMessenger/Services/IosPlatformBridge.swift,118,onProximityDataReceived,swift,wiring,guard-let,0.27
iOS/SCMessenger/SCMessenger/Services/IosPlatformBridge.swift,322,deliverMotionReport,swift,wiring,async-await,0.27
iOS/SCMessenger/SCMessenger/Services/MeshBackgroundService.swift,102,onEnteringForeground,swift,wiring,no-change,0.27
iOS/SCMessenger/SCMessenger/Services/MeshBackgroundService.swift,224,simulateBackgroundProcessing,swift,wiring,throws-propagate,0.27
iOS/SCMessenger/SCMessenger/Services/NotificationManager.swift,44,configure,swift,wiring,throws-propagate,0.27
iOS/SCMessenger/SCMessenger/Transport/BLEPeripheralManager.swift,374,setupService,swift,wiring,guard-let,0.27
iOS/SCMessenger/SCMessenger/Transport/SmartTransportRouter.swift,134,getPreferredTransport,swift,wiring,result-type,0.27
iOS/SCMessenger/SCMessenger/Transport/SmartTransportRouter.swift,172,checkAndRecordMessage,swift,wiring,result-type,0.27
iOS/SCMessenger/SCMessenger/Views/Onboarding/OnboardingFlow.swift,202,hydrateIdentityState,swift,wiring,guard-let,0.27
iOS/SCMessengerCore.xcframework/ios-arm64-simulator/Headers/SCMessengerCore.swift,875,write,swift,wiring,throws-propagate,0.27
iOS/SCMessengerCore.xcframework/ios-arm64-simulator/Headers/SCMessengerCore.swift,4225,write,swift,wiring,throws-propagate,0.27
iOS/SCMessengerTests/NotificationVerificationTests.swift,379,testMarkReadActionAvailable,swift,wiring,async-await,0.27
mobile/src/lib.rs,66,test_swarm_bridge_creation,rust,wiring,drop-guard,0.27
wasm/src/connection_state.rs,320,connection_count,rust,wiring,no-change,0.27
wasm/src/notification_manager.rs,33,from,rust,wiring,no-change,0.27
wasm/src/storage.rs,160,get_all_messages,rust,wiring,propagate-question,0.27
wasm/src/transport.rs,1055,close,rust,wiring,drop-guard,0.27
wasm/src/transport.rs,1130,close,rust,wiring,propagate-question,0.27
wasm/src/transport.rs,1325,test_websocket_relay_disconnect,rust,wiring,propagate-question,0.27
android/app/src/main/java/com/scmessenger/android/data/MeshRepository.kt,1529,migrateTruncatedPublicKeys,kotlin,wiring,split-function,0.26
android/app/src/main/java/com/scmessenger/android/data/MeshRepository.kt,4992,listBlockedPeers,kotlin,wiring,result-stdlib,0.26
android/app/src/main/java/com/scmessenger/android/data/MeshRepository.kt,5337,syncNicknameFromDatastoreInternal,kotlin,wiring,guard-early-return,0.26
android/app/src/main/java/com/scmessenger/android/data/MeshRepository.kt,6373,ensureServiceInitialized,kotlin,wiring,flow-collect,0.26
android/app/src/main/java/com/scmessenger/android/data/MeshRepository.kt,7288,getPendingDeliverySnapshot,kotlin,wiring,result-sealed,0.26
android/app/src/main/java/com/scmessenger/android/data/MeshRepository.kt,10201,upsertRoutingListeners,kotlin,wiring,guard-early-return,0.26
android/app/src/main/java/com/scmessenger/android/service/MeshForegroundService.kt,497,acquireWakeLock,kotlin,wiring,result-stdlib,0.26
android/app/src/main/java/com/scmessenger/android/transport/MdnsServiceDiscovery.kt,127,getValidatedLibp2pPeerId,kotlin,wiring,guard-early-return,0.26
android/app/src/main/java/com/scmessenger/android/transport/WifiAwareTransport.kt,239,onSubscribeStarted,kotlin,wiring,no-change,0.26
android/app/src/main/java/com/scmessenger/android/transport/ble/BleBackoffStrategy.kt,24,nextDelay,kotlin,wiring,split-function,0.26
android/app/src/main/java/com/scmessenger/android/transport/ble/BleGattClient.kt,502,disconnectAll,kotlin,wiring,coroutine-scope,0.26
android/app/src/main/java/com/scmessenger/android/ui/components/CopyableText.kt,35,CopyableText,kotlin,wiring,split-function,0.26
android/app/src/main/java/com/scmessenger/android/ui/viewmodels/DashboardViewModel.kt,869,selectAuthoritativeNickname,kotlin,wiring,guard-early-return,0.26
android/app/src/main/java/com/scmessenger/android/ui/viewmodels/IdentityViewModel.kt,266,getQrCodeData,kotlin,wiring,no-change,0.26
android/app/src/main/java/com/scmessenger/android/ui/viewmodels/SettingsViewModel.kt,998,recordTransportEvent,kotlin,wiring,result-sealed,0.26
android/app/src/main/java/com/scmessenger/android/utils/ApkShareManager.kt,232,handleHttpClient,kotlin,wiring,split-function,0.26
android/app/src/main/java/com/scmessenger/android/utils/NetworkFailureMetrics.kt,127,reset,kotlin,wiring,mutex-guard,0.26
android/app/src/test/java/com/scmessenger/android/data/IdentityUnificationCanonicalIdTest.kt,38,initializeManagers,kotlin,wiring,no-change,0.26
android/app/src/test/java/com/scmessenger/android/data/MeshRepositorySeedImportTest.kt,23,initializeManagers,kotlin,wiring,guard-early-return,0.26
android/app/src/test/java/com/scmessenger/android/service/StopStartFloodTest.kt,33,repeatedStop_stillReturnsStopDecision,kotlin,wiring,no-change,0.26
android/app/src/test/java/com/scmessenger/android/service/StopStartFloodTest.kt,86,resumeWhileStopped_treatedAsStart,kotlin,wiring,no-change,0.26
android/app/src/test/java/com/scmessenger/android/test/MeshForegroundServiceTest.kt,69,`unknown action defaults to Start`,kotlin,wiring,guard-early-return,0.26
android/app/src/test/java/com/scmessenger/android/ui/viewmodels/ConversationsViewModelTest.kt,140,`blockAndDeletePeer delegates to repository`,kotlin,wiring,no-change,0.26
android/app/src/test/java/com/scmessenger/android/ui/viewmodels/MeshServiceViewModelTest.kt,31,setup,kotlin,wiring,coroutine-scope,0.26
android/app/src/test/java/com/scmessenger/android/utils/DeepLinkValidatorTest.kt,129,`10-private on same subnet is accepted`,kotlin,wiring,result-stdlib,0.26
cli/src/api.rs,1763,api_send_refuses_blocked_contact_alias,rust,security,propagate-question,0.26
cli/src/ledger.rs,755,extract_ipv4,rust,wiring,no-change,0.26
cli/src/ledger.rs,1268,test_merge_shared_entries_and_topics_flow,rust,wiring,no-change,0.26
cli/src/transport_bridge.rs,75,register_peer,rust,wiring,propagate-question,0.26
core/src/abuse/reputation.rs,266,test_outbound_message_tracking,rust,wiring,no-change,0.26
core/src/abuse/spam_detection.rs,456,test_record_outbound_cold_contact,rust,wiring,drop-guard,0.26
core/src/crypto/backup.rs,100,derive_key_pbkdf2,rust,wiring,propagate-question,0.26
core/src/crypto/kani_proofs.rs,147,ed25519_verifying_key_length_invariant,rust,wiring,complete-match,0.26
core/src/drift/policy.rs,371,test_relay_budget_minimal,rust,wiring,no-change,0.26
core/src/drift/policy.rs,420,test_battery_floor_minimal,rust,wiring,no-change,0.26
core/src/drift/relay.rs,188,set_reputation_manager,rust,wiring,no-change,0.26
core/src/drift/relay.rs,750,test_messages_for_sync,rust,wiring,propagate-question,0.26
core/src/identity/keys.rs,744,test_key_generation,rust,security,propagate-question,0.26
core/src/iron_core.rs,1535,get_identity_info,rust,wiring,propagate-question,0.26
core/src/iron_core.rs,2592,dspy_verify_signature,rust,wiring,propagate-question,0.26
core/src/iron_core.rs,4164,clear_unreachable_peer,rust,wiring,propagate-question,0.26
core/src/iron_core.rs,4215,can_bootstrap_others,rust,wiring,no-change,0.26
core/src/iron_core.rs,4406,get_forwarding_capability,rust,wiring,drop-guard,0.26
core/src/iron_core.rs,4831,routing_start_refresh,rust,wiring,propagate-question,0.26
core/src/mobile_bridge.rs,572,get_stats,rust,wiring,handle-local-fallback,0.26
core/src/mobile_bridge.rs,1654,on_entering_background,rust,wiring,propagate-question,0.26
core/src/mobile_bridge.rs,2761,handle_service_discovered,rust,wiring,validate-guard,0.26
core/src/mobile_bridge.rs,4788,test_update_device_state_transitions,rust,wiring,state-machine,0.26
core/src/mobile_bridge.rs,5523,on_network_changed,rust,wiring,handle-local-fallback,0.26
core/src/mobile_bridge.rs,5654,on_ble_data_received,rust,wiring,event-bus,0.26
core/src/mobile_bridge.rs,5681,on_proximity_data_received,rust,wiring,validate-guard,0.26
core/src/notification.rs,393,clear_message_notifications,rust,wiring,drop-guard,0.26
core/src/notification.rs,505,duplicates_are_suppressed,rust,wiring,no-change,0.26
core/src/relay/bootstrap.rs,298,test_bootstrap_manager,rust,wiring,propagate-question,0.26
core/src/relay/delegate_prewarm.rs,256,tick,rust,wiring,split-function,0.26
core/src/relay/delegate_prewarm.rs,398,test_tick_maintenance,rust,wiring,no-change,0.26
core/src/relay/peer_exchange.rs,474,test_exchange_peers_truncation,rust,wiring,handle-local-fallback,0.26
core/src/routing/engine.rs,702,test_multiple_routing_decisions_independent,rust,wiring,propagate-question,0.26
core/src/routing/resume_prefetch.rs,68,is_usable,rust,wiring,no-change,0.26
core/src/store/history.rs,34,adjust_legacy_timestamps,rust,wiring,no-change,0.26
core/src/store/inbox.rs,579,test_get_inbox_count,rust,wiring,return-value,0.26
core/src/store/ledger_entry.rs,51,extract_ipv4,rust,wiring,propagate-question,0.26
core/src/store/ledger_entry.rs,1987,record_identified_peer,rust,wiring,validate-guard,0.26
core/src/store/relay_custody.rs,2946,store_compat_mode_can_transition_to_phase_b,rust,wiring,state-machine,0.26
core/src/transport/addr_filter.rs,998,remote_supplied_dns_is_rejected_in_every_form_and_mode,rust,wiring,no-change,0.26
core/src/transport/circuit_breaker.rs,361,test_circuit_opens_after_failures,rust,wiring,no-change,0.26
core/src/transport/circuit_breaker.rs,458,test_reset_all,rust,wiring,no-change,0.26
core/src/transport/escalation.rs,188,select_best_transport,rust,wiring,handle-local-fallback,0.26
core/src/transport/health.rs,426,get_connection_stats,rust,wiring,drop-guard,0.26
core/src/transport/health.rs,582,record_successful_connection,rust,wiring,no-change,0.26
core/src/transport/hint_store.rs,177,unknown_peer_has_no_candidates_and_cap_is_enforced,rust,wiring,propagate-question,0.26
core/src/transport/manager.rs,37,new,rust,wiring,no-change,0.26
core/src/transport/manager.rs,620,record_reconnect_failure,rust,wiring,drop-guard,0.26
core/src/transport/manager.rs,876,disable_transport,rust,wiring,propagate-question,0.26
core/src/transport/manager.rs,1173,test_tick_stale_prune_queues_target_peer_reconnect,rust,wiring,state-machine,0.26
core/src/transport/manager.rs,1718,test_remove_target_peer_stops_reconnection,rust,wiring,no-change,0.26
core/src/transport/observation.rs,160,recalculate_consensus,rust,wiring,split-function,0.26
core/src/transport/swarm.rs,1977,purge_custody_dispatches_for_message,rust,wiring,return-value,0.26
core/src/transport/wifi_aware.rs,760,test_close_data_path,rust,security,propagate-question,0.26
core/src/transport/wifi_direct.rs,239,new,rust,wiring,no-change,0.26
core/src/wasm_support/mesh.rs,124,set_nickname,rust,wiring,propagate-question,0.26
core/src/wasm_support/storage.rs,163,total_bytes,rust,wiring,no-change,0.26
core/tests/integration_core_ffi_node1.rs,56,on_peer_disconnected,rust,wiring,drop-guard,0.26
core/tests/integration_nat_reflection.rs,22,test_two_node_address_reflection,rust,security,propagate-question,0.26
core/tests/integration_nat_reflection.rs,174,test_nat_traversal_with_live_swarms,rust,security,explicit-close,0.26
core/tests/integration_storage_relay_node4.rs,148,node4_layer1_and_layer3_relay_client_socket_reconnections,rust,wiring,channel-event,0.26
core/tests/seam_freeze_onion.rs,25,seam_freeze_onion_single_documented_call_site,rust,wiring,no-change,0.26
desktop_bridge/src/lib.rs,68,test_desktop_version,rust,wiring,propagate-question,0.26
iOS/SCMessenger/SCMessenger/Data/MeshRepository.swift,362,isTerminalIdentityFailure,swift,wiring,result-type,0.26
iOS/SCMessenger/SCMessenger/Data/MeshRepository.swift,6360,broadcastIdentityBeacon,swift,wiring,async-await,0.26
iOS/SCMessenger/SCMessenger/Generated/api.swift,183,lower,swift,wiring,no-change,0.26
iOS/SCMessenger/SCMessenger/Services/NotificationManager.swift,150,markConversationRead,swift,wiring,split-function,0.26
iOS/SCMessenger/SCMessenger/Transport/BLECentralManager.swift,765,logBleWarning,swift,wiring,split-function,0.26
iOS/SCMessenger/SCMessenger/Transport/BLEPeripheralManager.swift,120,applyAdvertiseSettings,swift,wiring,no-change,0.26
iOS/SCMessenger/SCMessenger/ViewModels/ContactsViewModel.swift,387,cancelPendingNearbyRemoval,swift,wiring,guard-let,0.26
iOS/SCMessenger/SCMessenger/ViewModels/OnboardingViewModel.swift,20,advance,swift,wiring,guard-let,0.26
iOS/SCMessenger/SCMessenger/ViewModels/SettingsViewModel.swift,33,debouncedUpdateSettings,swift,wiring,async-await,0.26
iOS/SCMessenger/SCMessenger/ViewModels/SettingsViewModel.swift,70,getIdentityExportString,swift,wiring,guard-let,0.26
iOS/SCMessenger/SCMessenger/Views/Settings/DiagnosticsView.swift,140,clearLogs,swift,wiring,throws-propagate,0.26
iOS/SCMessengerCore.xcframework/ios-arm64-simulator/Headers/SCMessengerCore.swift,3994,write,swift,wiring,no-change,0.26
iOS/SCMessengerTests/NotificationVerificationTests.swift,122,testNotificationWithBadge,swift,wiring,async-await,0.26
iOS/SCMessengerTests/NotificationVerificationTests.swift,455,testCompleteNotificationWorkflow,swift,wiring,split-function,0.26
wasm/src/daemon_bridge.rs,450,new,rust,wiring,propagate-question,0.26
wasm/src/lib.rs,1001,get_settings,rust,wiring,propagate-question,0.26
wasm/src/worker.rs,423,test_default_notification_handler,rust,wiring,propagate-question,0.26
android/app/src/main/java/com/scmessenger/android/data/MeshRepository.kt,1154,checkReinstallState,kotlin,wiring,result-sealed,0.25
android/app/src/main/java/com/scmessenger/android/data/MeshRepository.kt,4190,readCachedIdentityFields,kotlin,wiring,result-stdlib,0.25
android/app/src/main/java/com/scmessenger/android/data/MeshRepository.kt,7774,sendToAllPeers,kotlin,wiring,coroutine-scope,0.25
android/app/src/main/java/com/scmessenger/android/data/MeshRepository.kt,10247,isMessageDeliveredLocally,kotlin,wiring,result-stdlib,0.25
android/app/src/main/java/com/scmessenger/android/data/MeshRepository.kt,10282,parseRoutingHints,kotlin,wiring,split-function,0.25
android/app/src/main/java/com/scmessenger/android/data/MeshRepository.kt,12447,filterMessagesByTopic,kotlin,wiring,result-stdlib,0.25
android/app/src/main/java/com/scmessenger/android/service/AndroidPlatformBridge.kt,221,onLost,kotlin,wiring,no-change,0.25
android/app/src/main/java/com/scmessenger/android/service/AndroidPlatformBridge.kt,245,updateNetworkState,kotlin,wiring,guard-early-return,0.25
android/app/src/main/java/com/scmessenger/android/service/MeshForegroundService.kt,824,isAppInForeground,kotlin,wiring,result-stdlib,0.25
android/app/src/main/java/com/scmessenger/android/service/PerformanceMonitor.kt,166,recordServiceStart,kotlin,wiring,no-change,0.25
android/app/src/main/java/com/scmessenger/android/service/PerformanceMonitor.kt,174,recordServiceStop,kotlin,wiring,guard-early-return,0.25
android/app/src/main/java/com/scmessenger/android/service/ServiceHealthMonitor.kt,78,stopMonitoring,kotlin,wiring,coroutine-scope,0.25
android/app/src/main/java/com/scmessenger/android/service/ServiceHealthMonitor.kt,273,restartMeshService,kotlin,wiring,result-sealed,0.25
android/app/src/main/java/com/scmessenger/android/transport/TransportManager.kt,107,startAll,kotlin,wiring,coroutine-scope,0.25
android/app/src/main/java/com/scmessenger/android/transport/ble/BleL2capManager.kt,353,startReading,kotlin,wiring,flow-collect,0.25
android/app/src/main/java/com/scmessenger/android/transport/ble/BleScanner.kt,620,getDiscoveryStats,kotlin,wiring,no-change,0.25
android/app/src/main/java/com/scmessenger/android/ui/chat/MessageBubble.kt,95,formatTimestamp,kotlin,wiring,split-function,0.25
android/app/src/main/java/com/scmessenger/android/ui/viewmodels/ChatViewModel.kt,460,loadMoreMessages,kotlin,wiring,guard-early-return,0.25
android/app/src/main/java/com/scmessenger/android/ui/viewmodels/ContactsViewModel.kt,455,cancelPendingNearbyRemoval,kotlin,wiring,mutex-guard,0.25
android/app/src/main/java/com/scmessenger/android/ui/viewmodels/MainViewModel.kt,371,confirmAndDialPendingDeepLink,kotlin,wiring,coroutine-scope,0.25
android/app/src/main/java/com/scmessenger/android/ui/viewmodels/SettingsViewModel.kt,753,clearAdjustmentOverrides,kotlin,wiring,result-sealed,0.25
android/app/src/main/java/com/scmessenger/android/ui/viewmodels/SettingsViewModel.kt,894,attemptBleRecovery,kotlin,wiring,result-sealed,0.25
android/app/src/main/java/com/scmessenger/android/ui/viewmodels/SettingsViewModel.kt,1137,setBleRotationIntervalSec,kotlin,wiring,coroutine-scope,0.25
android/app/src/test/java/com/scmessenger/android/data/ReceiptUnificationTest.kt,147,cleanup,kotlin,wiring,use-block,0.25
android/app/src/test/java/com/scmessenger/android/service/MeshLifecycleSerializationTest.kt,121,concurrentStopFlood_runsExactlyOneTeardown,kotlin,wiring,mutex-guard,0.25
android/app/src/test/java/com/scmessenger/android/test/ChatViewModelTest.kt,52,setup,kotlin,wiring,coroutine-scope,0.25
android/app/src/test/java/com/scmessenger/android/test/DeliveryStateMapperTest.kt,35,`maps future retry time to stored state`,kotlin,wiring,no-change,0.25
android/app/src/test/java/com/scmessenger/android/ui/viewmodels/ConversationsViewModelTest.kt,51,`viewModel loads messages on initialization`,kotlin,wiring,coroutine-scope,0.25
android/app/src/test/java/com/scmessenger/android/ui/viewmodels/MainViewModelTest.kt,42,setup,kotlin,wiring,split-function,0.25
android/app/src/test/java/com/scmessenger/android/utils/DeepLinkValidatorTest.kt,143,`172_16-private on same subnet is accepted`,kotlin,wiring,result-sealed,0.25
android/app/src/test/java/com/scmessenger/android/utils/DeepLinkValidatorTest.kt,234,`duplicates are removed`,kotlin,wiring,no-change,0.25
android/app/src/test/java/com/scmessenger/android/utils/DeepLinkValidatorTest.kt,319,`RFC 5737 documentation ranges are rejected`,kotlin,wiring,guard-early-return,0.25
android/app/src/test/java/com/scmessenger/android/utils/NotificationHelperGateTest.kt,141,`enabled gate passes the settings gate and continues to the next gate`,kotlin,wiring,split-function,0.25
android/shared/src/desktopMain/kotlin/com/scmessenger/shared/platform/PlatformNetworking.desktop.kt,10,start,kotlin,wiring,result-sealed,0.25
cli/src/ble_daemon.rs,358,shutdown,rust,wiring,drop-guard,0.25
cli/src/bootstrap.rs,100,merge_bootstrap_nodes,rust,wiring,propagate-question,0.25
cli/src/ledger.rs,625,record_disconnect,rust,wiring,state-machine,0.25
cli/src/main.rs,596,relay_is_healthy,rust,wiring,propagate-question,0.25
cli/src/server.rs,1858,resolvable_from_valid_key_valued_sender_id,rust,wiring,validate-guard,0.25
cli/tests/integration_peer_identified_gate.rs,44,identify_advertised_dns_never_becomes_a_dial_target,rust,wiring,no-change,0.25
core/src/abuse/reputation.rs,52,record_signal,rust,wiring,propagate-question,0.25
core/src/abuse/spam_detection.rs,304,record_outbound_message,rust,wiring,validate-guard,0.25
core/src/abuse/spam_detection.rs,355,prune_stale_peers,rust,wiring,drop-guard,0.25
core/src/crypto/encrypt.rs,1046,test_decrypt_fallback_recovers_after_sender_session_restart,rust,security,validate-guard,0.25
core/src/crypto/encrypt.rs,1141,test_decrypt_fallback_keeps_session_when_reestablishment_unavailable,rust,security,no-change,0.25
core/src/drift/rate_limit.rs,38,new,rust,wiring,validate-guard,0.25
core/src/drift/rate_limit.rs,178,test_cleanup_expired,rust,wiring,no-change,0.25
core/src/identity/mod.rs,181,get_dspy_signature,rust,wiring,propagate-question,0.25
core/src/iron_core.rs,1498,drift_store_size,rust,wiring,drop-guard,0.25
core/src/iron_core.rs,4343,relay_discovery_mut,rust,wiring,return-value,0.25
core/src/iron_core.rs,5105,test_update_disk_stats_with_app_data,rust,wiring,no-change,0.25
core/src/iron_core.rs,6397,on_peer_discovered,rust,wiring,channel-event,0.25
core/src/mobile_bridge.rs,5524,on_motion_changed,rust,wiring,channel-event,0.25
core/src/mobile_bridge.rs,5653,on_motion_changed,rust,wiring,handle-local-fallback,0.25
core/src/mobile_bridge.rs,5696,wifi_direct_stop_discovery,rust,wiring,explicit-close,0.25
core/src/privacy/cover.rs,62,message_interval_ms,rust,wiring,validate-guard,0.25
core/src/relay/bootstrap.rs,327,test_invite_payload_with_group_key,rust,wiring,no-change,0.25
core/src/relay/delegate_prewarm.rs,39,new,rust,wiring,validate-guard,0.25
core/src/routing/adaptive_ttl.rs,50,calculate_ttl,rust,wiring,no-change,0.25
core/src/routing/global.rs,259,resolve_route_request,rust,wiring,return-value,0.25
core/src/routing/global.rs,378,make_peer_id,rust,wiring,no-change,0.25
core/src/routing/global.rs,776,test_pending_requests_getter,rust,wiring,propagate-question,0.25
core/src/store/ledger_entry.rs,2181,merge_shared_entries,rust,wiring,propagate-question,0.25
core/src/store/ledger_entry.rs,3429,self_filter_is_inert_until_identity_is_known,rust,wiring,state-machine,0.25
core/src/store/ledger_entry.rs,3508,import_seed_entries_never_clobbers_proven_entry,rust,wiring,no-change,0.25
core/src/store/ledger_entry.rs,4019,exchange_includes_rfc1918_when_same_network,rust,wiring,drop-guard,0.25
core/src/store/ledger_entry.rs,5654,wire_merge_records_observed_pid_on_verified_entry,rust,wiring,panic-invariant-only,0.25
core/src/store/outbox.rs,102,queued_recipient_matches,rust,wiring,validate-guard,0.25
core/src/store/sweeper.rs,129,test_sweep_all_expired_messages,rust,wiring,propagate-question,0.25
core/src/transport/bootstrap.rs,595,test_exponential_backoff,rust,wiring,propagate-question,0.25
core/src/transport/health.rs,381,record_successful_connection,rust,wiring,propagate-question,0.25
core/src/transport/health.rs,596,record_message_success,rust,wiring,no-change,0.25
core/src/transport/hint_store.rs,122,prune_older_than,rust,wiring,propagate-question,0.25
core/src/transport/manager.rs,572,peers_needing_reconnect,rust,wiring,drop-guard,0.25
core/src/transport/mesh_routing.rs,327,calculate_delay,rust,wiring,handle-local-fallback,0.25
core/src/transport/mesh_routing.rs,814,converge_delivery,rust,wiring,return-value,0.25
core/src/transport/observation.rs,279,remove_connection,rust,wiring,no-change,0.25
core/src/transport/observation.rs,386,test_ephemeral_source_port_observation_is_dropped,rust,wiring,no-change,0.25
core/src/transport/relay_health.rs,139,get_priority_relays,rust,wiring,propagate-question,0.25
core/src/transport/reputation.rs,406,prune_stale,rust,wiring,drop-guard,0.25
core/src/transport/reputation.rs,495,test_reputation_manager_eviction,rust,wiring,no-change,0.25
core/src/transport/swarm.rs,1610,on_failure,rust,wiring,no-change,0.25
core/src/transport/swarm.rs,1616,on_failure_gentle,rust,wiring,handle-local-fallback,0.25
core/src/transport/swarm.rs,3686,is_ghost_peer_topic,rust,wiring,handle-local-fallback,0.25
core/src/transport/swarm.rs,10652,extract_ip_component_parses_both_families_and_rejects_the_rest,rust,wiring,validate-guard,0.25
core/src/transport/wifi_aware.rs,543,wire_discovery_callback,rust,wiring,channel-event,0.25
core/tests/integration_core_ffi_node1.rs,52,on_peer_discovered,rust,wiring,drop-guard,0.25
core/tests/integration_dial_policy.rs,164,test_dial_policy_multiple_peers,rust,wiring,state-machine,0.25
core/tests/integration_local_mesh_node3.rs,477,test_wifi_aware_socket_encryption_handshake_and_pmk,rust,security,propagate-question,0.25
iOS/SCMessenger/SCMessenger/Data/MeshRepository.swift,2655,decodeMessageWithIdentityHints,swift,wiring,guard-let,0.25
iOS/SCMessenger/SCMessenger/Data/MeshRepository.swift,2690,parseStringArray,swift,wiring,split-function,0.25
iOS/SCMessenger/SCMessenger/Data/MeshRepository.swift,2705,normalizePublicKey,swift,wiring,result-type,0.25
iOS/SCMessenger/SCMessenger/Data/MeshRepository.swift,2769,prepopulateDiscoveryNickname,swift,wiring,guard-let,0.25
iOS/SCMessenger/SCMessenger/Data/MeshRepository.swift,3066,removeRoutingHint,swift,wiring,no-change,0.25
iOS/SCMessenger/SCMessenger/Data/MeshRepository.swift,5782,pendingOutboxExpiryReason,swift,wiring,guard-let,0.25
iOS/SCMessenger/SCMessenger/Data/MeshRepository.swift,6931,getLocalIpAddress,swift,wiring,split-function,0.25
iOS/SCMessenger/SCMessenger/Generated/api.swift,209,lower,swift,wiring,defer-cleanup,0.25
iOS/SCMessenger/SCMessenger/Services/IosPlatformBridge.swift,277,coalesceMotionReport,swift,wiring,async-await,0.25
iOS/SCMessenger/SCMessenger/Transport/BLECentralManager.swift,284,broadcastData,swift,wiring,result-type,0.25
iOS/SCMessenger/SCMessenger/Transport/BLECentralManager.swift,390,centralManager,swift,wiring,split-function,0.25
iOS/SCMessenger/SCMessenger/Transport/MultipeerTransport.swift,222,stopAdvertising,swift,wiring,guard-let,0.25
iOS/SCMessenger/SCMessenger/ViewModels/ContactsViewModel.swift,108,isLibp2pPeerId,swift,wiring,no-change,0.25
iOS/SCMessenger/SCMessenger/ViewModels/ContactsViewModel.swift,340,handleDiscovered,swift,wiring,guard-let,0.25
iOS/SCMessengerCore.xcframework/ios-arm64-simulator/Headers/SCMessengerCore.swift,3228,write,swift,wiring,throws-propagate,0.25
iOS/SCMessengerCore.xcframework/ios-arm64-simulator/Headers/SCMessengerCore.swift,5973,write,swift,wiring,guard-let,0.25
iOS/SCMessengerCore.xcframework/ios-arm64/Headers/SCMessengerCore.swift,875,write,swift,wiring,throws-propagate,0.25
iOS/SCMessengerTests/NotificationVerificationTests.swift,58,testPermissionFlowAuthorized,swift,wiring,split-function,0.25
iOS/SCMessengerTests/NotificationVerificationTests.swift,152,testNotificationWithSound,swift,wiring,async-await,0.25
wasm/src/daemon_bridge.rs,476,set_max_reconnect_attempts,rust,wiring,validate-guard,0.25
wasm/src/lib.rs,220,new,rust,wiring,split-function,0.25
android/app/src/main/java/com/scmessenger/android/data/MeshRepository.kt,894,recordSuccess,kotlin,wiring,mutex-guard,0.24
android/app/src/main/java/com/scmessenger/android/data/MeshRepository.kt,6426,getRecentMessages,kotlin,wiring,guard-early-return,0.24
android/app/src/main/java/com/scmessenger/android/data/MeshRepository.kt,6847,getBootstrapNodesForSettings,kotlin,wiring,no-change,0.24
android/app/src/main/java/com/scmessenger/android/data/MeshRepository.kt,10007,persistRouteHintsForTransportPeer,kotlin,wiring,split-function,0.24
android/app/src/main/java/com/scmessenger/android/data/MeshRepository.kt,12439,getKnownTopicsList,kotlin,wiring,no-change,0.24
android/app/src/main/java/com/scmessenger/android/service/AndroidPlatformBridge.kt,297,onBatteryChanged,kotlin,wiring,mutex-guard,0.24
android/app/src/main/java/com/scmessenger/android/service/BootReceiver.kt,53,startMeshService,kotlin,wiring,result-stdlib,0.24
android/app/src/main/java/com/scmessenger/android/transport/SmartTransportRouter.kt,142,recordFailure,kotlin,wiring,result-sealed,0.24
android/app/src/main/java/com/scmessenger/android/transport/WifiAwareTransport.kt,178,startPublishing,kotlin,wiring,callback-flow,0.24
android/app/src/main/java/com/scmessenger/android/transport/ble/BleScanner.kt,505,startScanningInternal,kotlin,wiring,result-sealed,0.24
android/app/src/main/java/com/scmessenger/android/ui/MainActivity.kt,215,checkPermissions,kotlin,wiring,split-function,0.24
android/app/src/main/java/com/scmessenger/android/ui/viewmodels/ContactsViewModel.kt,273,dismissNearbyPeer,kotlin,wiring,guard-early-return,0.24
android/app/src/main/java/com/scmessenger/android/ui/viewmodels/ConversationsViewModel.kt,293,unblockPeer,kotlin,wiring,result-sealed,0.24
android/app/src/main/java/com/scmessenger/android/ui/viewmodels/SettingsViewModel.kt,601,updateWifiDirectEnabled,kotlin,wiring,split-function,0.24
android/app/src/main/java/com/scmessenger/android/ui/viewmodels/SettingsViewModel.kt,609,updateInternetEnabled,kotlin,wiring,split-function,0.24
android/app/src/main/java/com/scmessenger/android/ui/viewmodels/SettingsViewModel.kt,630,setAutoStart,kotlin,wiring,coroutine-scope,0.24
android/app/src/main/java/com/scmessenger/android/utils/CircuitBreaker.kt,192,getLastFailureReason,kotlin,wiring,no-change,0.24
android/app/src/main/java/com/scmessenger/android/utils/PeerIdValidator.kt,140,isValidEd25519Point,kotlin,wiring,result-sealed,0.24
android/app/src/main/java/com/scmessenger/android/utils/StorageManager.kt,114,pruneOldFiles,kotlin,wiring,result-stdlib,0.24
android/app/src/test/java/com/scmessenger/android/arch/CompositionBlockingCallGuardTest.kt,235,check,kotlin,wiring,guard-early-return,0.24
android/app/src/test/java/com/scmessenger/android/data/MeshRepositorySeedImportTest.kt,78,`valid count returned and whitespace trimmed`,kotlin,wiring,no-change,0.24
android/app/src/test/java/com/scmessenger/android/test/ChatViewModelTest.kt,71,`setPeer loads conversation`,kotlin,wiring,coroutine-scope,0.24
android/app/src/test/java/com/scmessenger/android/test/ReceiptUnificationTest.kt,152,trackRepo,kotlin,wiring,mutex-guard,0.24
android/app/src/test/java/com/scmessenger/android/transport/MdnsServiceDiscoveryTest.kt,279,`onServiceLost with a different peer-id emits exactly one disconnect`,kotlin,wiring,no-change,0.24
android/app/src/test/java/com/scmessenger/android/utils/DeepLinkValidatorTest.kt,136,`172_16-private off-subnet is rejected`,kotlin,wiring,no-change,0.24
android/app/src/test/java/com/scmessenger/android/utils/DeepLinkValidatorTest.kt,247,`mixed valid and invalid multiaddrs returns only valid`,kotlin,wiring,result-sealed,0.24
android/shared/src/androidMain/kotlin/com/scmessenger/shared/platform/PlatformNetworking.android.kt,11,start,kotlin,wiring,coroutine-scope,0.24
android/shared/src/desktopMain/kotlin/com/scmessenger/shared/desktop/Main.kt,90,TrayComposable,kotlin,wiring,split-function,0.24
android/shared/src/desktopMain/kotlin/com/scmessenger/shared/platform/PlatformNetworking.desktop.kt,16,stop,kotlin,wiring,use-block,0.24
cli/src/bootstrap.rs,77,promiscuous_bootstrap_addrs,rust,wiring,return-value,0.24
cli/src/ledger.rs,1144,test_try_begin_dial_blocks_same_address_different_peer_ids,rust,wiring,state-machine,0.24
cli/src/ledger.rs,1211,test_peer_dial_states_eviction_caps_at_4096,rust,wiring,no-change,0.24
cli/src/main.rs,3873,learn_sender_identity_from_envelope,rust,wiring,propagate-question,0.24
core/src/abuse/auto_block.rs,221,update_config,rust,wiring,validate-guard,0.24
core/src/abuse/spam_detection.rs,446,test_record_outbound_message,rust,wiring,drop-guard,0.24
core/src/blocked_bridge.rs,144,blocked_identity_with_device_id,rust,wiring,no-change,0.24
core/src/blocked_bridge.rs,153,blocked_identity_with_reason,rust,wiring,return-value,0.24
core/src/drift/policy.rs,266,test_profile_minimal_critical,rust,wiring,no-change,0.24
core/src/drift/relay.rs,794,test_maintenance_removes_expired,rust,wiring,no-change,0.24
core/src/identity/keys.rs,1057,test_dual_signature_verification,rust,security,panic-invariant-only,0.24
core/src/iron_core.rs,1450,drift_activate,rust,wiring,drop-guard,0.24
core/src/iron_core.rs,1625,inbox_count,rust,wiring,propagate-question,0.24
core/src/iron_core.rs,2526,contact_federated_nickname,rust,wiring,no-change,0.24
core/src/iron_core.rs,2987,routing_clear_unreachable_peer,rust,wiring,validate-guard,0.24
core/src/iron_core.rs,5268,lifecycle_only_one_start_succeeds_from_stopped_state,rust,wiring,state-machine,0.24
core/src/iron_core.rs,5310,relay_jitter_delay_respects_high_bounds,rust,wiring,validate-guard,0.24
core/src/iron_core.rs,6192,parse_transport_type_distinguishes_direct_from_circuit,rust,wiring,complete-match,0.24
core/src/mobile_bridge.rs,2478,on_peer_discovered,rust,wiring,drop-guard,0.24
core/src/mobile_bridge.rs,4966,record_at,rust,wiring,propagate-question,0.24
core/src/mobile_bridge.rs,5527,on_entering_foreground,rust,wiring,state-machine,0.24
core/src/mobile_bridge.rs,6353,on_network_changed,rust,wiring,handle-local-fallback,0.24
core/src/relay/bootstrap.rs,113,with_expiry,rust,wiring,validate-guard,0.24
core/src/relay/client.rs,102,new,rust,wiring,validate-guard,0.24
core/src/relay/client.rs,184,new,rust,wiring,no-change,0.24
core/src/relay/client.rs,914,test_active_connections,rust,wiring,state-machine,0.24
core/src/relay/peer_exchange.rs,411,test_record_success_2,rust,wiring,propagate-question,0.24
core/src/routing/engine.rs,549,test_high_priority_message_with_no_route,rust,wiring,complete-match,0.24
core/src/routing/multipath.rs,104,active_paths,rust,wiring,handle-local-fallback,0.24
core/src/routing/negative_cache.rs,346,should_exempt_from_negative_cache,rust,wiring,no-change,0.24
core/src/routing/neighborhood.rs,558,test_process_gossip_adds_neighborhood_info,rust,wiring,no-change,0.24
core/src/routing/smart_retry.rs,159,test_zero_base_delay,rust,wiring,return-value,0.24
core/src/routing/smart_retry.rs,201,test_fractional_multiplier,rust,wiring,no-change,0.24
core/src/store/ledger_entry.rs,1925,exchange_response_entries_for_request,rust,wiring,split-function,0.24
core/src/store/ledger_entry.rs,2110,find_by_peer_id,rust,wiring,propagate-question,0.24
core/src/store/ledger_entry.rs,2661,ledger_entry_to_shared_routing_only,rust,wiring,propagate-question,0.24
core/src/store/ledger_entry.rs,3892,exchange_response_entries_caps_filters_and_drops_topics,rust,wiring,drop-guard,0.24
core/src/store/outbox.rs,591,contains_for_recipient_key,rust,wiring,handle-local-fallback,0.24
core/src/transport/addr_filter.rs,1545,rfc1918_disclosure_requires_observed_same_subnet_requester,rust,wiring,no-change,0.24
core/src/transport/ble/scanner.rs,581,test_ble_scanner_time_since_state_change,rust,wiring,no-change,0.24
core/src/transport/circuit_breaker.rs,242,get_state,rust,wiring,drop-guard,0.24
core/src/transport/circuit_breaker.rs,268,reset,rust,wiring,validate-guard,0.24
core/src/transport/internet.rs,414,get_relay_stats,rust,wiring,no-change,0.24
core/src/transport/manager.rs,159,new,rust,wiring,validate-guard,0.24
core/src/transport/manager.rs,530,transports_for_peer,rust,wiring,no-change,0.24
core/src/transport/manager.rs,1557,test_transports_for_peer,rust,wiring,no-change,0.24
core/src/transport/mesh_routing.rs,271,add_relay,rust,wiring,no-change,0.24
core/src/transport/multiport.rs,209,report,rust,wiring,no-change,0.24
core/src/transport/reflection.rs,308,test_service_reset_stats,rust,wiring,panic-invariant-only,0.24
core/src/transport/relay_health.rs,47,priority_score,rust,wiring,no-change,0.24
core/src/transport/reputation.rs,608,test_epoch_secs_recorded,rust,wiring,no-change,0.24
core/src/transport/swarm.rs,481,sync_external_address,rust,wiring,validate-guard,0.24
core/src/transport/swarm.rs,1785,consume_peer_token,rust,wiring,validate-guard,0.24
core/src/transport/swarm.rs,11255,poison_listener_guard_rejects_untracked_single_circuit,rust,wiring,no-change,0.24
core/src/transport/wifi_direct.rs,331,wire_callbacks,rust,wiring,drop-guard,0.24
core/src/wasm_support/transport.rs,132,handle_message,rust,wiring,propagate-question,0.24
core/tests/integration_all_phases.rs,21,test_all_six_phases_integrated,rust,wiring,split-function,0.24
core/tests/integration_dial_policy.rs,143,test_dial_policy_manager_dead_peer,rust,wiring,no-change,0.24
core/tests/integration_mycorrhizal_routing.rs,420,test_multi_transport_peer_routing,rust,wiring,complete-match,0.24
core/tests/integration_mycorrhizal_routing.rs,490,test_clear_unreachable_restores_routing,rust,wiring,no-change,0.24
core/tests/test_address_observation.rs,10,test_address_observation_between_peers,rust,security,drop-guard,0.24
iOS/SCMessenger/SCMessenger/Data/MeshRepository.swift,2960,getDialHintsForRoutePeer,swift,wiring,result-type,0.24
iOS/SCMessenger/SCMessenger/Data/MeshRepository.swift,3424,exportDiagnosticsAsync,swift,wiring,result-type,0.24
iOS/SCMessenger/SCMessenger/Data/MeshRepository.swift,4021,onEnteringForeground,swift,wiring,async-await,0.24
iOS/SCMessenger/SCMessenger/Data/MeshRepository.swift,4751,parseAllRoutingPeerIds,swift,wiring,split-function,0.24
iOS/SCMessenger/SCMessenger/Data/MeshRepository.swift,6367,broadcastIdentityBeaconInternal,swift,wiring,split-function,0.24
iOS/SCMessenger/SCMessenger/Transport/BLECentralManager.swift,76,startScanning,swift,wiring,result-type,0.24
iOS/SCMessenger/SCMessenger/Transport/BLEPeripheralManager.swift,91,setIdentityData,swift,wiring,guard-let,0.24
iOS/SCMessenger/SCMessenger/Transport/BLEPeripheralManager.swift,98,setRotationInterval,swift,wiring,guard-let,0.24
iOS/SCMessenger/SCMessenger/Transport/mDNSServiceDiscovery.swift,163,netServiceBrowser,swift,wiring,guard-let,0.24
iOS/SCMessenger/SCMessenger/Utils/NotificationLogger.swift,60,logPermissionResult,swift,wiring,split-function,0.24
iOS/SCMessenger/SCMessenger/Views/Contacts/ContactsListView.swift,587,parseImportedContactPayload,swift,wiring,result-type,0.24
iOS/SCMessenger/SCMessenger/Views/Dashboard/MeshDashboardView.swift,508,transportFromMultiaddr,swift,wiring,split-function,0.24
iOS/SCMessengerCore.xcframework/ios-arm64-simulator/Headers/SCMessengerCore.swift,2962,write,swift,wiring,throws-propagate,0.24
iOS/SCMessengerCore.xcframework/ios-arm64-simulator/Headers/SCMessengerCore.swift,3638,write,swift,wiring,no-change,0.24
iOS/SCMessengerCore.xcframework/ios-arm64/Headers/SCMessengerCore.swift,3228,write,swift,wiring,result-type,0.24
iOS/SCMessengerTests/NotificationVerificationTests.swift,84,setUp,swift,wiring,defer-cleanup,0.24
iOS/SCMessengerTests/NotificationVerificationTests.swift,208,testNotificationRouteTargetRequests,swift,wiring,result-type,0.24
iOS/SCMessengerTests/NotificationVerificationTests.swift,274,testNotificationTapHandling,swift,wiring,split-function,0.24
wasm/src/storage.rs,147,get_messages_for_hint,rust,wiring,no-change,0.24
android/app/src/main/java/com/scmessenger/android/data/MeshRepository.kt,1089,logMessageDeliveryAttempt,kotlin,wiring,guard-early-return,0.23
android/app/src/main/java/com/scmessenger/android/data/MeshRepository.kt,4410,updateStats,kotlin,wiring,coroutine-scope,0.23
android/app/src/main/java/com/scmessenger/android/data/MeshRepository.kt,7262,getAllKnownTopics,kotlin,wiring,result-stdlib,0.23
android/app/src/main/java/com/scmessenger/android/data/MeshRepository.kt,9148,loadPendingOutboxSync,kotlin,wiring,result-sealed,0.23
android/app/src/main/java/com/scmessenger/android/data/MeshRepository.kt,10345,parseLastKnownRoute,kotlin,wiring,guard-early-return,0.23
android/app/src/main/java/com/scmessenger/android/data/MeshRepository.kt,10852,collectKnownRelayPeerIds,kotlin,wiring,split-function,0.23
android/app/src/main/java/com/scmessenger/android/data/MeshRepository.kt,12407,getSmartAvailableTransports,kotlin,wiring,result-sealed,0.23
android/app/src/main/java/com/scmessenger/android/data/MeshRepository.kt,12415,getAvailableTransportsSorted,kotlin,wiring,no-change,0.23
android/app/src/main/java/com/scmessenger/android/service/AndroidPlatformBridge.kt,217,onAvailable,kotlin,wiring,callback-flow,0.23
android/app/src/main/java/com/scmessenger/android/service/AndroidPlatformBridge.kt,306,onNetworkChanged,kotlin,wiring,guard-early-return,0.23
android/app/src/main/java/com/scmessenger/android/service/AndroidPlatformBridge.kt,583,applyBleSettings,kotlin,wiring,result-sealed,0.23
android/app/src/main/java/com/scmessenger/android/transport/TransportManager.kt,469,disableTransport,kotlin,wiring,guard-early-return,0.23
android/app/src/main/java/com/scmessenger/android/transport/ble/BleScanner.kt,453,scheduleFallbackPromotion,kotlin,wiring,coroutine-scope,0.23
android/app/src/main/java/com/scmessenger/android/ui/screens/RequestsInboxScreen.kt,27,RequestsInboxScreen,kotlin,wiring,result-sealed,0.23
android/app/src/main/java/com/scmessenger/android/ui/viewmodels/IdentityViewModel.kt,294,clearError,kotlin,wiring,no-change,0.23
android/app/src/main/java/com/scmessenger/android/ui/viewmodels/MainViewModel.kt,419,retryStartMeshService,kotlin,wiring,result-sealed,0.23
android/app/src/main/java/com/scmessenger/android/ui/viewmodels/SettingsViewModel.kt,749,overrideRelayMax,kotlin,wiring,result-stdlib,0.23
android/app/src/main/java/com/scmessenger/android/utils/CircuitBreaker.kt,173,getState,kotlin,wiring,result-sealed,0.23
android/app/src/main/java/com/scmessenger/android/utils/ContactImportParser.kt,122,parseStringArray,kotlin,wiring,no-change,0.23
android/app/src/test/java/com/scmessenger/android/service/MeshLifecycleSerializationTest.kt,230,awaitAtLeast,kotlin,wiring,coroutine-scope,0.23
android/app/src/test/java/com/scmessenger/android/test/ChatViewModelTest.kt,126,`loadMoreMessages increases conversation limit`,kotlin,wiring,no-change,0.23
android/app/src/test/java/com/scmessenger/android/test/ContactsViewModelTest.kt,52,setup,kotlin,wiring,split-function,0.23
android/app/src/test/java/com/scmessenger/android/utils/InstallPayloadTest.kt,68,`parse normalizes sha256 to lowercase`,kotlin,wiring,result-sealed,0.23
cli/src/api_axum.rs,673,get_connection_path_state,rust,wiring,no-change,0.23
cli/src/ledger.rs,1504,test_record_failure_bookkeeping_still_runs,rust,wiring,no-change,0.23
cli/src/main.rs,578,new,rust,wiring,drop-guard,0.23
cli/src/main.rs,738,auto_reply_is_limited_to_one_ack_per_message_id,rust,wiring,no-change,0.23
cli/src/main.rs,2338,should_send_auto_reply,rust,wiring,split-function,0.23
cli/src/watchdog.rs,159,wp4_unreadable_heartbeat_is_not_a_wedge,rust,wiring,handle-local-fallback,0.23
core/src/abuse/spam_detection.rs,119,new,rust,wiring,no-change,0.23
core/src/iron_core.rs,2706,on_app_background,rust,wiring,drop-guard,0.23
core/src/iron_core.rs,4647,override_relay_priority_threshold,rust,wiring,propagate-question,0.23
core/src/iron_core.rs,4920,is_peer_suspicious,rust,wiring,drop-guard,0.23
core/src/iron_core.rs,4944,is_content_suspicious,rust,wiring,propagate-question,0.23
core/src/iron_core.rs,5302,relay_jitter_delay_respects_normal_bounds,rust,wiring,no-change,0.23
core/src/mobile_bridge.rs,1547,on_peer_discovered,rust,wiring,drop-guard,0.23
core/src/mobile_bridge.rs,3023,override_relay_max_per_hour,rust,wiring,drop-guard,0.23
core/src/mobile_bridge.rs,4760,test_update_device_state_stores_state,rust,wiring,no-change,0.23
core/src/mobile_bridge.rs,5651,on_battery_changed,rust,wiring,handle-local-fallback,0.23
core/src/mobile_bridge.rs,5965,on_network_changed,rust,wiring,handle-local-fallback,0.23
core/src/mobile_bridge.rs,5989,on_entering_foreground,rust,wiring,state-machine,0.23
core/src/relay/invite.rs,676,get_connected_peers,rust,wiring,propagate-question,0.23
core/src/relay/server.rs,328,test_server_creation,rust,wiring,no-change,0.23
core/src/routing/engine.rs,422,count_reachable_hints,rust,wiring,no-change,0.23
core/src/routing/local.rs,125,peer_seen,rust,wiring,propagate-question,0.23
core/src/routing/local.rs,166,update_peer_hints,rust,wiring,return-value,0.23
core/src/routing/multipath.rs,47,record_success,rust,wiring,validate-guard,0.23
core/src/routing/negative_cache.rs,530,test_reputation_exemption_boundary,rust,wiring,no-change,0.23
core/src/routing/smart_retry.rs,101,test_exponential_backoff_increases,rust,wiring,no-change,0.23
core/src/store/ledger_entry.rs,2893,seed_threshold_boundary,rust,wiring,split-function,0.23
core/src/store/ledger_entry.rs,3944,exchange_response_never_discloses_private_ranges,rust,wiring,no-change,0.23
core/src/store/ledger_entry.rs,4039,exchange_blocks_rfc1918_when_different_network,rust,wiring,validate-guard,0.23
core/src/transport/addr_filter.rs,1444,acceptable_peer_address_combines_both_gates,rust,wiring,validate-guard,0.23
core/src/transport/addr_filter.rs,1532,public_ipv4_never_disclosable_on_network,rust,wiring,no-change,0.23
core/src/transport/ble/scanner.rs,329,calculate_scan_duration_ms,rust,wiring,no-change,0.23
core/src/transport/dial_policy.rs,413,build_relay_addresses,rust,wiring,drop-guard,0.23
core/src/transport/hint_store.rs,61,annotate_peer_hints,rust,wiring,handle-local-fallback,0.23
core/src/transport/mesh_routing.rs,797,record_failure,rust,wiring,propagate-question,0.23
core/src/transport/mesh_routing.rs,1045,small_clock_skew_is_clamped_not_dropped,rust,wiring,no-change,0.23
core/src/transport/observation.rs,447,test_set_listen_ports_re_filters_stored_observations,rust,wiring,no-change,0.23
core/src/transport/relay_health.rs,185,cleanup_stale_relays,rust,wiring,handle-local-fallback,0.23
core/src/transport/swarm.rs,2354,dispatch_ranked_route,rust,wiring,propagate-question,0.23
core/src/transport/swarm.rs,11082,token_bucket_refills_after_elapsed_time,rust,wiring,no-change,0.23
core/src/transport/swarm.rs,11394,relay_filter_rejects_reflected_local_and_circuit_addresses,rust,wiring,validate-guard,0.23
core/src/transport/swarm.rs,11843,locally_configured_dns_bootstrap_is_still_dialable,rust,wiring,no-change,0.23
core/src/transport/wifi_direct.rs,112,new_platform_ref,rust,wiring,no-change,0.23
core/src/wasm_support/storage.rs,148,remove,rust,wiring,no-change,0.23
core/src/wasm_support/storage.rs,168,all_message_ids,rust,wiring,no-change,0.23
core/src/wasm_support/transport.rs,183,active_channels,rust,wiring,no-change,0.23
core/tests/integration_e00_drift_v2_diag.rs,410,test_from_bytes_offset_trace,rust,wiring,propagate-question,0.23
core/tests/integration_ironcore_roundtrip.rs,303,on_peer_disconnected,rust,wiring,channel-event,0.23
core/tests/integration_mycorrhizal_routing.rs,214,test_negative_cache_blocks_routing,rust,wiring,no-change,0.23
core/tests/integration_mycorrhizal_routing.rs,359,test_routing_optimization_tick,rust,wiring,panic-invariant-only,0.23
core/tests/mocks/routing.rs,62,create_mock_direct_routing,rust,wiring,no-change,0.23
iOS/SCMessenger/SCMessenger/Transport/BLECentralManager.swift,175,attemptReconnection,swift,wiring,split-function,0.23
iOS/SCMessenger/SCMessenger/Transport/MultipeerTransport.swift,414,advertiser,swift,wiring,result-type,0.23
iOS/SCMessenger/SCMessenger/Transport/mDNSServiceDiscovery.swift,183,resolvedTXTValues,swift,wiring,guard-let,0.23
iOS/SCMessenger/SCMessenger/Transport/mDNSServiceDiscovery.swift,272,netService,swift,wiring,result-type,0.23
iOS/SCMessenger/SCMessenger/ViewModels/OnboardingViewModel.swift,38,skip,swift,wiring,no-change,0.23
iOS/SCMessenger/SCMessenger/Views/Navigation/MainTabView.swift,101,refreshIdentityRole,swift,wiring,split-function,0.23
iOS/SCMessengerCore.xcframework/ios-arm64-simulator/Headers/SCMessengerCore.swift,452,write,swift,wiring,throws-propagate,0.23
iOS/SCMessengerCore.xcframework/ios-arm64-simulator/Headers/SCMessengerCore.swift,5234,write,swift,wiring,no-change,0.23
iOS/SCMessengerCore.xcframework/ios-arm64-simulator/Headers/SCMessengerCore.swift,5772,lower,swift,wiring,throws-propagate,0.23
iOS/SCMessengerCore.xcframework/ios-arm64/Headers/SCMessengerCore.swift,3501,write,swift,wiring,result-type,0.23
iOS/SCMessengerCore.xcframework/ios-arm64/Headers/SCMessengerCore.swift,5495,write,swift,wiring,result-type,0.23
wasm/src/lib.rs,422,initialize_identity_from_daemon,rust,wiring,propagate-question,0.23
wasm/src/transport.rs,751,get_local_sdp,rust,wiring,no-change,0.23
wasm/src/transport.rs,1333,test_webrtc_peer_creation,rust,wiring,no-change,0.23
android/app/src/main/java/com/scmessenger/android/data/MeshRepository.kt,1145,initializeRepository,kotlin,wiring,result-sealed,0.22
android/app/src/main/java/com/scmessenger/android/data/MeshRepository.kt,5091,getInboxCount,kotlin,wiring,result-sealed,0.22
android/app/src/main/java/com/scmessenger/android/data/MeshRepository.kt,6444,clearHistory,kotlin,wiring,guard-early-return,0.22
android/app/src/main/java/com/scmessenger/android/service/AndroidPlatformBridge.kt,185,updateBatteryState,kotlin,wiring,use-block,0.22
android/app/src/main/java/com/scmessenger/android/service/MeshEventBus.kt,62,emitStatusEvent,kotlin,wiring,flow-collect,0.22
android/app/src/main/java/com/scmessenger/android/service/PerformanceMonitor.kt,53,recordAnrEvent,kotlin,wiring,mutex-guard,0.22
android/app/src/main/java/com/scmessenger/android/transport/WifiDirectTransport.kt,394,startReading,kotlin,wiring,coroutine-scope,0.22
android/app/src/main/java/com/scmessenger/android/transport/WifiDirectTransport.kt,523,removeGroup,kotlin,wiring,callback-flow,0.22
android/app/src/main/java/com/scmessenger/android/transport/ble/BleScanner.kt,282,setBackgroundMode,kotlin,wiring,guard-early-return,0.22
android/app/src/main/java/com/scmessenger/android/ui/MainActivity.kt,203,initializeUiComponents,kotlin,wiring,result-stdlib,0.22
android/app/src/main/java/com/scmessenger/android/ui/screens/ConversationsScreen.kt,422,formatTimestamp,kotlin,wiring,no-change,0.22
android/app/src/main/java/com/scmessenger/android/ui/viewmodels/ConversationsViewModel.kt,379,loadInboxCount,kotlin,wiring,flow-collect,0.22
android/app/src/main/java/com/scmessenger/android/ui/viewmodels/MeshServiceViewModel.kt,163,getStatsText,kotlin,wiring,guard-early-return,0.22
android/app/src/main/java/com/scmessenger/android/utils/CircuitBreaker.kt,111,recordSuccess,kotlin,wiring,result-sealed,0.22
android/app/src/main/java/com/scmessenger/android/utils/PeerIdValidator.kt,88,canonicalKey,kotlin,wiring,result-sealed,0.22
android/app/src/main/java/com/scmessenger/android/utils/StorageManager.kt,93,pruneNoisyStorage,kotlin,wiring,result-stdlib,0.22
android/app/src/test/java/com/scmessenger/android/service/StopRaceLatchTest.kt,20,actionStop_setsLatchSynchronously,kotlin,wiring,no-change,0.22
android/app/src/test/java/com/scmessenger/android/service/StopRaceLatchTest.kt,45,explicitStart_clearsLatch,kotlin,wiring,no-change,0.22
android/app/src/test/java/com/scmessenger/android/test/MeshRepositoryTest.kt,322,`parseTransportsFromMultiaddrs detects relay circuits`,kotlin,wiring,result-stdlib,0.22
android/app/src/test/java/com/scmessenger/android/utils/InstallPayloadTest.kt,120,`apk url with port round-trips through encoding`,kotlin,wiring,guard-early-return,0.22
android/shared/src/desktopMain/kotlin/com/scmessenger/shared/desktop/Main.kt,169,MasterDetailLayout,kotlin,wiring,no-change,0.22
cli/src/bin/stress-test.rs,34,main,rust,wiring,split-function,0.22
cli/src/ledger.rs,1103,test_complete_dial_skipped_releases_claims_neutrally,rust,wiring,state-machine,0.22
cli/src/transport_bridge.rs,129,find_best_path,rust,wiring,no-change,0.22
cli/src/transport_bridge.rs,327,test_peer_registration,rust,wiring,propagate-question,0.22
core/src/drift/store.rs,274,evict_if_over_budget,rust,wiring,no-change,0.22
core/src/identity/keys.rs,931,test_identity_id_is_not_valid_ed25519_point,rust,security,validate-guard,0.22
core/src/iron_core.rs,3006,routing_negative_cache_stats,rust,wiring,handle-local-fallback,0.22
core/src/iron_core.rs,3071,routing_register_path,rust,wiring,propagate-question,0.22
core/src/iron_core.rs,4296,reset_circuit_breakers,rust,wiring,propagate-question,0.22
core/src/iron_core.rs,4598,drift_set_cover_traffic,rust,wiring,propagate-question,0.22
core/src/iron_core.rs,4821,routing_is_prefetch_in_progress,rust,wiring,no-change,0.22
core/src/iron_core.rs,5232,lifecycle_concurrent_start_stop_keeps_running_and_drift_consistent,rust,wiring,state-machine,0.22
core/src/mobile_bridge.rs,1633,on_network_changed,rust,wiring,handle-local-fallback,0.22
core/src/mobile_bridge.rs,2487,on_peer_disconnected,rust,wiring,propagate-question,0.22
core/src/mobile_bridge.rs,4212,set_dispatch_proximity_fn,rust,wiring,drop-guard,0.22
core/src/mobile_bridge.rs,4589,test_handle_data_path_confirmed_resolves_ipv6_link_local,rust,wiring,channel-event,0.22
core/src/notification.rs,45,suppressed,rust,wiring,no-change,0.22
core/src/notification.rs,372,clear_all_request_notifications,rust,wiring,drop-guard,0.22
core/src/relay/client.rs,801,test_connect_to_relay,rust,security,panic-invariant-only,0.22
core/src/relay/delegate_prewarm.rs,380,test_prewarm_for_background,rust,wiring,propagate-question,0.22
core/src/relay/server.rs,253,cleanup_expired,rust,wiring,handle-local-fallback,0.22
core/src/routing/adaptive_ttl.rs,200,test_moderate_peer_ttl,rust,wiring,no-change,0.22
core/src/routing/global.rs,249,increment_route_request_attempts,rust,wiring,return-value,0.22
core/src/routing/local.rs,482,test_reliability_scoring,rust,wiring,panic-invariant-only,0.22
core/src/routing/local.rs,558,test_record_sync,rust,wiring,propagate-question,0.22
core/src/routing/multipath.rs,91,register_path,rust,wiring,propagate-question,0.22
core/src/routing/optimized_engine.rs,295,on_app_background,rust,wiring,no-change,0.22
core/src/routing/timeout_budget.rs,118,should_advance,rust,wiring,no-change,0.22
core/src/store/inbox.rs,124,persistent,rust,wiring,drop-guard,0.22
core/src/store/ledger_entry.rs,3738,local_mesh_export_widens_rfc1918_only,rust,wiring,no-change,0.22
core/src/store/outbox.rs,1560,canonical_peer_key_bridges_base58_and_hex_for_the_same_key,rust,wiring,validate-guard,0.22
core/src/store/relay_custody.rs,353,state_for_scm_bytes,rust,wiring,split-function,0.22
core/src/store/relay_custody.rs,1074,pending_for_destination,rust,wiring,propagate-question,0.22
core/src/store/sweeper.rs,71,test_sweep_expired_messages,rust,wiring,no-change,0.22
core/src/transport/addr_filter.rs,638,is_recordable_multiaddr,rust,wiring,validate-guard,0.22
core/src/transport/bootstrap.rs,346,record_failure,rust,wiring,return-value,0.22
core/src/transport/health.rs,346,record_bytes_received,rust,wiring,handle-local-fallback,0.22
core/src/transport/health.rs,479,register_state_change_callback,rust,wiring,propagate-question,0.22
core/src/transport/manager.rs,840,get_all_observed_connections,rust,wiring,propagate-question,0.22
core/src/transport/mesh_routing.rs,1007,future_recency_cannot_pin_a_route_forever,rust,wiring,validate-guard,0.22
core/src/transport/observation.rs,64,set_listen_ports,rust,wiring,validate-guard,0.22
core/src/transport/observation.rs,496,empty_listen_port_set_accepts_all_until_ports_known,rust,wiring,state-machine,0.22
core/src/transport/relay_health.rs,277,get_backoff_delay,rust,wiring,handle-local-fallback,0.22
core/src/transport/reputation.rs,165,rate_limit_multiplier,rust,wiring,complete-match,0.22
core/src/transport/swarm.rs,439,endpoint_transport_string,rust,wiring,no-change,0.22
core/src/transport/swarm.rs,1326,prune,rust,wiring,no-change,0.22
core/src/transport/swarm.rs,11695,global_candidate_cap_holds_across_all_tiers,rust,wiring,no-change,0.22
core/src/transport/swarm.rs,12313,wp3_mesh_wide_topics_are_never_ghosts,rust,wiring,no-change,0.22
core/src/transport/wifi_aware.rs,513,register_peer,rust,wiring,drop-guard,0.22
core/src/wasm_support/mesh.rs,310,test_relay_inactive_returns_empty,rust,wiring,state-machine,0.22
core/src/wasm_support/storage.rs,158,is_empty,rust,wiring,propagate-question,0.22
core/tests/integration_dial_policy.rs,293,test_dial_policy_concurrent_limit_per_peer,rust,wiring,no-change,0.22
core/tests/integration_local_mesh_node3.rs,139,set_on_service_discovered,rust,wiring,drop-guard,0.22
core/tests/integration_local_mesh_node3.rs,214,set_on_peers_changed,rust,wiring,drop-guard,0.22
core/tests/integration_local_mesh_node3.rs,787,test_reputation_abuse_signals_and_multiplier,rust,wiring,state-machine,0.22
core/tests/integration_wifi_aware.rs,13,on_entering_background,rust,wiring,drop-guard,0.22
iOS/SCMessenger/SCMessenger/Data/MeshRepository.swift,2198,sendDeliveryReceiptAsync,swift,wiring,split-function,0.22
iOS/SCMessenger/SCMessenger/Data/MeshRepository.swift,4800,discoverRoutePeersForPublicKey,swift,wiring,result-type,0.22
iOS/SCMessenger/SCMessenger/Data/MeshRepository.swift,6533,applyPowerAdjustments,swift,wiring,split-function,0.22
iOS/SCMessenger/SCMessenger/Services/NotificationManager.swift,235,userNotificationCenter,swift,wiring,no-change,0.22
iOS/SCMessenger/SCMessenger/Services/NotificationManager.swift,364,areNotificationsEnabled,swift,wiring,no-change,0.22
iOS/SCMessenger/SCMessenger/Transport/BLECentralManager.swift,292,scheduleDutyCycle,swift,wiring,async-await,0.22
iOS/SCMessenger/SCMessenger/Transport/BLECentralManager.swift,336,stopScan,swift,wiring,no-change,0.22
iOS/SCMessenger/SCMessenger/Transport/MultipeerTransport.swift,94,setupSession,swift,wiring,throws-propagate,0.22
iOS/SCMessenger/SCMessenger/Transport/SmartTransportRouter.swift,231,attemptDelivery,swift,wiring,split-function,0.22
iOS/SCMessenger/SCMessenger/Views/Settings/DiagnosticsView.swift,130,refreshLogs,swift,wiring,throws-propagate,0.22
iOS/SCMessengerCore.xcframework/ios-arm64-simulator/Headers/SCMessengerCore.swift,3097,write,swift,wiring,throws-propagate,0.22
iOS/SCMessengerCore.xcframework/ios-arm64-simulator/Headers/SCMessengerCore.swift,5495,write,swift,wiring,throws-propagate,0.22
iOS/SCMessengerCore.xcframework/ios-arm64/Headers/SCMessengerCore.swift,4342,write,swift,wiring,result-type,0.22
iOS/SCMessengerTests/MeshBackgroundServiceTests.swift,20,setUp,swift,wiring,no-change,0.22
iOS/SCMessengerTests/NotificationVerificationTests.swift,304,testBadgeCountUpdate,swift,wiring,result-type,0.22
iOS/SCMessengerTests/NotificationVerificationTests.swift,408,testBackgroundFetchProcessing,swift,wiring,result-type,0.22
iOS/SCMessengerTests/NotificationVerificationTests.swift,516,setUp,swift,wiring,no-change,0.22
wasm/src/transport.rs,330,state,rust,wiring,return-value,0.22
wasm/src/transport.rs,1149,new,rust,wiring,propagate-question,0.22
android/app/src/main/java/com/scmessenger/android/data/MeshRepository.kt,6465,getMessageCount,kotlin,wiring,no-change,0.21
android/app/src/main/java/com/scmessenger/android/data/MeshRepository.kt,9473,jsonArrayToStringList,kotlin,wiring,guard-early-return,0.21
android/app/src/main/java/com/scmessenger/android/data/MeshRepository.kt,9736,sanitizeLedgerPublicKeyBindings,kotlin,wiring,split-function,0.21
android/app/src/main/java/com/scmessenger/android/data/MeshRepository.kt,11003,getBootstrapCandidateAddresses,kotlin,wiring,result-sealed,0.21
android/app/src/main/java/com/scmessenger/android/data/MeshRepository.kt,12431,getSubscribedTopicsList,kotlin,wiring,no-change,0.21
android/app/src/main/java/com/scmessenger/android/service/AnrWatchdog.kt,143,showBusyIndicator,kotlin,wiring,split-function,0.21
android/app/src/main/java/com/scmessenger/android/service/PerformanceMonitor.kt,111,getServiceUptimeMs,kotlin,wiring,mutex-guard,0.21
android/app/src/main/java/com/scmessenger/android/transport/TransportManager.kt,357,getAvailableTransports,kotlin,wiring,no-change,0.21
android/app/src/main/java/com/scmessenger/android/ui/screens/BlockedPeersScreen.kt,23,BlockedPeersScreen,kotlin,wiring,no-change,0.21
android/app/src/main/java/com/scmessenger/android/ui/screens/ChatScreen.kt,515,formatTimestamp,kotlin,wiring,result-stdlib,0.21
android/app/src/main/java/com/scmessenger/android/ui/viewmodels/SettingsViewModel.kt,166,emitIdentityInfo,kotlin,wiring,flow-collect,0.21
android/app/src/main/java/com/scmessenger/android/utils/CircuitBreaker.kt,142,recordFailure,kotlin,wiring,mutex-guard,0.21
android/app/src/test/java/com/scmessenger/android/data/ReceiptUnificationTest.kt,58,initializeManagers,kotlin,wiring,guard-early-return,0.21
android/app/src/test/java/com/scmessenger/android/network/DiagnosticsReporterRelayRecommendationTest.kt,91,`a genuinely unreachable node still produces the recommendation`,kotlin,wiring,result-sealed,0.21
android/app/src/test/java/com/scmessenger/android/test/ContactsViewModelTest.kt,83,`loadContacts populates contacts state`,kotlin,wiring,coroutine-scope,0.21
android/app/src/test/java/com/scmessenger/android/test/IdentityFlowRegressionTest.kt,179,`consent is re-granted on process restart when identity is restored from backup`,kotlin,wiring,result-sealed,0.21
android/app/src/test/java/com/scmessenger/android/ui/viewmodels/ConversationsViewModelTest.kt,29,setup,kotlin,wiring,coroutine-scope,0.21
cli/src/ledger.rs,606,complete_dial_skipped,rust,wiring,state-machine,0.21
cli/src/watchdog.rs,177,wp4_age_exactly_at_threshold_is_healthy,rust,wiring,no-change,0.21
core/src/abuse/auto_block.rs,216,audit_log,rust,wiring,no-change,0.21
core/src/crypto/encrypt.rs,1519,test_replay_of_old_envelope_keeps_session_and_contact_reachable,rust,wiring,no-change,0.21
core/src/crypto/ratchet.rs,1362,test_chain_ratchet_advances,rust,security,validate-guard,0.21
core/src/iron_core.rs,1421,record_abuse_signal,rust,wiring,drop-guard,0.21
core/src/iron_core.rs,4040,contacts_store_manager,rust,wiring,return-value,0.21
core/src/iron_core.rs,4062,make_routing_decision,rust,wiring,drop-guard,0.21
core/src/iron_core.rs,4138,clear_message_notifications,rust,wiring,propagate-question,0.21
core/src/iron_core.rs,4801,routing_next_refresh_hint,rust,wiring,no-change,0.21
core/src/iron_core.rs,6036,routing_hint_update_populates_local_cell,rust,wiring,drop-guard,0.21
core/src/iron_core.rs,6420,on_receipt_received,rust,wiring,channel-event,0.21
core/src/mobile_bridge.rs,2327,apply_relay_budget_state,rust,wiring,drop-guard,0.21
core/src/mobile_bridge.rs,2770,handle_data_path_confirmed,rust,wiring,validate-guard,0.21
core/src/mobile_bridge.rs,2961,compute_profile,rust,wiring,no-change,0.21
core/src/mobile_bridge.rs,3008,override_ble_scan_interval,rust,wiring,drop-guard,0.21
core/src/mobile_bridge.rs,4223,get_escalation_engine,rust,wiring,return-value,0.21
core/src/mobile_bridge.rs,5652,on_network_changed,rust,wiring,handle-local-fallback,0.21
core/src/mobile_bridge.rs,5825,on_motion_changed,rust,wiring,handle-local-fallback,0.21
core/src/mobile_bridge.rs,6459,on_entering_background,rust,wiring,propagate-question,0.21
core/src/relay/delegate_prewarm.rs,237,select_best_delegates,rust,wiring,no-change,0.21
core/src/routing/adaptive_ttl.rs,106,calculate_ttl,rust,wiring,return-value,0.21
core/src/routing/engine.rs,444,make_peer_id,rust,wiring,validate-guard,0.21
core/src/routing/optimized_engine.rs,595,test_adaptive_ttl_integration,rust,wiring,no-change,0.21
core/src/routing/resume_prefetch.rs,272,update_route,rust,wiring,propagate-question,0.21
core/src/store/contacts.rs,1133,derive_never_invents_a_key_from_an_identity_id,rust,wiring,no-change,0.21
core/src/store/ledger_entry.rs,751,sanitize_legacy_topics,rust,wiring,return-value,0.21
core/src/store/ledger_entry.rs,2616,entry_count,rust,wiring,no-change,0.21
core/src/transport/addr_filter.rs,1046,locally_configured_dns_still_works,rust,wiring,no-change,0.21
core/src/transport/diagnostics.rs,127,compute_avg_latency,rust,wiring,no-change,0.21
core/src/transport/diagnostics.rs,182,record,rust,wiring,propagate-question,0.21
core/src/transport/escalation.rs,74,set_capabilities,rust,wiring,drop-guard,0.21
core/src/transport/escalation.rs,255,find_better_transport,rust,wiring,drop-guard,0.21
core/src/transport/health.rs,312,record_message_success,rust,wiring,panic-invariant-only,0.21
core/src/transport/health.rs,329,record_message_failure,rust,wiring,drop-guard,0.21
core/src/transport/health.rs,363,record_connection_attempt,rust,wiring,panic-invariant-only,0.21
core/src/transport/hint_store.rs,189,restricted_hosts_never_become_hints,rust,wiring,propagate-question,0.21
core/src/transport/manager.rs,74,enqueue,rust,wiring,no-change,0.21
core/src/transport/manager.rs,279,set_escalation_engine,rust,wiring,propagate-question,0.21
core/src/transport/nat.rs,453,test_detect_nat_type_with_peers,rust,wiring,propagate-question,0.21
core/src/transport/observation.rs,324,extract_socket_addr,rust,wiring,no-change,0.21
core/src/transport/relay_health.rs,126,record_failure,rust,wiring,handle-local-fallback,0.21
core/src/transport/relay_health.rs,221,rebuild_cache,rust,wiring,handle-local-fallback,0.21
core/src/transport/swarm.rs,10485,zombie_reap_never_fires_without_a_fresh_deny,rust,wiring,state-machine,0.21
core/src/wasm_support/transport.rs,173,connected_relays,rust,wiring,no-change,0.21
core/tests/integration_ledger_convergence.rs,173,test_ledger_exchange_response_is_reciprocated_from_core,rust,security,drop-guard,0.21
core/tests/integration_wan_swarm_node2.rs,547,test_circuit_breaker_error_arms,rust,wiring,state-machine,0.21
core/tests/integration_wifi_aware.rs,14,on_entering_foreground,rust,wiring,state-machine,0.21
core/tests/test_mesh_routing.rs,172,test_multi_path_delivery_manager,rust,wiring,state-machine,0.21
desktop_bridge/src/desktop_bridge.rs,177,refresh_power_state,rust,wiring,propagate-question,0.21
iOS/SCMessenger/SCMessenger/Transport/BLECentralManager.swift,247,enqueueFragment,swift,wiring,result-type,0.21
iOS/SCMessenger/SCMessenger/Transport/BLEPeripheralManager.swift,348,fragmentData,swift,wiring,result-type,0.21
iOS/SCMessenger/SCMessenger/Transport/MultipeerTransport.swift,446,browser,swift,wiring,result-type,0.21
iOS/SCMessengerTests/NotificationVerificationTests.swift,90,testSendBasicNotification,swift,wiring,async-await,0.21
wasm/src/daemon_bridge.rs,579,cancel_request,rust,wiring,propagate-question,0.21
wasm/src/transport.rs,1283,test_websocket_relay_creation,rust,wiring,no-change,0.21
android/app/src/main/java/com/scmessenger/android/data/MeshRepository.kt,4169,cacheIdentityFields,kotlin,wiring,no-change,0.2
android/app/src/main/java/com/scmessenger/android/data/MeshRepository.kt,6435,searchMessages,kotlin,wiring,result-sealed,0.2
android/app/src/main/java/com/scmessenger/android/data/TopicManager.kt,115,autoSubscribeToPeerTopics,kotlin,wiring,result-sealed,0.2
android/app/src/main/java/com/scmessenger/android/network/NetworkDiagnostics.kt,129,detectNetworkType,kotlin,wiring,no-change,0.2
android/app/src/main/java/com/scmessenger/android/service/AndroidPlatformBridge.kt,148,cleanup,kotlin,wiring,no-change,0.2
android/app/src/main/java/com/scmessenger/android/service/AnrWatchdog.kt,243,start,kotlin,wiring,guard-early-return,0.2
android/app/src/main/java/com/scmessenger/android/service/MeshEventBus.kt,50,emitMessageEvent,kotlin,wiring,flow-collect,0.2
android/app/src/main/java/com/scmessenger/android/service/MeshEventBus.kt,74,emitNetworkEvent,kotlin,wiring,result-sealed,0.2
android/app/src/main/java/com/scmessenger/android/transport/NetworkDetector.kt,338,getTransportPriority,kotlin,wiring,flow-collect,0.2
android/app/src/main/java/com/scmessenger/android/transport/ble/BleAdvertiser.kt,314,stopAdvertising,kotlin,wiring,no-change,0.2
android/app/src/main/java/com/scmessenger/android/transport/ble/BleGattServer.kt,272,onConnectionStateChange,kotlin,wiring,callback-flow,0.2
android/app/src/main/java/com/scmessenger/android/ui/MainActivity.kt,434,onPause,kotlin,wiring,no-change,0.2
android/app/src/main/java/com/scmessenger/android/ui/viewmodels/SettingsViewModel.kt,636,setVpnMode,kotlin,wiring,coroutine-scope,0.2
android/app/src/main/java/com/scmessenger/android/ui/viewmodels/SettingsViewModel.kt,661,setNotifyDmEnabled,kotlin,wiring,coroutine-scope,0.2
android/app/src/main/java/com/scmessenger/android/ui/viewmodels/SettingsViewModel.kt,669,setNotifyDmRequestEnabled,kotlin,wiring,coroutine-scope,0.2
android/app/src/main/java/com/scmessenger/android/ui/viewmodels/SettingsViewModel.kt,693,setSoundEnabled,kotlin,wiring,split-function,0.2
android/app/src/main/java/com/scmessenger/android/utils/ApkShareManager.kt,347,isHosting,kotlin,wiring,result-stdlib,0.2
android/app/src/main/java/com/scmessenger/android/utils/CircuitBreaker.kt,181,isCircuitOpen,kotlin,wiring,no-change,0.2
android/app/src/test/java/com/scmessenger/android/test/ChatViewModelTest.kt,193,`conversation load renders the reply after its trigger under sender clock skew`,kotlin,wiring,no-change,0.2
android/app/src/test/java/com/scmessenger/android/test/ReceiptUnificationTest.kt,596,initializeManagers,kotlin,wiring,guard-early-return,0.2
android/shared/src/commonMain/kotlin/com/scmessenger/shared/platform/PlatformNetworking.kt,19,stop,kotlin,wiring,result-sealed,0.2
android/shared/src/desktopMain/kotlin/com/scmessenger/shared/desktop/Main.kt,146,MainWindowComposable,kotlin,wiring,no-change,0.2
core/src/abuse/auto_block.rs,226,config,rust,wiring,propagate-question,0.2
core/src/drift/policy.rs,150,compute_profile,rust,wiring,no-change,0.2
core/src/iron_core.rs,1621,outbox_count,rust,wiring,return-value,0.2
core/src/iron_core.rs,3036,routing_timeout_budget_summary,rust,wiring,drop-guard,0.2
core/src/iron_core.rs,4811,routing_is_prefetch_complete,rust,wiring,handle-local-fallback,0.2
core/src/mobile_bridge.rs,1517,recommended_behavior,rust,wiring,propagate-question,0.2
core/src/mobile_bridge.rs,2509,on_message_received,rust,wiring,validate-guard,0.2
core/src/mobile_bridge.rs,3172,adjust_legacy_timestamps,rust,wiring,handle-local-fallback,0.2
core/src/mobile_bridge.rs,5126,test_ledger_preferred_relays,rust,wiring,drop-guard,0.2
core/src/mobile_bridge.rs,5219,on_network_changed,rust,wiring,channel-event,0.2
core/src/relay/delegate_prewarm.rs,366,test_delegate_selection,rust,wiring,no-change,0.2
core/src/routing/global.rs,688,test_route_request_resolution,rust,wiring,state-machine,0.2
core/src/routing/resume_prefetch.rs,208,on_app_background,rust,wiring,handle-local-fallback,0.2
core/src/store/ledger_entry.rs,3611,live_peer_disclosure_allows_dead_tier_sibling_addresses,rust,wiring,split-function,0.2
core/src/transport/addr_filter.rs,963,accepts_globally_routable_addresses,rust,wiring,panic-invariant-only,0.2
core/src/transport/health.rs,466,get_unhealthy_connections,rust,wiring,propagate-question,0.2
core/src/transport/health.rs,735,test_transport_health_monitor,rust,wiring,state-machine,0.2
core/src/transport/peer_broadcast.rs,66,peer_disconnected,rust,wiring,no-change,0.2
core/src/transport/swarm.rs,1360,note_connection_established,rust,wiring,validate-guard,0.2
core/src/transport/swarm.rs,11428,detect_and_log_port_mismatch,rust,wiring,return-value,0.2
core/src/transport/wifi_direct.rs,151,get_group_info,rust,wiring,no-change,0.2
core/tests/integration_local_mesh_node3.rs,827,test_reputation_storage_persistence_and_eviction,rust,wiring,propagate-question,0.2
desktop_bridge/src/desktop_bridge.rs,150,update_tray_status,rust,wiring,handle-local-fallback,0.2
iOS/SCMessenger/SCMessenger/Data/MeshRepository.swift,5867,markDeliveredReceiptSeen,swift,wiring,result-type,0.2
iOS/SCMessenger/SCMessenger/Data/MeshRepository.swift,6184,primeRelayBootstrapConnections,swift,wiring,task-cancel,0.2
iOS/SCMessenger/SCMessenger/Transport/MultipeerTransport.swift,205,startAdvertising,swift,wiring,result-type,0.2
iOS/SCMessenger/SCMessenger/Transport/SmartTransportRouter.swift,108,recordFailure,swift,wiring,result-type,0.2
iOS/SCMessenger/SCMessenger/Transport/mDNSServiceDiscovery.swift,174,netServiceBrowser,swift,wiring,result-type,0.2
iOS/SCMessenger/SCMessenger/ViewModels/OnboardingViewModel.swift,32,completeOnboarding,swift,wiring,split-function,0.2
iOS/SCMessengerCore.xcframework/ios-arm64-simulator/Headers/SCMessengerCore.swift,209,lower,swift,wiring,defer-cleanup,0.2
iOS/SCMessengerTests/NotificationVerificationTests.swift,49,testPermissionFlowNotDetermined,swift,wiring,no-change,0.2
wasm/src/daemon_bridge.rs,490,state,rust,wiring,no-change,0.2
wasm/src/transport.rs,127,subscribe,rust,wiring,propagate-question,0.2
wasm/src/transport.rs,1289,test_websocket_relay_subscribe_before_connect,rust,wiring,state-machine,0.2
android/app/src/main/java/com/scmessenger/android/data/MeshRepository.kt,1021,detectAndRecoverMessageTracking,kotlin,wiring,result-sealed,0.19
android/app/src/main/java/com/scmessenger/android/data/MeshRepository.kt,6501,resetAllData,kotlin,security,use-block,0.19
android/app/src/main/java/com/scmessenger/android/data/MeshRepository.kt,9088,loadPendingOutboxAsync,kotlin,wiring,mutex-guard,0.19
android/app/src/main/java/com/scmessenger/android/data/MeshRepository.kt,10327,parseAllRoutingPeerIds,kotlin,wiring,no-change,0.19
android/app/src/main/java/com/scmessenger/android/service/AnrWatchdog.kt,252,stop,kotlin,wiring,no-change,0.19
android/app/src/main/java/com/scmessenger/android/transport/NetworkDetector.kt,123,onAvailable,kotlin,wiring,callback-flow,0.19
android/app/src/main/java/com/scmessenger/android/ui/components/CopyableText.kt,89,LabeledCopyableText,kotlin,wiring,split-function,0.19
android/app/src/main/java/com/scmessenger/android/ui/viewmodels/ConversationsViewModel.kt,185,markDelivered,kotlin,wiring,result-sealed,0.19
android/app/src/main/java/com/scmessenger/android/ui/viewmodels/MeshServiceViewModel.kt,79,startService,kotlin,wiring,coroutine-scope,0.19
android/app/src/main/java/com/scmessenger/android/utils/CircuitBreaker.kt,200,getLastFailure,kotlin,wiring,result-stdlib,0.19
android/app/src/test/java/com/scmessenger/android/utils/NotificationHelperGateTest.kt,222,`unhydrated gate buffers message and replays when hydrated ON`,kotlin,wiring,guard-early-return,0.19
android/app/src/test/java/com/scmessenger/android/utils/NotificationHelperGateTest.kt,237,`unhydrated gate buffers message and discards when hydrated OFF`,kotlin,wiring,guard-early-return,0.19
android/shared/src/androidMain/kotlin/com/scmessenger/shared/platform/PlatformNetworking.android.kt,26,getDiscoveredPeers,kotlin,wiring,result-sealed,0.19
android/shared/src/androidMain/kotlin/com/scmessenger/shared/platform/PlatformStorage.android.kt,9,getString,kotlin,wiring,result-stdlib,0.19
cli/src/ble_mesh.rs,298,subscribe_ingress_for_peripheral,rust,wiring,drop-guard,0.19
cli/src/config.rs,554,latest_log_age_secs,rust,wiring,propagate-question,0.19
core/src/abuse/auto_block.rs,197,exempt_peer,rust,wiring,propagate-question,0.19
core/src/abuse/spam_detection.rs,279,record_spam_signal,rust,wiring,drop-guard,0.19
core/src/abuse/spam_detection.rs,474,test_prune_stale_peers,rust,wiring,no-change,0.19
core/src/iron_core.rs,1414,notify_peer_disconnected,rust,wiring,propagate-question,0.19
core/src/iron_core.rs,3021,routing_prefetch_stats,rust,wiring,propagate-question,0.19
core/src/iron_core.rs,4016,get_identity_keys,rust,wiring,no-change,0.19
core/src/iron_core.rs,4252,calculate_dynamic_ttl,rust,wiring,validate-guard,0.19
core/src/iron_core.rs,4563,update_device_state,rust,wiring,drop-guard,0.19
core/src/mobile_bridge.rs,6352,on_battery_changed,rust,wiring,channel-event,0.19
core/src/relay/client.rs,931,test_remove_connection,rust,wiring,explicit-close,0.19
core/src/relay/peer_exchange.rs,435,test_prune_stale,rust,wiring,no-change,0.19
core/src/relay/peer_exchange.rs,461,test_exchange_peers,rust,wiring,handle-local-fallback,0.19
core/src/routing/engine.rs,383,collect_alternative_hops_count,rust,wiring,split-function,0.19
core/src/routing/engine.rs,481,test_route_to_unknown_destination,rust,wiring,no-change,0.19
core/src/routing/local.rs,343,evict_lowest_reliability,rust,wiring,panic-invariant-only,0.19
core/src/routing/resume_prefetch.rs,284,mark_refresh_failed,rust,wiring,propagate-question,0.19
core/src/routing/resume_prefetch.rs,455,test_prefetch_basic,rust,wiring,no-change,0.19
core/src/store/ledger_entry.rs,3556,record_connection_resets_failures_and_revives_dead_entry,rust,wiring,no-change,0.19
core/src/store/ledger_entry.rs,4239,annotate_identity_stores_routing_only_when_binding_is_not_self_certifying,rust,wiring,validate-guard,0.19
core/src/store/ledger_entry.rs,5546,record_connection_verifies_but_advertisement_does_not,rust,wiring,no-change,0.19
core/src/transport/addr_filter.rs,358,check_multiaddr,rust,wiring,propagate-question,0.19
core/src/transport/manager.rs,1088,test_peer_discovered_event,rust,wiring,complete-match,0.19
core/src/transport/swarm.rs,1081,relay_reservation_multiaddr,rust,wiring,propagate-question,0.19
core/src/transport/swarm.rs,12109,per_peer_budget_use_accumulates_and_reports_unknown_peers_as_unused,rust,wiring,no-change,0.19
core/src/transport/swarm.rs,12263,wp3_own_topic_is_never_a_ghost_even_without_a_ledger,rust,wiring,no-change,0.19
core/src/transport/wifi_direct.rs,318,set_group_info,rust,wiring,validate-guard,0.19
core/src/wasm_support/storage.rs,174,messages_for_hint,rust,wiring,drop-guard,0.19
core/src/wasm_support/transport.rs,215,remove_channel,rust,wiring,propagate-question,0.19
core/tests/integration_ledger_seeding_hardening.rs,476,the_exchange_request_and_response_payloads_are_the_same_function,rust,wiring,split-function,0.19
core/tests/integration_local_mesh_node3.rs,143,set_on_message_received,rust,wiring,callback-closure,0.19
core/tests/integration_local_mesh_node3.rs,853,test_reputation_time_decay_and_pruning,rust,wiring,no-change,0.19
core/tests/integration_mycorrhizal_routing.rs,302,test_shared_routing_engine_handle,rust,wiring,drop-guard,0.19
core/tests/integration_recency_map_bounds.rs,153,eviction_takes_from_the_largest_holders_first,rust,wiring,panic-invariant-only,0.19
core/tests/test_mesh_routing.rs,370,test_reputation_recovery_after_failures,rust,wiring,panic-invariant-only,0.19
iOS/SCMessenger/SCMessenger/Generated/api.swift,5728,write,swift,wiring,no-change,0.19
iOS/SCMessengerTests/NotificationVerificationTests.swift,316,testBadgeClear,swift,wiring,throws-propagate,0.19
wasm/src/notification_manager.rs,23,from,rust,wiring,no-change,0.19
wasm/src/notification_manager.rs,317,get_permission,rust,wiring,return-value,0.19
wasm/src/transport.rs,1043,subscribe,rust,wiring,propagate-question,0.19
android/app/src/main/java/com/scmessenger/android/data/MeshRepository.kt,921,forMessage,kotlin,wiring,result-stdlib,0.18
android/app/src/main/java/com/scmessenger/android/data/MeshRepository.kt,4865,searchContacts,kotlin,wiring,result-stdlib,0.18
android/app/src/main/java/com/scmessenger/android/service/AndroidPlatformBridge.kt,320,onMotionChanged,kotlin,wiring,guard-early-return,0.18
android/app/src/main/java/com/scmessenger/android/service/AnrWatchdog.kt,222,writeAnrDiagnostics,kotlin,wiring,result-stdlib,0.18
android/app/src/main/java/com/scmessenger/android/transport/TransportHealthMonitor.kt,61,isDegraded,kotlin,wiring,result-sealed,0.18
android/app/src/main/java/com/scmessenger/android/transport/ble/BleGattServer.kt,497,onMtuChanged,kotlin,wiring,callback-flow,0.18
android/app/src/main/java/com/scmessenger/android/ui/viewmodels/MainViewModel.kt,215,refreshStorageStatus,kotlin,wiring,result-stdlib,0.18
android/app/src/main/java/com/scmessenger/android/ui/viewmodels/SettingsViewModel.kt,585,updateBleEnabled,kotlin,wiring,split-function,0.18
android/app/src/main/java/com/scmessenger/android/utils/FileLoggingTree.kt,99,writeEntry,kotlin,wiring,use-block,0.18
android/app/src/main/java/com/scmessenger/android/utils/NotificationHelper.kt,620,clearMessageNotifications,kotlin,wiring,split-function,0.18
android/app/src/main/java/com/scmessenger/android/utils/NotificationHelper.kt,637,clearAllRequestNotifications,kotlin,wiring,result-stdlib,0.18
android/app/src/main/java/com/scmessenger/android/utils/StorageManager.kt,26,performStartupMaintenance,kotlin,wiring,result-sealed,0.18
android/app/src/test/java/com/scmessenger/android/test/ReceiptUnificationTest.kt,316,`receive path processes delivered receipts and deduplicates`,kotlin,wiring,guard-early-return,0.18
android/app/src/test/java/com/scmessenger/android/ui/identity/IdentityViewModelTest.kt,35,setup,kotlin,wiring,no-change,0.18
android/app/src/test/java/com/scmessenger/android/ui/viewmodels/MainViewModelTest.kt,201,`malformed URI does not crash app`,kotlin,wiring,result-sealed,0.18
cli/src/main.rs,767,auto_reply_is_capped_at_one_per_minute,rust,wiring,no-change,0.18
core/src/drift/relay.rs,196,set_shared_reputation_manager,rust,wiring,no-change,0.18
core/src/iron_core.rs,3143,swarm_get_best_paths,rust,wiring,propagate-question,0.18
core/src/mobile_bridge.rs,1696,get_core,rust,wiring,no-change,0.18
core/src/mobile_bridge.rs,1773,on_wifi_aware_data_path_confirmed,rust,wiring,validate-guard,0.18
core/src/mobile_bridge.rs,5218,on_battery_changed,rust,wiring,channel-event,0.18
core/src/mobile_bridge.rs,5824,on_network_changed,rust,wiring,handle-local-fallback,0.18
core/src/mobile_bridge.rs,6270,proximity_payload_at_exact_limit_is_forwarded,rust,wiring,drop-guard,0.18
core/src/notification.rs,461,unknown_sender_defaults_to_direct_message_request,rust,wiring,no-change,0.18
core/src/relay/client.rs,198,set_capabilities,rust,wiring,no-change,0.18
core/src/relay/peer_exchange.rs,177,record_success,rust,wiring,no-change,0.18
core/src/relay/peer_exchange.rs,185,record_failure,rust,wiring,handle-local-fallback,0.18
core/src/routing/local.rs,180,record_sync,rust,wiring,handle-local-fallback,0.18
core/src/routing/local.rs,628,active_peer_selection_contract,rust,wiring,split-function,0.18
core/src/routing/negative_cache.rs,259,clear_unreachable,rust,wiring,handle-local-fallback,0.18
core/src/routing/resume_prefetch.rs,178,decay,rust,wiring,validate-guard,0.18
core/src/store/ledger_entry.rs,5465,supersession_confirms_new_address_without_dead_tiering,rust,wiring,no-change,0.18
core/src/transport/health.rs,415,update_current_address,rust,wiring,drop-guard,0.18
core/tests/integration_ironcore_roundtrip.rs,311,on_message_received,rust,wiring,panic-invariant-only,0.18
core/tests/integration_ledger_convergence.rs,374,select_dialable_tcp_loopback,rust,wiring,split-function,0.18
core/tests/integration_mycorrhizal_routing.rs,535,test_can_reach_destination,rust,wiring,handle-local-fallback,0.18
core/tests/integration_wan_swarm_node2.rs,704,test_dial_policy_boundary_safety,rust,wiring,no-change,0.18
core/tests/integration_wifi_aware.rs,9,on_battery_changed,rust,wiring,no-change,0.18
core/tests/integration_wifi_aware.rs,11,on_motion_changed,rust,wiring,complete-match,0.18
iOS/SCMessenger/SCMessenger/Data/MeshRepository.swift,3327,ledgerBootstrapEntries,swift,wiring,split-function,0.18
iOS/SCMessenger/SCMessenger/Data/MeshRepository.swift,3371,deliveryStatePresentation,swift,wiring,split-function,0.18
iOS/SCMessenger/SCMessenger/Data/MeshRepository.swift,5527,enqueuePendingOutbound,swift,wiring,throws-propagate,0.18
iOS/SCMessenger/SCMessenger/Data/MeshRepository.swift,5818,promotePendingOutboundForPeer,swift,wiring,split-function,0.18
iOS/SCMessenger/SCMessenger/Data/MeshRepository.swift,6902,getExternalAddresses,swift,wiring,guard-let,0.18
iOS/SCMessenger/SCMessenger/Transport/BLEPeripheralManager.swift,71,startAdvertising,swift,wiring,split-function,0.18
iOS/SCMessenger/SCMessenger/Transport/MultipeerTransport.swift,426,browser,swift,wiring,async-await,0.18
iOS/SCMessenger/SCMessenger/Transport/mDNSServiceDiscovery.swift,48,startBrowsing,swift,wiring,async-await,0.18
wasm/src/lib.rs,505,prepare_message,rust,wiring,propagate-question,0.18
wasm/src/transport.rs,335,disconnect,rust,wiring,propagate-question,0.18
wasm/src/transport.rs,1116,state,rust,wiring,propagate-question,0.18
wasm/src/worker.rs,204,set_sync_handler,rust,wiring,no-change,0.18
android/app/src/main/java/com/scmessenger/android/data/MeshRepository.kt,4403,getServiceStateSync,kotlin,wiring,result-sealed,0.17
android/app/src/main/java/com/scmessenger/android/data/MeshRepository.kt,4820,removeContact,kotlin,wiring,split-function,0.17
android/app/src/main/java/com/scmessenger/android/data/MeshRepository.kt,6431,getConversation,kotlin,wiring,result-stdlib,0.17
android/app/src/main/java/com/scmessenger/android/data/MeshRepository.kt,8730,awaitPeerConnection,kotlin,wiring,flow-collect,0.17
android/app/src/main/java/com/scmessenger/android/data/MeshRepository.kt,9200,savePendingOutbox,kotlin,wiring,mutex-guard,0.17
android/app/src/main/java/com/scmessenger/android/transport/SubnetProbe.kt,192,probeHost,kotlin,wiring,mutex-guard,0.17
android/app/src/main/java/com/scmessenger/android/transport/TransportManager.kt,208,stopAll,kotlin,wiring,split-function,0.17
android/app/src/main/java/com/scmessenger/android/transport/ble/BleAdvertiser.kt,118,applyAdvertiseSettings,kotlin,wiring,guard-early-return,0.17
android/app/src/main/java/com/scmessenger/android/transport/ble/BleAdvertiser.kt,198,startAdvertising,kotlin,wiring,coroutine-scope,0.17
android/app/src/main/java/com/scmessenger/android/transport/ble/BleScanner.kt,476,restartActiveScan,kotlin,wiring,guard-early-return,0.17
android/app/src/main/java/com/scmessenger/android/transport/ble/BleScanner.kt,575,stopScanningLocked,kotlin,wiring,guard-early-return,0.17
android/app/src/test/java/com/scmessenger/android/data/MeshRepositorySeedImportTest.kt,33,initializeManagers,kotlin,wiring,result-stdlib,0.17
android/app/src/test/java/com/scmessenger/android/transport/MdnsDnsaddrInteropTest.kt,195,`registration proceeds once the local peer id is available`,kotlin,wiring,guard-early-return,0.17
android/app/src/test/java/com/scmessenger/android/utils/DeepLinkValidatorTest.kt,108,`private IPv4 on same subnet is accepted`,kotlin,wiring,result-stdlib,0.17
android/app/src/test/java/com/scmessenger/android/utils/DeepLinkValidatorTest.kt,216,`cap counts only valid entries`,kotlin,wiring,no-change,0.17
android/app/src/test/java/com/scmessenger/android/utils/NotificationGateTest.kt,42,updateSettings_disablesGlobalGate,kotlin,wiring,no-change,0.17
android/shared/src/androidMain/kotlin/com/scmessenger/shared/platform/PlatformNetworking.android.kt,17,stop,kotlin,wiring,callback-flow,0.17
android/shared/src/desktopMain/kotlin/com/scmessenger/shared/platform/PlatformNetworking.desktop.kt,25,getDiscoveredPeers,kotlin,wiring,flow-collect,0.17
cli/src/watchdog.rs,79,observe,rust,wiring,state-machine,0.17
core/src/iron_core.rs,1337,get_peer_reputation,rust,wiring,no-change,0.17
core/src/iron_core.rs,2693,on_app_resume,rust,wiring,propagate-question,0.17
core/src/mobile_bridge.rs,5506,on_battery_changed,rust,wiring,state-machine,0.17
core/src/mobile_bridge.rs,5966,on_motion_changed,rust,wiring,channel-event,0.17
core/src/routing/optimized_engine.rs,609,test_maintenance_integration,rust,wiring,propagate-question,0.17
core/src/store/ledger_entry.rs,3869,seed_addresses_is_bounded_by_limit,rust,wiring,propagate-question,0.17
core/src/transport/ble/l2cap.rs,398,feed_fragment,rust,wiring,panic-invariant-only,0.17
core/src/transport/manager.rs,316,handle_event,rust,wiring,complete-match,0.17
core/src/transport/observation.rs,472,configured_external_wins_over_consensus,rust,wiring,no-change,0.17
core/src/transport/reflection.rs,162,disable,rust,wiring,no-change,0.17
core/src/transport/swarm.rs,1811,consume_global_token,rust,wiring,no-change,0.17
core/src/transport/swarm.rs,1827,is_recent_duplicate,rust,wiring,validate-guard,0.17
core/src/transport/swarm.rs,3160,new_for_liveness_test,rust,wiring,channel-event,0.17
core/src/transport/swarm.rs,10666,addr_targets_self_detects_own_listeners_and_loopback_only,rust,wiring,split-function,0.17
core/src/wasm_support/transport.rs,237,relay_state,rust,wiring,no-change,0.17
core/tests/integration_all_phases.rs,335,test_relay_protocol,rust,wiring,state-machine,0.17
core/tests/test_and06_live_key_corpus.rs,190,live_non_key_identifiers_are_measured_not_assumed,rust,wiring,no-change,0.17
iOS/SCMessenger/SCMessenger/Data/MeshRepository.swift,6898,getListeningAddresses,swift,wiring,throws-propagate,0.17
iOS/SCMessenger/SCMessenger/Generated/api.swift,9067,write,swift,wiring,throws-propagate,0.17
iOS/SCMessenger/SCMessenger/Services/IosPlatformBridge.swift,69,configure,swift,wiring,throws-propagate,0.17
iOS/SCMessenger/SCMessenger/Transport/BLECentralManager.swift,326,startScan,swift,wiring,defer-cleanup,0.17
iOS/SCMessenger/SCMessenger/Transport/BLEPeripheralManager.swift,436,startPrivacyRotation,swift,wiring,async-await,0.17
iOS/SCMessenger/SCMessenger/ViewModels/ContactsViewModel.swift,414,deduplicateByPublicKey,swift,wiring,split-function,0.17
iOS/SCMessenger/SCMessenger/Views/Settings/DiagnosticsView.swift,145,prepareExport,swift,wiring,split-function,0.17
iOS/SCMessengerTests/NotificationVerificationTests.swift,40,testNotificationsEnabledCheck,swift,wiring,no-change,0.17
iOS/SCMessengerTests/NotificationVerificationTests.swift,362,testReplyActionAvailable,swift,wiring,split-function,0.17
wasm/src/daemon_bridge.rs,574,cancel_request,rust,wiring,propagate-question,0.17
wasm/src/worker.rs,59,new,rust,wiring,propagate-question,0.17
android/app/src/main/java/com/scmessenger/android/data/MeshRepository.kt,11705,getOwnLanAddrLiterals,kotlin,wiring,no-change,0.16
android/app/src/main/java/com/scmessenger/android/data/MeshRepository.kt,11812,getIdentityExportString,kotlin,wiring,result-sealed,0.16
android/app/src/main/java/com/scmessenger/android/network/NetworkTypeDetector.kt,30,detectNetworkType,kotlin,wiring,split-function,0.16
android/app/src/main/java/com/scmessenger/android/service/PerformanceMonitor.kt,159,writeAnrEvent,kotlin,wiring,guard-early-return,0.16
android/app/src/main/java/com/scmessenger/android/ui/viewmodels/SettingsViewModel.kt,707,setBadgeEnabled,kotlin,wiring,coroutine-scope,0.16
android/app/src/test/java/com/scmessenger/android/test/SettingsViewModelTest.kt,177,`refreshInfoCounts survives repository failures with zeroed counts`,kotlin,wiring,no-change,0.16
cli/src/bin/heartbeat-probe.rs,34,main,rust,wiring,split-function,0.16
cli/src/main.rs,833,auto_reply_never_answers_machine_messages,rust,wiring,propagate-question,0.16
cli/src/main.rs,4649,cmd_send_offline,rust,wiring,drop-guard,0.16
core/src/abuse/auto_block.rs,111,evaluate,rust,wiring,validate-guard,0.16
core/src/iron_core.rs,1503,relay_jitter_delay,rust,wiring,no-change,0.16
core/src/iron_core.rs,4776,can_reach_destination,rust,wiring,return-value,0.16
core/src/iron_core.rs,4792,routing_mark_refresh_failed,rust,wiring,propagate-question,0.16
core/src/mobile_bridge.rs,2360,compute_behavior,rust,wiring,state-machine,0.16
core/src/mobile_bridge.rs,4860,test_get_swarm_bridge_initialization,rust,wiring,no-change,0.16
core/src/mobile_bridge.rs,6294,proximity_round_trip_via_mock_bridge_ble_and_wifi_aware,rust,wiring,no-change,0.16
core/src/mobile_bridge.rs,6354,on_motion_changed,rust,wiring,channel-event,0.16
core/src/observability.rs,196,prune_before,rust,wiring,split-function,0.16
core/src/routing/local.rs,201,update_reliability,rust,wiring,return-value,0.16
core/src/routing/negative_cache.rs,218,is_definitely_unreachable,rust,wiring,propagate-question,0.16
core/src/store/ledger_entry.rs,3333,import_seed_entries_dedupes_on_stripped_multiaddr,rust,wiring,no-change,0.16
core/src/store/ledger_entry.rs,3712,export_seed_entries_never_bakes_loopback_or_lan_into_an_invite,rust,wiring,propagate-question,0.16
core/src/store/ledger_entry.rs,4086,contact_chain_shares_verified_contact_rfc1918,rust,wiring,validate-guard,0.16
core/src/transport/multiport.rs,447,test_no_two_emitted_addresses_share_ip_port_pair,rust,wiring,panic-invariant-only,0.16
core/src/transport/swarm.rs,1394,note_inbound_attempt,rust,wiring,no-change,0.16
core/src/transport/swarm.rs,12083,per_peer_budget_map_is_bounded_like_the_token_bucket_map,rust,wiring,no-change,0.16
iOS/SCMessenger/SCMessenger/Data/MeshRepository.swift,1025,ensureBootstrapRelayConnected,swift,wiring,result-type,0.16
iOS/SCMessenger/SCMessenger/Transport/BLECentralManager.swift,259,fragmentData,swift,wiring,result-type,0.16
iOS/SCMessenger/SCMessenger/Views/Settings/DiagnosticsView.swift,135,addManualTrace,swift,wiring,result-type,0.16
wasm/src/worker.rs,81,get_notifications,rust,wiring,channel-event,0.16
android/app/src/main/java/com/scmessenger/android/data/MeshRepository.kt,5019,getPendingMessageRequests,kotlin,wiring,result-stdlib,0.15
android/app/src/main/java/com/scmessenger/android/data/MeshRepository.kt,5406,sanitizeExclusiveNicknames,kotlin,wiring,result-sealed,0.15
android/app/src/main/java/com/scmessenger/android/service/PerformanceMonitor.kt,182,clearAnrEvents,kotlin,wiring,mutex-guard,0.15
android/app/src/main/java/com/scmessenger/android/ui/viewmodels/SettingsViewModel.kt,908,forceRestartScanning,kotlin,wiring,result-stdlib,0.15
core/src/iron_core.rs,3081,routing_mark_path_failed,rust,wiring,handle-local-fallback,0.15
core/src/mobile_bridge.rs,2530,on_receipt_received,rust,wiring,handle-local-fallback,0.15
core/src/mobile_bridge.rs,4413,make_state,rust,wiring,handle-local-fallback,0.15
core/src/routing/resume_prefetch.rs,233,on_app_resume,rust,wiring,propagate-question,0.15
core/src/routing/resume_prefetch.rs,292,start_route_refresh,rust,wiring,propagate-question,0.15
core/src/store/relay_custody.rs,136,retention_decision,rust,wiring,validate-guard,0.15
core/src/transport/health.rs,271,update_connection_state,rust,wiring,drop-guard,0.15
core/src/transport/health.rs,491,cleanup_stale_connections,rust,wiring,panic-invariant-only,0.15
core/src/transport/internet.rs,171,set_nat_status,rust,wiring,no-change,0.15
core/src/transport/mesh_routing.rs,690,ranked_routes,rust,wiring,handle-local-fallback,0.15
core/src/transport/swarm.rs,382,infer_seed_network_mode,rust,wiring,handle-local-fallback,0.15
core/tests/integration_nat_reflection.rs,367,test_address_reflection_timeout,rust,security,drop-guard,0.15
iOS/SCMessenger/SCMessenger/Services/IosPlatformBridge.swift,94,onBleDataReceived,swift,wiring,async-await,0.15
iOS/SCMessenger/SCMessenger/Services/MeshBackgroundService.swift,94,onEnteringBackground,swift,wiring,async-await,0.15
iOS/SCMessenger/SCMessenger/Services/NotificationManager.swift,139,markMessageRead,swift,wiring,guard-let,0.15
iOS/SCMessenger/SCMessenger/Transport/SmartTransportRouter.swift,160,getAvailableTransportsSorted,swift,wiring,async-await,0.15
iOS/SCMessengerTests/NotificationVerificationTests.swift,350,testNotificationCategoriesSetup,swift,wiring,split-function,0.15
core/src/mobile_bridge.rs,2496,on_peer_identified,rust,wiring,handle-local-fallback,0.14
core/src/mobile_bridge.rs,5220,on_motion_changed,rust,wiring,channel-event,0.14
core/src/transport/swarm.rs,11229,extract_tcp_port_from_multiaddr_returns_udp_port,rust,wiring,validate-guard,0.14
core/src/transport/wifi_direct.rs,308,register_peer,rust,wiring,no-change,0.14
core/tests/integration_dial_policy.rs,373,test_dial_policy_prune_old_entries,rust,wiring,state-machine,0.14
core/tests/integration_ledger_seeding_hardening.rs,851,select_dialable_tcp_loopback,rust,wiring,validate-guard,0.14
core/tests/integration_local_mesh_node3.rs,985,test_l2cap_reassembly_manager_drop_reasons,rust,wiring,propagate-question,0.14
iOS/SCMessenger/SCMessenger/SCMessengerApp.swift,95,handleEnteringBackground,swift,wiring,split-function,0.14
core/src/iron_core.rs,2994,routing_current_discovery_phase,rust,wiring,propagate-question,0.13
core/src/store/contacts.rs,111,select_authoritative_nickname,rust,wiring,complete-match,0.13
iOS/SCMessenger/SCMessenger/Services/NotificationManager.swift,134,clearBadge,swift,wiring,result-type,0.13
iOS/SCMessenger/SCMessenger/Transport/BLEPeripheralManager.swift,160,subscribedCentralIds,swift,wiring,async-await,0.13
iOS/SCMessengerTests/NotificationVerificationTests.swift,630,testNotificationCategoryConfiguration,swift,wiring,no-change,0.13
wasm/src/daemon_bridge.rs,505,on_notification,rust,wiring,no-change,0.13
android/app/src/main/java/com/scmessenger/android/service/MeshForegroundService.kt,511,releaseWakeLock,kotlin,wiring,use-block,0.12
android/app/src/main/java/com/scmessenger/android/ui/viewmodels/ConversationsViewModel.kt,414,getContactForPeer,kotlin,wiring,result-sealed,0.12
android/app/src/main/java/com/scmessenger/android/ui/viewmodels/SettingsViewModel.kt,685,setNotifyDmRequestInForeground,kotlin,wiring,no-change,0.12
core/src/mobile_bridge.rs,5964,on_battery_changed,rust,wiring,channel-event,0.12
core/src/routing/optimized_engine.rs,529,test_negative_cache_integration,rust,wiring,propagate-question,0.12
core/tests/integration_ledger_convergence.rs,29,test_ledger_convergence_between_nodes,rust,wiring,channel-event,0.12
iOS/SCMessenger/SCMessenger/Transport/BLEPeripheralManager.swift,632,peripheralManagerIsReady,swift,wiring,guard-let,0.12
android/app/src/main/java/com/scmessenger/android/ui/viewmodels/SettingsViewModel.kt,677,setNotifyDmInForeground,kotlin,wiring,guard-early-return,0.11
core/tests/integration_wifi_aware.rs,10,on_network_changed,rust,wiring,no-change,0.11
iOS/SCMessenger/SCMessenger/Transport/BLEPeripheralManager.swift,422,beginAdvertising,swift,wiring,defer-cleanup,0.11
android/app/src/main/java/com/scmessenger/android/ui/viewmodels/ChatViewModel.kt,155,loadContact,kotlin,wiring,result-stdlib,0.1
core/src/mobile_bridge.rs,2024,dispatch_proximity_packet,rust,wiring,return-value,0.1
core/tests/integration_core_ffi_node1.rs,79,on_receipt_received,rust,wiring,handle-local-fallback,0.1
core/tests/integration_local_mesh_node3.rs,951,test_l2cap_reassembly_manager_crc32_and_multi_peer,rust,wiring,propagate-question,0.1
